ISO-10303-21;
HEADER;
/* Generated by software containing ST-Developer
 * from STEP Tools, Inc. (www.steptools.com) 
 */

FILE_DESCRIPTION(
/* description */ (''),
/* implementation_level */ '2;1');

FILE_NAME(
/* name */ 'FacePlate_BOV650.step',
/* time_stamp */ '2026-10-02T02:24:09+03:00',
/* author */ (''),
/* organization */ (''),
/* preprocessor_version */ 'ST-DEVELOPER v20.2',
/* originating_system */ 'Autodesk Translation Framework v15.15.0.0',
/* authorisation */ '');

FILE_SCHEMA (('AUTOMOTIVE_DESIGN { 1 0 10303 214 3 1 1 }'));
ENDSEC;

DATA;
#10=MECHANICAL_DESIGN_GEOMETRIC_PRESENTATION_REPRESENTATION('',(#13),#10221);
#11=SHAPE_REPRESENTATION_RELATIONSHIP('SRR','None',#10228,#12);
#12=ADVANCED_BREP_SHAPE_REPRESENTATION('',(#14),#10220);
#13=STYLED_ITEM('',(#10237),#14);
#14=MANIFOLD_SOLID_BREP('Body1',#5695);
#15=TOROIDAL_SURFACE('',#5861,1.00000000000003,0.5);
#16=TOROIDAL_SURFACE('',#5875,1.00000000000001,0.500000000000004);
#17=TOROIDAL_SURFACE('',#5906,6.,2.);
#18=TOROIDAL_SURFACE('',#5910,6.,2.);
#19=TOROIDAL_SURFACE('',#5915,6.,2.);
#20=TOROIDAL_SURFACE('',#5918,6.,2.);
#21=TOROIDAL_SURFACE('',#5952,3.4,0.6);
#22=TOROIDAL_SURFACE('',#5958,3.4,0.6);
#23=TOROIDAL_SURFACE('',#5963,3.4,0.6);
#24=TOROIDAL_SURFACE('',#5968,3.4,0.6);
#25=TOROIDAL_SURFACE('',#5978,6.,2.);
#26=TOROIDAL_SURFACE('',#5984,6.,2.);
#27=SPHERICAL_SURFACE('',#5850,0.5);
#28=CYLINDRICAL_SURFACE('',#5819,5.5);
#29=CYLINDRICAL_SURFACE('',#5828,5.5);
#30=CYLINDRICAL_SURFACE('',#5848,0.5);
#31=CYLINDRICAL_SURFACE('',#5853,0.5);
#32=CYLINDRICAL_SURFACE('',#5858,0.5);
#33=CYLINDRICAL_SURFACE('',#5866,0.5);
#34=CYLINDRICAL_SURFACE('',#5871,0.5);
#35=CYLINDRICAL_SURFACE('',#5880,0.5);
#36=CYLINDRICAL_SURFACE('',#5884,0.5);
#37=CYLINDRICAL_SURFACE('',#5889,0.5);
#38=CYLINDRICAL_SURFACE('',#5890,0.5);
#39=CYLINDRICAL_SURFACE('',#5892,0.5);
#40=CYLINDRICAL_SURFACE('',#5895,0.5);
#41=CYLINDRICAL_SURFACE('',#5898,0.5);
#42=CYLINDRICAL_SURFACE('',#5900,4.);
#43=CYLINDRICAL_SURFACE('',#5903,4.);
#44=CYLINDRICAL_SURFACE('',#5913,2.);
#45=CYLINDRICAL_SURFACE('',#5938,0.6);
#46=CYLINDRICAL_SURFACE('',#5941,0.6);
#47=CYLINDRICAL_SURFACE('',#5943,0.6);
#48=CYLINDRICAL_SURFACE('',#5945,0.6);
#49=CYLINDRICAL_SURFACE('',#5956,0.6);
#50=CYLINDRICAL_SURFACE('',#5961,0.6);
#51=CYLINDRICAL_SURFACE('',#5966,0.6);
#52=CYLINDRICAL_SURFACE('',#5971,0.6);
#53=CYLINDRICAL_SURFACE('',#5973,4.);
#54=CYLINDRICAL_SURFACE('',#5976,4.);
#55=CYLINDRICAL_SURFACE('',#5981,2.);
#56=CYLINDRICAL_SURFACE('',#5982,2.);
#57=CYLINDRICAL_SURFACE('',#5986,2.);
#58=CYLINDRICAL_SURFACE('',#5987,4.);
#59=CYLINDRICAL_SURFACE('',#5989,4.);
#60=CYLINDRICAL_SURFACE('',#5990,4.);
#61=CYLINDRICAL_SURFACE('',#5995,4.);
#62=CYLINDRICAL_SURFACE('',#5997,1.75);
#63=CYLINDRICAL_SURFACE('',#5999,6.5);
#64=CYLINDRICAL_SURFACE('',#6000,1.75);
#65=CYLINDRICAL_SURFACE('',#6001,1.75);
#66=CYLINDRICAL_SURFACE('',#6002,1.75);
#67=CYLINDRICAL_SURFACE('',#6003,1.75);
#68=CYLINDRICAL_SURFACE('',#6005,1.75);
#69=ELLIPSE('',#5800,1.62697871064548,0.5);
#70=ELLIPSE('',#5855,4.88309835504581,4.);
#71=ELLIPSE('',#5856,4.88309835504581,4.);
#72=ELLIPSE('',#5857,2.13635553033254,1.75);
#73=ELLIPSE('',#5860,0.589481718289284,0.5);
#74=ELLIPSE('',#5869,4.19795313933344,4.);
#75=ELLIPSE('',#5870,3.72462220366569,3.5);
#76=ELLIPSE('',#5873,4.19795313933344,4.);
#77=ELLIPSE('',#5874,3.72462220366569,3.5);
#78=ELLIPSE('',#5881,3.62346663143529,3.5);
#79=ELLIPSE('',#5883,4.10846813655954,4.);
#80=ELLIPSE('',#5887,4.10846813655954,4.);
#81=ELLIPSE('',#5888,3.62346663143529,3.5);
#82=ELLIPSE('',#5939,0.84852813742386,0.6);
#83=ELLIPSE('',#5940,0.84852813742386,0.6);
#84=ELLIPSE('',#5942,0.848528137423854,0.6);
#85=ELLIPSE('',#5944,0.848528137423854,0.6);
#86=ELLIPSE('',#5992,1.81173331571764,1.75);
#87=ELLIPSE('',#5993,1.81173331571764,1.75);
#88=CIRCLE('',#5794,6.5);
#89=CIRCLE('',#5795,7.);
#90=CIRCLE('',#5801,6.);
#91=CIRCLE('',#5802,6.);
#92=CIRCLE('',#5803,6.);
#93=CIRCLE('',#5804,6.);
#94=CIRCLE('',#5805,1.75);
#95=CIRCLE('',#5806,1.75);
#96=CIRCLE('',#5807,6.);
#97=CIRCLE('',#5808,6.);
#98=CIRCLE('',#5809,1.75);
#99=CIRCLE('',#5810,1.75);
#100=CIRCLE('',#5811,1.75);
#101=CIRCLE('',#5813,5.5);
#102=CIRCLE('',#5816,5.5);
#103=CIRCLE('',#5820,5.5);
#104=CIRCLE('',#5822,6.);
#105=CIRCLE('',#5823,5.5);
#106=CIRCLE('',#5826,6.);
#107=CIRCLE('',#5830,2.);
#108=CIRCLE('',#5831,2.);
#109=CIRCLE('',#5832,2.);
#110=CIRCLE('',#5833,2.);
#111=CIRCLE('',#5834,1.75);
#112=CIRCLE('',#5835,1.75);
#113=CIRCLE('',#5836,1.75);
#114=CIRCLE('',#5837,1.75);
#115=CIRCLE('',#5838,1.75);
#116=CIRCLE('',#5839,1.75);
#117=CIRCLE('',#5840,7.);
#118=CIRCLE('',#5844,6.5);
#119=CIRCLE('',#5847,0.499999999999999);
#120=CIRCLE('',#5849,0.500000000000001);
#121=CIRCLE('',#5851,0.499999999999999);
#122=CIRCLE('',#5852,0.500000000000001);
#123=CIRCLE('',#5859,0.5);
#124=CIRCLE('',#5862,0.499999999999998);
#125=CIRCLE('',#5863,0.499999999999998);
#126=CIRCLE('',#5864,1.00000000000008);
#127=CIRCLE('',#5865,0.5);
#128=CIRCLE('',#5867,0.499999999999993);
#129=CIRCLE('',#5868,0.500000000000002);
#130=CIRCLE('',#5872,0.500000000000003);
#131=CIRCLE('',#5876,0.5);
#132=CIRCLE('',#5877,0.499999999999998);
#133=CIRCLE('',#5878,1.00000000000005);
#134=CIRCLE('',#5879,0.500000000000004);
#135=CIRCLE('',#5882,0.500000000000004);
#136=CIRCLE('',#5885,0.500000000000003);
#137=CIRCLE('',#5886,0.500000000000003);
#138=CIRCLE('',#5891,0.500000000000005);
#139=CIRCLE('',#5893,0.5);
#140=CIRCLE('',#5894,0.5);
#141=CIRCLE('',#5896,0.500000000000004);
#142=CIRCLE('',#5897,0.5);
#143=CIRCLE('',#5899,0.5);
#144=CIRCLE('',#5901,4.);
#145=CIRCLE('',#5904,4.);
#146=CIRCLE('',#5907,2.);
#147=CIRCLE('',#5908,4.);
#148=CIRCLE('',#5909,2.);
#149=CIRCLE('',#5911,2.);
#150=CIRCLE('',#5912,4.);
#151=CIRCLE('',#5914,2.00000000000001);
#152=CIRCLE('',#5916,2.);
#153=CIRCLE('',#5917,4.);
#154=CIRCLE('',#5919,2.);
#155=CIRCLE('',#5920,4.);
#156=CIRCLE('',#5927,4.);
#157=CIRCLE('',#5930,4.);
#158=CIRCLE('',#5948,3.4);
#159=CIRCLE('',#5949,3.4);
#160=CIRCLE('',#5950,3.4);
#161=CIRCLE('',#5951,3.4);
#162=CIRCLE('',#5953,0.600000000000001);
#163=CIRCLE('',#5954,0.599999999999999);
#164=CIRCLE('',#5955,4.);
#165=CIRCLE('',#5957,0.599999999999999);
#166=CIRCLE('',#5959,0.599999999999999);
#167=CIRCLE('',#5960,4.);
#168=CIRCLE('',#5962,0.599999999999999);
#169=CIRCLE('',#5964,0.599999999999999);
#170=CIRCLE('',#5965,4.);
#171=CIRCLE('',#5967,0.599999999999999);
#172=CIRCLE('',#5969,0.599999999999999);
#173=CIRCLE('',#5970,4.);
#174=CIRCLE('',#5974,4.);
#175=CIRCLE('',#5977,4.);
#176=CIRCLE('',#5979,2.);
#177=CIRCLE('',#5980,2.);
#178=CIRCLE('',#5983,2.);
#179=CIRCLE('',#5985,2.);
#180=CONICAL_SURFACE('',#5793,6.75,0.785398163397447);
#181=CONICAL_SURFACE('',#5812,5.75,0.785398163397449);
#182=CONICAL_SURFACE('',#5815,5.75,0.785398163397449);
#183=CONICAL_SURFACE('',#5821,5.75,0.785398163397449);
#184=CONICAL_SURFACE('',#5825,5.75,0.785398163397449);
#185=CONICAL_SURFACE('',#5843,6.75,0.785398163397447);
#186=CONICAL_SURFACE('',#5922,3.,0.785398163397447);
#187=CONICAL_SURFACE('',#5924,3.,0.785398163397447);
#188=CONICAL_SURFACE('',#5926,3.,0.785398163397447);
#189=CONICAL_SURFACE('',#5929,3.,0.785398163397447);
#190=FACE_BOUND('',#977,.T.);
#191=FACE_BOUND('',#1013,.T.);
#192=FACE_BOUND('',#1040,.T.);
#193=FACE_BOUND('',#1079,.T.);
#194=FACE_BOUND('',#1139,.T.);
#195=FACE_BOUND('',#1161,.T.);
#196=FACE_BOUND('',#1162,.T.);
#197=FACE_BOUND('',#1163,.T.);
#198=FACE_BOUND('',#1164,.T.);
#199=FACE_BOUND('',#1165,.T.);
#200=FACE_BOUND('',#1178,.T.);
#201=FACE_BOUND('',#1179,.T.);
#202=FACE_BOUND('',#1180,.T.);
#203=FACE_BOUND('',#1181,.T.);
#204=FACE_BOUND('',#1182,.T.);
#205=FACE_BOUND('',#1183,.T.);
#206=FACE_BOUND('',#1184,.T.);
#207=FACE_BOUND('',#1185,.T.);
#208=FACE_BOUND('',#1186,.T.);
#209=FACE_BOUND('',#1187,.T.);
#210=FACE_BOUND('',#1188,.T.);
#211=FACE_BOUND('',#1189,.T.);
#212=FACE_BOUND('',#1190,.T.);
#213=FACE_BOUND('',#1191,.T.);
#214=FACE_BOUND('',#1192,.T.);
#215=FACE_BOUND('',#1193,.T.);
#216=FACE_BOUND('',#1194,.T.);
#217=FACE_BOUND('',#1195,.T.);
#218=FACE_BOUND('',#1196,.T.);
#219=FACE_BOUND('',#1197,.T.);
#220=FACE_BOUND('',#1259,.T.);
#221=FACE_BOUND('',#1282,.T.);
#222=FACE_BOUND('',#1283,.T.);
#223=B_SPLINE_CURVE_WITH_KNOTS('',2,(#7077,#7078,#7079),.UNSPECIFIED.,.F.,
 .F.,(3,3),(0.,1.),.UNSPECIFIED.);
#224=B_SPLINE_CURVE_WITH_KNOTS('',2,(#7082,#7083,#7084),.UNSPECIFIED.,.F.,
 .F.,(3,3),(0.,1.),.UNSPECIFIED.);
#225=B_SPLINE_CURVE_WITH_KNOTS('',2,(#7092,#7093,#7094),.UNSPECIFIED.,.F.,
 .F.,(3,3),(0.,1.),.UNSPECIFIED.);
#226=B_SPLINE_CURVE_WITH_KNOTS('',2,(#7097,#7098,#7099),.UNSPECIFIED.,.F.,
 .F.,(3,3),(0.,1.),.UNSPECIFIED.);
#227=B_SPLINE_CURVE_WITH_KNOTS('',2,(#7107,#7108,#7109),.UNSPECIFIED.,.F.,
 .F.,(3,3),(0.,1.),.UNSPECIFIED.);
#228=B_SPLINE_CURVE_WITH_KNOTS('',2,(#7112,#7113,#7114),.UNSPECIFIED.,.F.,
 .F.,(3,3),(0.,1.),.UNSPECIFIED.);
#229=B_SPLINE_CURVE_WITH_KNOTS('',2,(#7122,#7123,#7124),.UNSPECIFIED.,.F.,
 .F.,(3,3),(0.,1.),.UNSPECIFIED.);
#230=B_SPLINE_CURVE_WITH_KNOTS('',2,(#7127,#7128,#7129),.UNSPECIFIED.,.F.,
 .F.,(3,3),(0.,1.),.UNSPECIFIED.);
#231=B_SPLINE_CURVE_WITH_KNOTS('',2,(#7137,#7138,#7139),.UNSPECIFIED.,.F.,
 .F.,(3,3),(0.,1.),.UNSPECIFIED.);
#232=B_SPLINE_CURVE_WITH_KNOTS('',2,(#7142,#7143,#7144),.UNSPECIFIED.,.F.,
 .F.,(3,3),(0.,1.),.UNSPECIFIED.);
#233=B_SPLINE_CURVE_WITH_KNOTS('',2,(#7170,#7171,#7172),.UNSPECIFIED.,.F.,
 .F.,(3,3),(0.,1.),.UNSPECIFIED.);
#234=B_SPLINE_CURVE_WITH_KNOTS('',2,(#7175,#7176,#7177),.UNSPECIFIED.,.F.,
 .F.,(3,3),(0.,1.),.UNSPECIFIED.);
#235=B_SPLINE_CURVE_WITH_KNOTS('',2,(#7185,#7186,#7187),.UNSPECIFIED.,.F.,
 .F.,(3,3),(0.,1.),.UNSPECIFIED.);
#236=B_SPLINE_CURVE_WITH_KNOTS('',2,(#7190,#7191,#7192),.UNSPECIFIED.,.F.,
 .F.,(3,3),(0.,1.),.UNSPECIFIED.);
#237=B_SPLINE_CURVE_WITH_KNOTS('',2,(#7200,#7201,#7202),.UNSPECIFIED.,.F.,
 .F.,(3,3),(0.,1.),.UNSPECIFIED.);
#238=B_SPLINE_CURVE_WITH_KNOTS('',2,(#7205,#7206,#7207),.UNSPECIFIED.,.F.,
 .F.,(3,3),(0.,1.),.UNSPECIFIED.);
#239=B_SPLINE_CURVE_WITH_KNOTS('',2,(#7215,#7216,#7217),.UNSPECIFIED.,.F.,
 .F.,(3,3),(0.,1.),.UNSPECIFIED.);
#240=B_SPLINE_CURVE_WITH_KNOTS('',2,(#7220,#7221,#7222),.UNSPECIFIED.,.F.,
 .F.,(3,3),(0.,1.),.UNSPECIFIED.);
#241=B_SPLINE_CURVE_WITH_KNOTS('',2,(#7253,#7254,#7255),.UNSPECIFIED.,.F.,
 .F.,(3,3),(0.,1.),.UNSPECIFIED.);
#242=B_SPLINE_CURVE_WITH_KNOTS('',2,(#7259,#7260,#7261),.UNSPECIFIED.,.F.,
 .F.,(3,3),(0.,1.),.UNSPECIFIED.);
#243=B_SPLINE_CURVE_WITH_KNOTS('',2,(#7270,#7271,#7272),.UNSPECIFIED.,.F.,
 .F.,(3,3),(0.,1.),.UNSPECIFIED.);
#244=B_SPLINE_CURVE_WITH_KNOTS('',2,(#7275,#7276,#7277),.UNSPECIFIED.,.F.,
 .F.,(3,3),(0.,1.),.UNSPECIFIED.);
#245=B_SPLINE_CURVE_WITH_KNOTS('',2,(#7358,#7359,#7360),.UNSPECIFIED.,.F.,
 .F.,(3,3),(0.,1.),.UNSPECIFIED.);
#246=B_SPLINE_CURVE_WITH_KNOTS('',2,(#7363,#7364,#7365),.UNSPECIFIED.,.F.,
 .F.,(3,3),(0.,1.),.UNSPECIFIED.);
#247=B_SPLINE_CURVE_WITH_KNOTS('',2,(#7373,#7374,#7375),.UNSPECIFIED.,.F.,
 .F.,(3,3),(0.,1.),.UNSPECIFIED.);
#248=B_SPLINE_CURVE_WITH_KNOTS('',2,(#7378,#7379,#7380),.UNSPECIFIED.,.F.,
 .F.,(3,3),(0.,1.),.UNSPECIFIED.);
#249=B_SPLINE_CURVE_WITH_KNOTS('',2,(#7388,#7389,#7390),.UNSPECIFIED.,.F.,
 .F.,(3,3),(0.,1.),.UNSPECIFIED.);
#250=B_SPLINE_CURVE_WITH_KNOTS('',2,(#7393,#7394,#7395),.UNSPECIFIED.,.F.,
 .F.,(3,3),(0.,1.),.UNSPECIFIED.);
#251=B_SPLINE_CURVE_WITH_KNOTS('',2,(#7403,#7404,#7405),.UNSPECIFIED.,.F.,
 .F.,(3,3),(0.,1.),.UNSPECIFIED.);
#252=B_SPLINE_CURVE_WITH_KNOTS('',2,(#7408,#7409,#7410),.UNSPECIFIED.,.F.,
 .F.,(3,3),(0.,1.),.UNSPECIFIED.);
#253=B_SPLINE_CURVE_WITH_KNOTS('',2,(#7424,#7425,#7426),.UNSPECIFIED.,.F.,
 .F.,(3,3),(0.,1.),.UNSPECIFIED.);
#254=B_SPLINE_CURVE_WITH_KNOTS('',2,(#7429,#7430,#7431),.UNSPECIFIED.,.F.,
 .F.,(3,3),(0.,1.),.UNSPECIFIED.);
#255=B_SPLINE_CURVE_WITH_KNOTS('',2,(#7439,#7440,#7441),.UNSPECIFIED.,.F.,
 .F.,(3,3),(0.,1.),.UNSPECIFIED.);
#256=B_SPLINE_CURVE_WITH_KNOTS('',2,(#7444,#7445,#7446),.UNSPECIFIED.,.F.,
 .F.,(3,3),(0.,1.),.UNSPECIFIED.);
#257=B_SPLINE_CURVE_WITH_KNOTS('',2,(#7454,#7455,#7456),.UNSPECIFIED.,.F.,
 .F.,(3,3),(0.,1.),.UNSPECIFIED.);
#258=B_SPLINE_CURVE_WITH_KNOTS('',2,(#7459,#7460,#7461),.UNSPECIFIED.,.F.,
 .F.,(3,3),(0.,1.),.UNSPECIFIED.);
#259=B_SPLINE_CURVE_WITH_KNOTS('',2,(#7492,#7493,#7494),.UNSPECIFIED.,.F.,
 .F.,(3,3),(0.,1.),.UNSPECIFIED.);
#260=B_SPLINE_CURVE_WITH_KNOTS('',2,(#7498,#7499,#7500),.UNSPECIFIED.,.F.,
 .F.,(3,3),(0.,1.),.UNSPECIFIED.);
#261=B_SPLINE_CURVE_WITH_KNOTS('',2,(#7509,#7510,#7511),.UNSPECIFIED.,.F.,
 .F.,(3,3),(0.,1.),.UNSPECIFIED.);
#262=B_SPLINE_CURVE_WITH_KNOTS('',2,(#7514,#7515,#7516),.UNSPECIFIED.,.F.,
 .F.,(3,3),(0.,1.),.UNSPECIFIED.);
#263=B_SPLINE_CURVE_WITH_KNOTS('',2,(#7524,#7525,#7526),.UNSPECIFIED.,.F.,
 .F.,(3,3),(0.,1.),.UNSPECIFIED.);
#264=B_SPLINE_CURVE_WITH_KNOTS('',2,(#7529,#7530,#7531),.UNSPECIFIED.,.F.,
 .F.,(3,3),(0.,1.),.UNSPECIFIED.);
#265=B_SPLINE_CURVE_WITH_KNOTS('',2,(#7544,#7545,#7546),.UNSPECIFIED.,.F.,
 .F.,(3,3),(0.,1.),.UNSPECIFIED.);
#266=B_SPLINE_CURVE_WITH_KNOTS('',2,(#7547,#7548,#7549),.UNSPECIFIED.,.F.,
 .F.,(3,3),(0.,1.),.UNSPECIFIED.);
#267=B_SPLINE_CURVE_WITH_KNOTS('',2,(#7558,#7559,#7560),.UNSPECIFIED.,.F.,
 .F.,(3,3),(0.,1.),.UNSPECIFIED.);
#268=B_SPLINE_CURVE_WITH_KNOTS('',2,(#7564,#7565,#7566),.UNSPECIFIED.,.F.,
 .F.,(3,3),(0.,1.),.UNSPECIFIED.);
#269=B_SPLINE_CURVE_WITH_KNOTS('',2,(#7575,#7576,#7577),.UNSPECIFIED.,.F.,
 .F.,(3,3),(0.,1.),.UNSPECIFIED.);
#270=B_SPLINE_CURVE_WITH_KNOTS('',2,(#7580,#7581,#7582),.UNSPECIFIED.,.F.,
 .F.,(3,3),(0.,1.),.UNSPECIFIED.);
#271=B_SPLINE_CURVE_WITH_KNOTS('',2,(#7590,#7591,#7592),.UNSPECIFIED.,.F.,
 .F.,(3,3),(0.,1.),.UNSPECIFIED.);
#272=B_SPLINE_CURVE_WITH_KNOTS('',2,(#7595,#7596,#7597),.UNSPECIFIED.,.F.,
 .F.,(3,3),(0.,1.),.UNSPECIFIED.);
#273=B_SPLINE_CURVE_WITH_KNOTS('',2,(#7611,#7612,#7613),.UNSPECIFIED.,.F.,
 .F.,(3,3),(0.,1.),.UNSPECIFIED.);
#274=B_SPLINE_CURVE_WITH_KNOTS('',2,(#7616,#7617,#7618),.UNSPECIFIED.,.F.,
 .F.,(3,3),(0.,1.),.UNSPECIFIED.);
#275=B_SPLINE_CURVE_WITH_KNOTS('',2,(#7626,#7627,#7628),.UNSPECIFIED.,.F.,
 .F.,(3,3),(0.,1.),.UNSPECIFIED.);
#276=B_SPLINE_CURVE_WITH_KNOTS('',2,(#7631,#7632,#7633),.UNSPECIFIED.,.F.,
 .F.,(3,3),(0.,1.),.UNSPECIFIED.);
#277=B_SPLINE_CURVE_WITH_KNOTS('',2,(#7641,#7642,#7643),.UNSPECIFIED.,.F.,
 .F.,(3,3),(0.,1.),.UNSPECIFIED.);
#278=B_SPLINE_CURVE_WITH_KNOTS('',2,(#7646,#7647,#7648),.UNSPECIFIED.,.F.,
 .F.,(3,3),(0.,1.),.UNSPECIFIED.);
#279=B_SPLINE_CURVE_WITH_KNOTS('',2,(#7656,#7657,#7658),.UNSPECIFIED.,.F.,
 .F.,(3,3),(0.,1.),.UNSPECIFIED.);
#280=B_SPLINE_CURVE_WITH_KNOTS('',2,(#7661,#7662,#7663),.UNSPECIFIED.,.F.,
 .F.,(3,3),(0.,1.),.UNSPECIFIED.);
#281=B_SPLINE_CURVE_WITH_KNOTS('',2,(#7671,#7672,#7673),.UNSPECIFIED.,.F.,
 .F.,(3,3),(0.,1.),.UNSPECIFIED.);
#282=B_SPLINE_CURVE_WITH_KNOTS('',2,(#7676,#7677,#7678),.UNSPECIFIED.,.F.,
 .F.,(3,3),(0.,1.),.UNSPECIFIED.);
#283=B_SPLINE_CURVE_WITH_KNOTS('',2,(#7686,#7687,#7688),.UNSPECIFIED.,.F.,
 .F.,(3,3),(0.,1.),.UNSPECIFIED.);
#284=B_SPLINE_CURVE_WITH_KNOTS('',2,(#7691,#7692,#7693),.UNSPECIFIED.,.F.,
 .F.,(3,3),(0.,1.),.UNSPECIFIED.);
#285=B_SPLINE_CURVE_WITH_KNOTS('',2,(#7701,#7702,#7703),.UNSPECIFIED.,.F.,
 .F.,(3,3),(0.,1.),.UNSPECIFIED.);
#286=B_SPLINE_CURVE_WITH_KNOTS('',2,(#7706,#7707,#7708),.UNSPECIFIED.,.F.,
 .F.,(3,3),(0.,1.),.UNSPECIFIED.);
#287=B_SPLINE_CURVE_WITH_KNOTS('',2,(#7716,#7717,#7718),.UNSPECIFIED.,.F.,
 .F.,(3,3),(0.,1.),.UNSPECIFIED.);
#288=B_SPLINE_CURVE_WITH_KNOTS('',2,(#7721,#7722,#7723),.UNSPECIFIED.,.F.,
 .F.,(3,3),(0.,1.),.UNSPECIFIED.);
#289=B_SPLINE_CURVE_WITH_KNOTS('',2,(#7731,#7732,#7733),.UNSPECIFIED.,.F.,
 .F.,(3,3),(0.,1.),.UNSPECIFIED.);
#290=B_SPLINE_CURVE_WITH_KNOTS('',2,(#7736,#7737,#7738),.UNSPECIFIED.,.F.,
 .F.,(3,3),(0.,1.),.UNSPECIFIED.);
#291=B_SPLINE_CURVE_WITH_KNOTS('',2,(#7751,#7752,#7753),.UNSPECIFIED.,.F.,
 .F.,(3,3),(0.,1.),.UNSPECIFIED.);
#292=B_SPLINE_CURVE_WITH_KNOTS('',2,(#7754,#7755,#7756),.UNSPECIFIED.,.F.,
 .F.,(3,3),(0.,1.),.UNSPECIFIED.);
#293=B_SPLINE_CURVE_WITH_KNOTS('',2,(#7791,#7792,#7793),.UNSPECIFIED.,.F.,
 .F.,(3,3),(0.,1.),.UNSPECIFIED.);
#294=B_SPLINE_CURVE_WITH_KNOTS('',2,(#7797,#7798,#7799),.UNSPECIFIED.,.F.,
 .F.,(3,3),(0.,1.),.UNSPECIFIED.);
#295=B_SPLINE_CURVE_WITH_KNOTS('',2,(#7808,#7809,#7810),.UNSPECIFIED.,.F.,
 .F.,(3,3),(0.,1.),.UNSPECIFIED.);
#296=B_SPLINE_CURVE_WITH_KNOTS('',2,(#7813,#7814,#7815),.UNSPECIFIED.,.F.,
 .F.,(3,3),(0.,1.),.UNSPECIFIED.);
#297=B_SPLINE_CURVE_WITH_KNOTS('',2,(#7823,#7824,#7825),.UNSPECIFIED.,.F.,
 .F.,(3,3),(0.,1.),.UNSPECIFIED.);
#298=B_SPLINE_CURVE_WITH_KNOTS('',2,(#7828,#7829,#7830),.UNSPECIFIED.,.F.,
 .F.,(3,3),(0.,1.),.UNSPECIFIED.);
#299=B_SPLINE_CURVE_WITH_KNOTS('',2,(#7843,#7844,#7845),.UNSPECIFIED.,.F.,
 .F.,(3,3),(0.,1.),.UNSPECIFIED.);
#300=B_SPLINE_CURVE_WITH_KNOTS('',2,(#7846,#7847,#7848),.UNSPECIFIED.,.F.,
 .F.,(3,3),(0.,1.),.UNSPECIFIED.);
#301=B_SPLINE_CURVE_WITH_KNOTS('',2,(#7857,#7858,#7859),.UNSPECIFIED.,.F.,
 .F.,(3,3),(0.,1.),.UNSPECIFIED.);
#302=B_SPLINE_CURVE_WITH_KNOTS('',2,(#7863,#7864,#7865),.UNSPECIFIED.,.F.,
 .F.,(3,3),(0.,1.),.UNSPECIFIED.);
#303=B_SPLINE_CURVE_WITH_KNOTS('',2,(#7874,#7875,#7876),.UNSPECIFIED.,.F.,
 .F.,(3,3),(0.,1.),.UNSPECIFIED.);
#304=B_SPLINE_CURVE_WITH_KNOTS('',2,(#7879,#7880,#7881),.UNSPECIFIED.,.F.,
 .F.,(3,3),(0.,1.),.UNSPECIFIED.);
#305=B_SPLINE_CURVE_WITH_KNOTS('',2,(#7889,#7890,#7891),.UNSPECIFIED.,.F.,
 .F.,(3,3),(0.,1.),.UNSPECIFIED.);
#306=B_SPLINE_CURVE_WITH_KNOTS('',2,(#7894,#7895,#7896),.UNSPECIFIED.,.F.,
 .F.,(3,3),(0.,1.),.UNSPECIFIED.);
#307=B_SPLINE_CURVE_WITH_KNOTS('',2,(#7910,#7911,#7912),.UNSPECIFIED.,.F.,
 .F.,(3,3),(0.,1.),.UNSPECIFIED.);
#308=B_SPLINE_CURVE_WITH_KNOTS('',2,(#7915,#7916,#7917),.UNSPECIFIED.,.F.,
 .F.,(3,3),(0.,1.),.UNSPECIFIED.);
#309=B_SPLINE_CURVE_WITH_KNOTS('',2,(#7925,#7926,#7927),.UNSPECIFIED.,.F.,
 .F.,(3,3),(0.,1.),.UNSPECIFIED.);
#310=B_SPLINE_CURVE_WITH_KNOTS('',2,(#7930,#7931,#7932),.UNSPECIFIED.,.F.,
 .F.,(3,3),(0.,1.),.UNSPECIFIED.);
#311=B_SPLINE_CURVE_WITH_KNOTS('',2,(#7940,#7941,#7942),.UNSPECIFIED.,.F.,
 .F.,(3,3),(0.,1.),.UNSPECIFIED.);
#312=B_SPLINE_CURVE_WITH_KNOTS('',2,(#7945,#7946,#7947),.UNSPECIFIED.,.F.,
 .F.,(3,3),(0.,1.),.UNSPECIFIED.);
#313=B_SPLINE_CURVE_WITH_KNOTS('',2,(#7955,#7956,#7957),.UNSPECIFIED.,.F.,
 .F.,(3,3),(0.,1.),.UNSPECIFIED.);
#314=B_SPLINE_CURVE_WITH_KNOTS('',2,(#7960,#7961,#7962),.UNSPECIFIED.,.F.,
 .F.,(3,3),(0.,1.),.UNSPECIFIED.);
#315=B_SPLINE_CURVE_WITH_KNOTS('',2,(#7970,#7971,#7972),.UNSPECIFIED.,.F.,
 .F.,(3,3),(0.,1.),.UNSPECIFIED.);
#316=B_SPLINE_CURVE_WITH_KNOTS('',2,(#7975,#7976,#7977),.UNSPECIFIED.,.F.,
 .F.,(3,3),(0.,1.),.UNSPECIFIED.);
#317=B_SPLINE_CURVE_WITH_KNOTS('',2,(#7985,#7986,#7987),.UNSPECIFIED.,.F.,
 .F.,(3,3),(0.,1.),.UNSPECIFIED.);
#318=B_SPLINE_CURVE_WITH_KNOTS('',2,(#7990,#7991,#7992),.UNSPECIFIED.,.F.,
 .F.,(3,3),(0.,1.),.UNSPECIFIED.);
#319=B_SPLINE_CURVE_WITH_KNOTS('',2,(#8000,#8001,#8002),.UNSPECIFIED.,.F.,
 .F.,(3,3),(0.,1.),.UNSPECIFIED.);
#320=B_SPLINE_CURVE_WITH_KNOTS('',2,(#8005,#8006,#8007),.UNSPECIFIED.,.F.,
 .F.,(3,3),(0.,1.),.UNSPECIFIED.);
#321=B_SPLINE_CURVE_WITH_KNOTS('',2,(#8015,#8016,#8017),.UNSPECIFIED.,.F.,
 .F.,(3,3),(0.,1.),.UNSPECIFIED.);
#322=B_SPLINE_CURVE_WITH_KNOTS('',2,(#8020,#8021,#8022),.UNSPECIFIED.,.F.,
 .F.,(3,3),(0.,1.),.UNSPECIFIED.);
#323=B_SPLINE_CURVE_WITH_KNOTS('',2,(#8030,#8031,#8032),.UNSPECIFIED.,.F.,
 .F.,(3,3),(0.,1.),.UNSPECIFIED.);
#324=B_SPLINE_CURVE_WITH_KNOTS('',2,(#8035,#8036,#8037),.UNSPECIFIED.,.F.,
 .F.,(3,3),(0.,1.),.UNSPECIFIED.);
#325=B_SPLINE_CURVE_WITH_KNOTS('',2,(#8050,#8051,#8052),.UNSPECIFIED.,.F.,
 .F.,(3,3),(0.,1.),.UNSPECIFIED.);
#326=B_SPLINE_CURVE_WITH_KNOTS('',2,(#8053,#8054,#8055),.UNSPECIFIED.,.F.,
 .F.,(3,3),(0.,1.),.UNSPECIFIED.);
#327=B_SPLINE_CURVE_WITH_KNOTS('',2,(#8065,#8066,#8067),.UNSPECIFIED.,.F.,
 .F.,(3,3),(0.,1.),.UNSPECIFIED.);
#328=B_SPLINE_CURVE_WITH_KNOTS('',2,(#8071,#8072,#8073),.UNSPECIFIED.,.F.,
 .F.,(3,3),(0.,1.),.UNSPECIFIED.);
#329=B_SPLINE_CURVE_WITH_KNOTS('',2,(#8082,#8083,#8084),.UNSPECIFIED.,.F.,
 .F.,(3,3),(0.,1.),.UNSPECIFIED.);
#330=B_SPLINE_CURVE_WITH_KNOTS('',2,(#8087,#8088,#8089),.UNSPECIFIED.,.F.,
 .F.,(3,3),(0.,1.),.UNSPECIFIED.);
#331=B_SPLINE_CURVE_WITH_KNOTS('',2,(#8097,#8098,#8099),.UNSPECIFIED.,.F.,
 .F.,(3,3),(0.,1.),.UNSPECIFIED.);
#332=B_SPLINE_CURVE_WITH_KNOTS('',2,(#8102,#8103,#8104),.UNSPECIFIED.,.F.,
 .F.,(3,3),(0.,1.),.UNSPECIFIED.);
#333=B_SPLINE_CURVE_WITH_KNOTS('',2,(#8112,#8113,#8114),.UNSPECIFIED.,.F.,
 .F.,(3,3),(0.,1.),.UNSPECIFIED.);
#334=B_SPLINE_CURVE_WITH_KNOTS('',2,(#8117,#8118,#8119),.UNSPECIFIED.,.F.,
 .F.,(3,3),(0.,1.),.UNSPECIFIED.);
#335=B_SPLINE_CURVE_WITH_KNOTS('',2,(#8127,#8128,#8129),.UNSPECIFIED.,.F.,
 .F.,(3,3),(0.,1.),.UNSPECIFIED.);
#336=B_SPLINE_CURVE_WITH_KNOTS('',2,(#8132,#8133,#8134),.UNSPECIFIED.,.F.,
 .F.,(3,3),(0.,1.),.UNSPECIFIED.);
#337=B_SPLINE_CURVE_WITH_KNOTS('',2,(#8142,#8143,#8144),.UNSPECIFIED.,.F.,
 .F.,(3,3),(0.,1.),.UNSPECIFIED.);
#338=B_SPLINE_CURVE_WITH_KNOTS('',2,(#8147,#8148,#8149),.UNSPECIFIED.,.F.,
 .F.,(3,3),(0.,1.),.UNSPECIFIED.);
#339=B_SPLINE_CURVE_WITH_KNOTS('',2,(#8157,#8158,#8159),.UNSPECIFIED.,.F.,
 .F.,(3,3),(0.,1.),.UNSPECIFIED.);
#340=B_SPLINE_CURVE_WITH_KNOTS('',2,(#8162,#8163,#8164),.UNSPECIFIED.,.F.,
 .F.,(3,3),(0.,1.),.UNSPECIFIED.);
#341=B_SPLINE_CURVE_WITH_KNOTS('',2,(#8172,#8173,#8174),.UNSPECIFIED.,.F.,
 .F.,(3,3),(0.,1.),.UNSPECIFIED.);
#342=B_SPLINE_CURVE_WITH_KNOTS('',2,(#8177,#8178,#8179),.UNSPECIFIED.,.F.,
 .F.,(3,3),(0.,1.),.UNSPECIFIED.);
#343=B_SPLINE_CURVE_WITH_KNOTS('',2,(#8187,#8188,#8189),.UNSPECIFIED.,.F.,
 .F.,(3,3),(0.,1.),.UNSPECIFIED.);
#344=B_SPLINE_CURVE_WITH_KNOTS('',2,(#8192,#8193,#8194),.UNSPECIFIED.,.F.,
 .F.,(3,3),(0.,1.),.UNSPECIFIED.);
#345=B_SPLINE_CURVE_WITH_KNOTS('',2,(#8214,#8215,#8216),.UNSPECIFIED.,.F.,
 .F.,(3,3),(0.,1.),.UNSPECIFIED.);
#346=B_SPLINE_CURVE_WITH_KNOTS('',2,(#8219,#8220,#8221),.UNSPECIFIED.,.F.,
 .F.,(3,3),(0.,1.),.UNSPECIFIED.);
#347=B_SPLINE_CURVE_WITH_KNOTS('',2,(#8229,#8230,#8231),.UNSPECIFIED.,.F.,
 .F.,(3,3),(0.,1.),.UNSPECIFIED.);
#348=B_SPLINE_CURVE_WITH_KNOTS('',2,(#8234,#8235,#8236),.UNSPECIFIED.,.F.,
 .F.,(3,3),(0.,1.),.UNSPECIFIED.);
#349=B_SPLINE_CURVE_WITH_KNOTS('',2,(#8250,#8251,#8252),.UNSPECIFIED.,.F.,
 .F.,(3,3),(0.,1.),.UNSPECIFIED.);
#350=B_SPLINE_CURVE_WITH_KNOTS('',2,(#8255,#8256,#8257),.UNSPECIFIED.,.F.,
 .F.,(3,3),(0.,1.),.UNSPECIFIED.);
#351=B_SPLINE_CURVE_WITH_KNOTS('',2,(#8265,#8266,#8267),.UNSPECIFIED.,.F.,
 .F.,(3,3),(0.,1.),.UNSPECIFIED.);
#352=B_SPLINE_CURVE_WITH_KNOTS('',2,(#8270,#8271,#8272),.UNSPECIFIED.,.F.,
 .F.,(3,3),(0.,1.),.UNSPECIFIED.);
#353=B_SPLINE_CURVE_WITH_KNOTS('',2,(#8280,#8281,#8282),.UNSPECIFIED.,.F.,
 .F.,(3,3),(0.,1.),.UNSPECIFIED.);
#354=B_SPLINE_CURVE_WITH_KNOTS('',2,(#8285,#8286,#8287),.UNSPECIFIED.,.F.,
 .F.,(3,3),(0.,1.),.UNSPECIFIED.);
#355=B_SPLINE_CURVE_WITH_KNOTS('',2,(#8295,#8296,#8297),.UNSPECIFIED.,.F.,
 .F.,(3,3),(0.,1.),.UNSPECIFIED.);
#356=B_SPLINE_CURVE_WITH_KNOTS('',2,(#8300,#8301,#8302),.UNSPECIFIED.,.F.,
 .F.,(3,3),(0.,1.),.UNSPECIFIED.);
#357=B_SPLINE_CURVE_WITH_KNOTS('',2,(#8310,#8311,#8312),.UNSPECIFIED.,.F.,
 .F.,(3,3),(0.,1.),.UNSPECIFIED.);
#358=B_SPLINE_CURVE_WITH_KNOTS('',2,(#8315,#8316,#8317),.UNSPECIFIED.,.F.,
 .F.,(3,3),(0.,1.),.UNSPECIFIED.);
#359=B_SPLINE_CURVE_WITH_KNOTS('',2,(#8325,#8326,#8327),.UNSPECIFIED.,.F.,
 .F.,(3,3),(0.,1.),.UNSPECIFIED.);
#360=B_SPLINE_CURVE_WITH_KNOTS('',2,(#8330,#8331,#8332),.UNSPECIFIED.,.F.,
 .F.,(3,3),(0.,1.),.UNSPECIFIED.);
#361=B_SPLINE_CURVE_WITH_KNOTS('',2,(#8340,#8341,#8342),.UNSPECIFIED.,.F.,
 .F.,(3,3),(0.,1.),.UNSPECIFIED.);
#362=B_SPLINE_CURVE_WITH_KNOTS('',2,(#8345,#8346,#8347),.UNSPECIFIED.,.F.,
 .F.,(3,3),(0.,1.),.UNSPECIFIED.);
#363=B_SPLINE_CURVE_WITH_KNOTS('',2,(#8361,#8362,#8363),.UNSPECIFIED.,.F.,
 .F.,(3,3),(0.,1.),.UNSPECIFIED.);
#364=B_SPLINE_CURVE_WITH_KNOTS('',2,(#8366,#8367,#8368),.UNSPECIFIED.,.F.,
 .F.,(3,3),(0.,1.),.UNSPECIFIED.);
#365=B_SPLINE_CURVE_WITH_KNOTS('',2,(#8376,#8377,#8378),.UNSPECIFIED.,.F.,
 .F.,(3,3),(0.,1.),.UNSPECIFIED.);
#366=B_SPLINE_CURVE_WITH_KNOTS('',2,(#8381,#8382,#8383),.UNSPECIFIED.,.F.,
 .F.,(3,3),(0.,1.),.UNSPECIFIED.);
#367=B_SPLINE_CURVE_WITH_KNOTS('',2,(#8391,#8392,#8393),.UNSPECIFIED.,.F.,
 .F.,(3,3),(0.,1.),.UNSPECIFIED.);
#368=B_SPLINE_CURVE_WITH_KNOTS('',2,(#8396,#8397,#8398),.UNSPECIFIED.,.F.,
 .F.,(3,3),(0.,1.),.UNSPECIFIED.);
#369=B_SPLINE_CURVE_WITH_KNOTS('',2,(#8406,#8407,#8408),.UNSPECIFIED.,.F.,
 .F.,(3,3),(0.,1.),.UNSPECIFIED.);
#370=B_SPLINE_CURVE_WITH_KNOTS('',2,(#8411,#8412,#8413),.UNSPECIFIED.,.F.,
 .F.,(3,3),(0.,1.),.UNSPECIFIED.);
#371=B_SPLINE_CURVE_WITH_KNOTS('',2,(#8421,#8422,#8423),.UNSPECIFIED.,.F.,
 .F.,(3,3),(0.,1.),.UNSPECIFIED.);
#372=B_SPLINE_CURVE_WITH_KNOTS('',2,(#8426,#8427,#8428),.UNSPECIFIED.,.F.,
 .F.,(3,3),(0.,1.),.UNSPECIFIED.);
#373=B_SPLINE_CURVE_WITH_KNOTS('',2,(#8436,#8437,#8438),.UNSPECIFIED.,.F.,
 .F.,(3,3),(0.,1.),.UNSPECIFIED.);
#374=B_SPLINE_CURVE_WITH_KNOTS('',2,(#8441,#8442,#8443),.UNSPECIFIED.,.F.,
 .F.,(3,3),(0.,1.),.UNSPECIFIED.);
#375=B_SPLINE_CURVE_WITH_KNOTS('',2,(#8451,#8452,#8453),.UNSPECIFIED.,.F.,
 .F.,(3,3),(0.,1.),.UNSPECIFIED.);
#376=B_SPLINE_CURVE_WITH_KNOTS('',2,(#8456,#8457,#8458),.UNSPECIFIED.,.F.,
 .F.,(3,3),(0.,1.),.UNSPECIFIED.);
#377=B_SPLINE_CURVE_WITH_KNOTS('',2,(#8466,#8467,#8468),.UNSPECIFIED.,.F.,
 .F.,(3,3),(0.,1.),.UNSPECIFIED.);
#378=B_SPLINE_CURVE_WITH_KNOTS('',2,(#8471,#8472,#8473),.UNSPECIFIED.,.F.,
 .F.,(3,3),(0.,1.),.UNSPECIFIED.);
#379=B_SPLINE_CURVE_WITH_KNOTS('',2,(#8481,#8482,#8483),.UNSPECIFIED.,.F.,
 .F.,(3,3),(0.,1.),.UNSPECIFIED.);
#380=B_SPLINE_CURVE_WITH_KNOTS('',2,(#8486,#8487,#8488),.UNSPECIFIED.,.F.,
 .F.,(3,3),(0.,1.),.UNSPECIFIED.);
#381=B_SPLINE_CURVE_WITH_KNOTS('',2,(#8496,#8497,#8498),.UNSPECIFIED.,.F.,
 .F.,(3,3),(0.,1.),.UNSPECIFIED.);
#382=B_SPLINE_CURVE_WITH_KNOTS('',2,(#8501,#8502,#8503),.UNSPECIFIED.,.F.,
 .F.,(3,3),(0.,1.),.UNSPECIFIED.);
#383=B_SPLINE_CURVE_WITH_KNOTS('',2,(#8511,#8512,#8513),.UNSPECIFIED.,.F.,
 .F.,(3,3),(0.,1.),.UNSPECIFIED.);
#384=B_SPLINE_CURVE_WITH_KNOTS('',2,(#8516,#8517,#8518),.UNSPECIFIED.,.F.,
 .F.,(3,3),(0.,1.),.UNSPECIFIED.);
#385=B_SPLINE_CURVE_WITH_KNOTS('',2,(#8526,#8527,#8528),.UNSPECIFIED.,.F.,
 .F.,(3,3),(0.,1.),.UNSPECIFIED.);
#386=B_SPLINE_CURVE_WITH_KNOTS('',2,(#8531,#8532,#8533),.UNSPECIFIED.,.F.,
 .F.,(3,3),(0.,1.),.UNSPECIFIED.);
#387=B_SPLINE_CURVE_WITH_KNOTS('',2,(#8541,#8542,#8543),.UNSPECIFIED.,.F.,
 .F.,(3,3),(0.,1.),.UNSPECIFIED.);
#388=B_SPLINE_CURVE_WITH_KNOTS('',2,(#8546,#8547,#8548),.UNSPECIFIED.,.F.,
 .F.,(3,3),(0.,1.),.UNSPECIFIED.);
#389=B_SPLINE_CURVE_WITH_KNOTS('',2,(#8556,#8557,#8558),.UNSPECIFIED.,.F.,
 .F.,(3,3),(0.,1.),.UNSPECIFIED.);
#390=B_SPLINE_CURVE_WITH_KNOTS('',2,(#8561,#8562,#8563),.UNSPECIFIED.,.F.,
 .F.,(3,3),(0.,1.),.UNSPECIFIED.);
#391=B_SPLINE_CURVE_WITH_KNOTS('',2,(#8570,#8571,#8572),.UNSPECIFIED.,.F.,
 .F.,(3,3),(0.,1.),.UNSPECIFIED.);
#392=B_SPLINE_CURVE_WITH_KNOTS('',2,(#8573,#8574,#8575),.UNSPECIFIED.,.F.,
 .F.,(3,3),(0.,1.),.UNSPECIFIED.);
#393=B_SPLINE_CURVE_WITH_KNOTS('',2,(#8593,#8594,#8595),.UNSPECIFIED.,.F.,
 .F.,(3,3),(0.,1.),.UNSPECIFIED.);
#394=B_SPLINE_CURVE_WITH_KNOTS('',2,(#8598,#8599,#8600),.UNSPECIFIED.,.F.,
 .F.,(3,3),(0.,1.),.UNSPECIFIED.);
#395=B_SPLINE_CURVE_WITH_KNOTS('',2,(#8608,#8609,#8610),.UNSPECIFIED.,.F.,
 .F.,(3,3),(0.,1.),.UNSPECIFIED.);
#396=B_SPLINE_CURVE_WITH_KNOTS('',2,(#8613,#8614,#8615),.UNSPECIFIED.,.F.,
 .F.,(3,3),(0.,1.),.UNSPECIFIED.);
#397=B_SPLINE_CURVE_WITH_KNOTS('',2,(#8623,#8624,#8625),.UNSPECIFIED.,.F.,
 .F.,(3,3),(0.,1.),.UNSPECIFIED.);
#398=B_SPLINE_CURVE_WITH_KNOTS('',2,(#8628,#8629,#8630),.UNSPECIFIED.,.F.,
 .F.,(3,3),(0.,1.),.UNSPECIFIED.);
#399=B_SPLINE_CURVE_WITH_KNOTS('',2,(#8638,#8639,#8640),.UNSPECIFIED.,.F.,
 .F.,(3,3),(0.,1.),.UNSPECIFIED.);
#400=B_SPLINE_CURVE_WITH_KNOTS('',2,(#8643,#8644,#8645),.UNSPECIFIED.,.F.,
 .F.,(3,3),(0.,1.),.UNSPECIFIED.);
#401=B_SPLINE_CURVE_WITH_KNOTS('',2,(#8653,#8654,#8655),.UNSPECIFIED.,.F.,
 .F.,(3,3),(0.,1.),.UNSPECIFIED.);
#402=B_SPLINE_CURVE_WITH_KNOTS('',2,(#8658,#8659,#8660),.UNSPECIFIED.,.F.,
 .F.,(3,3),(0.,1.),.UNSPECIFIED.);
#403=B_SPLINE_CURVE_WITH_KNOTS('',2,(#8686,#8687,#8688),.UNSPECIFIED.,.F.,
 .F.,(3,3),(0.,1.),.UNSPECIFIED.);
#404=B_SPLINE_CURVE_WITH_KNOTS('',2,(#8691,#8692,#8693),.UNSPECIFIED.,.F.,
 .F.,(3,3),(0.,1.),.UNSPECIFIED.);
#405=B_SPLINE_CURVE_WITH_KNOTS('',2,(#8701,#8702,#8703),.UNSPECIFIED.,.F.,
 .F.,(3,3),(0.,1.),.UNSPECIFIED.);
#406=B_SPLINE_CURVE_WITH_KNOTS('',2,(#8706,#8707,#8708),.UNSPECIFIED.,.F.,
 .F.,(3,3),(0.,1.),.UNSPECIFIED.);
#407=B_SPLINE_CURVE_WITH_KNOTS('',2,(#8716,#8717,#8718),.UNSPECIFIED.,.F.,
 .F.,(3,3),(0.,1.),.UNSPECIFIED.);
#408=B_SPLINE_CURVE_WITH_KNOTS('',2,(#8721,#8722,#8723),.UNSPECIFIED.,.F.,
 .F.,(3,3),(0.,1.),.UNSPECIFIED.);
#409=B_SPLINE_CURVE_WITH_KNOTS('',2,(#8731,#8732,#8733),.UNSPECIFIED.,.F.,
 .F.,(3,3),(0.,1.),.UNSPECIFIED.);
#410=B_SPLINE_CURVE_WITH_KNOTS('',2,(#8736,#8737,#8738),.UNSPECIFIED.,.F.,
 .F.,(3,3),(0.,1.),.UNSPECIFIED.);
#411=B_SPLINE_CURVE_WITH_KNOTS('',2,(#8746,#8747,#8748),.UNSPECIFIED.,.F.,
 .F.,(3,3),(0.,1.),.UNSPECIFIED.);
#412=B_SPLINE_CURVE_WITH_KNOTS('',2,(#8751,#8752,#8753),.UNSPECIFIED.,.F.,
 .F.,(3,3),(0.,1.),.UNSPECIFIED.);
#413=B_SPLINE_CURVE_WITH_KNOTS('',2,(#8792,#8793,#8794),.UNSPECIFIED.,.F.,
 .F.,(3,3),(0.,1.),.UNSPECIFIED.);
#414=B_SPLINE_CURVE_WITH_KNOTS('',2,(#8797,#8798,#8799),.UNSPECIFIED.,.F.,
 .F.,(3,3),(0.,1.),.UNSPECIFIED.);
#415=B_SPLINE_CURVE_WITH_KNOTS('',2,(#8807,#8808,#8809),.UNSPECIFIED.,.F.,
 .F.,(3,3),(0.,1.),.UNSPECIFIED.);
#416=B_SPLINE_CURVE_WITH_KNOTS('',2,(#8812,#8813,#8814),.UNSPECIFIED.,.F.,
 .F.,(3,3),(0.,1.),.UNSPECIFIED.);
#417=B_SPLINE_CURVE_WITH_KNOTS('',2,(#8822,#8823,#8824),.UNSPECIFIED.,.F.,
 .F.,(3,3),(0.,1.),.UNSPECIFIED.);
#418=B_SPLINE_CURVE_WITH_KNOTS('',2,(#8827,#8828,#8829),.UNSPECIFIED.,.F.,
 .F.,(3,3),(0.,1.),.UNSPECIFIED.);
#419=B_SPLINE_CURVE_WITH_KNOTS('',2,(#8837,#8838,#8839),.UNSPECIFIED.,.F.,
 .F.,(3,3),(0.,1.),.UNSPECIFIED.);
#420=B_SPLINE_CURVE_WITH_KNOTS('',2,(#8842,#8843,#8844),.UNSPECIFIED.,.F.,
 .F.,(3,3),(0.,1.),.UNSPECIFIED.);
#421=B_SPLINE_CURVE_WITH_KNOTS('',2,(#8852,#8853,#8854),.UNSPECIFIED.,.F.,
 .F.,(3,3),(0.,1.),.UNSPECIFIED.);
#422=B_SPLINE_CURVE_WITH_KNOTS('',2,(#8857,#8858,#8859),.UNSPECIFIED.,.F.,
 .F.,(3,3),(0.,1.),.UNSPECIFIED.);
#423=B_SPLINE_CURVE_WITH_KNOTS('',2,(#8885,#8886,#8887),.UNSPECIFIED.,.F.,
 .F.,(3,3),(0.,1.),.UNSPECIFIED.);
#424=B_SPLINE_CURVE_WITH_KNOTS('',2,(#8890,#8891,#8892),.UNSPECIFIED.,.F.,
 .F.,(3,3),(0.,1.),.UNSPECIFIED.);
#425=B_SPLINE_CURVE_WITH_KNOTS('',2,(#8900,#8901,#8902),.UNSPECIFIED.,.F.,
 .F.,(3,3),(0.,1.),.UNSPECIFIED.);
#426=B_SPLINE_CURVE_WITH_KNOTS('',2,(#8905,#8906,#8907),.UNSPECIFIED.,.F.,
 .F.,(3,3),(0.,1.),.UNSPECIFIED.);
#427=B_SPLINE_CURVE_WITH_KNOTS('',2,(#8915,#8916,#8917),.UNSPECIFIED.,.F.,
 .F.,(3,3),(0.,1.),.UNSPECIFIED.);
#428=B_SPLINE_CURVE_WITH_KNOTS('',2,(#8920,#8921,#8922),.UNSPECIFIED.,.F.,
 .F.,(3,3),(0.,1.),.UNSPECIFIED.);
#429=B_SPLINE_CURVE_WITH_KNOTS('',2,(#8930,#8931,#8932),.UNSPECIFIED.,.F.,
 .F.,(3,3),(0.,1.),.UNSPECIFIED.);
#430=B_SPLINE_CURVE_WITH_KNOTS('',2,(#8935,#8936,#8937),.UNSPECIFIED.,.F.,
 .F.,(3,3),(0.,1.),.UNSPECIFIED.);
#431=B_SPLINE_CURVE_WITH_KNOTS('',2,(#8945,#8946,#8947),.UNSPECIFIED.,.F.,
 .F.,(3,3),(0.,1.),.UNSPECIFIED.);
#432=B_SPLINE_CURVE_WITH_KNOTS('',2,(#8950,#8951,#8952),.UNSPECIFIED.,.F.,
 .F.,(3,3),(0.,1.),.UNSPECIFIED.);
#433=B_SPLINE_CURVE_WITH_KNOTS('',2,(#8983,#8984,#8985),.UNSPECIFIED.,.F.,
 .F.,(3,3),(0.,1.),.UNSPECIFIED.);
#434=B_SPLINE_CURVE_WITH_KNOTS('',2,(#8989,#8990,#8991),.UNSPECIFIED.,.F.,
 .F.,(3,3),(0.,1.),.UNSPECIFIED.);
#435=B_SPLINE_CURVE_WITH_KNOTS('',2,(#9000,#9001,#9002),.UNSPECIFIED.,.F.,
 .F.,(3,3),(0.,1.),.UNSPECIFIED.);
#436=B_SPLINE_CURVE_WITH_KNOTS('',2,(#9005,#9006,#9007),.UNSPECIFIED.,.F.,
 .F.,(3,3),(0.,1.),.UNSPECIFIED.);
#437=B_SPLINE_CURVE_WITH_KNOTS('',2,(#9015,#9016,#9017),.UNSPECIFIED.,.F.,
 .F.,(3,3),(0.,1.),.UNSPECIFIED.);
#438=B_SPLINE_CURVE_WITH_KNOTS('',2,(#9020,#9021,#9022),.UNSPECIFIED.,.F.,
 .F.,(3,3),(0.,1.),.UNSPECIFIED.);
#439=B_SPLINE_CURVE_WITH_KNOTS('',2,(#9035,#9036,#9037),.UNSPECIFIED.,.F.,
 .F.,(3,3),(0.,1.),.UNSPECIFIED.);
#440=B_SPLINE_CURVE_WITH_KNOTS('',2,(#9038,#9039,#9040),.UNSPECIFIED.,.F.,
 .F.,(3,3),(0.,1.),.UNSPECIFIED.);
#441=B_SPLINE_CURVE_WITH_KNOTS('',2,(#9049,#9050,#9051),.UNSPECIFIED.,.F.,
 .F.,(3,3),(0.,1.),.UNSPECIFIED.);
#442=B_SPLINE_CURVE_WITH_KNOTS('',2,(#9055,#9056,#9057),.UNSPECIFIED.,.F.,
 .F.,(3,3),(0.,1.),.UNSPECIFIED.);
#443=B_SPLINE_CURVE_WITH_KNOTS('',2,(#9066,#9067,#9068),.UNSPECIFIED.,.F.,
 .F.,(3,3),(0.,1.),.UNSPECIFIED.);
#444=B_SPLINE_CURVE_WITH_KNOTS('',2,(#9071,#9072,#9073),.UNSPECIFIED.,.F.,
 .F.,(3,3),(0.,1.),.UNSPECIFIED.);
#445=B_SPLINE_CURVE_WITH_KNOTS('',2,(#9081,#9082,#9083),.UNSPECIFIED.,.F.,
 .F.,(3,3),(0.,1.),.UNSPECIFIED.);
#446=B_SPLINE_CURVE_WITH_KNOTS('',2,(#9086,#9087,#9088),.UNSPECIFIED.,.F.,
 .F.,(3,3),(0.,1.),.UNSPECIFIED.);
#447=B_SPLINE_CURVE_WITH_KNOTS('',2,(#9102,#9103,#9104),.UNSPECIFIED.,.F.,
 .F.,(3,3),(0.,1.),.UNSPECIFIED.);
#448=B_SPLINE_CURVE_WITH_KNOTS('',2,(#9107,#9108,#9109),.UNSPECIFIED.,.F.,
 .F.,(3,3),(0.,1.),.UNSPECIFIED.);
#449=B_SPLINE_CURVE_WITH_KNOTS('',2,(#9117,#9118,#9119),.UNSPECIFIED.,.F.,
 .F.,(3,3),(0.,1.),.UNSPECIFIED.);
#450=B_SPLINE_CURVE_WITH_KNOTS('',2,(#9122,#9123,#9124),.UNSPECIFIED.,.F.,
 .F.,(3,3),(0.,1.),.UNSPECIFIED.);
#451=B_SPLINE_CURVE_WITH_KNOTS('',2,(#9132,#9133,#9134),.UNSPECIFIED.,.F.,
 .F.,(3,3),(0.,1.),.UNSPECIFIED.);
#452=B_SPLINE_CURVE_WITH_KNOTS('',2,(#9137,#9138,#9139),.UNSPECIFIED.,.F.,
 .F.,(3,3),(0.,1.),.UNSPECIFIED.);
#453=B_SPLINE_CURVE_WITH_KNOTS('',2,(#9147,#9148,#9149),.UNSPECIFIED.,.F.,
 .F.,(3,3),(0.,1.),.UNSPECIFIED.);
#454=B_SPLINE_CURVE_WITH_KNOTS('',2,(#9152,#9153,#9154),.UNSPECIFIED.,.F.,
 .F.,(3,3),(0.,1.),.UNSPECIFIED.);
#455=B_SPLINE_CURVE_WITH_KNOTS('',2,(#9162,#9163,#9164),.UNSPECIFIED.,.F.,
 .F.,(3,3),(0.,1.),.UNSPECIFIED.);
#456=B_SPLINE_CURVE_WITH_KNOTS('',2,(#9167,#9168,#9169),.UNSPECIFIED.,.F.,
 .F.,(3,3),(0.,1.),.UNSPECIFIED.);
#457=B_SPLINE_CURVE_WITH_KNOTS('',2,(#9177,#9178,#9179),.UNSPECIFIED.,.F.,
 .F.,(3,3),(0.,1.),.UNSPECIFIED.);
#458=B_SPLINE_CURVE_WITH_KNOTS('',2,(#9182,#9183,#9184),.UNSPECIFIED.,.F.,
 .F.,(3,3),(0.,1.),.UNSPECIFIED.);
#459=B_SPLINE_CURVE_WITH_KNOTS('',2,(#9192,#9193,#9194),.UNSPECIFIED.,.F.,
 .F.,(3,3),(0.,1.),.UNSPECIFIED.);
#460=B_SPLINE_CURVE_WITH_KNOTS('',2,(#9197,#9198,#9199),.UNSPECIFIED.,.F.,
 .F.,(3,3),(0.,1.),.UNSPECIFIED.);
#461=B_SPLINE_CURVE_WITH_KNOTS('',2,(#9207,#9208,#9209),.UNSPECIFIED.,.F.,
 .F.,(3,3),(0.,1.),.UNSPECIFIED.);
#462=B_SPLINE_CURVE_WITH_KNOTS('',2,(#9212,#9213,#9214),.UNSPECIFIED.,.F.,
 .F.,(3,3),(0.,1.),.UNSPECIFIED.);
#463=B_SPLINE_CURVE_WITH_KNOTS('',2,(#9222,#9223,#9224),.UNSPECIFIED.,.F.,
 .F.,(3,3),(0.,1.),.UNSPECIFIED.);
#464=B_SPLINE_CURVE_WITH_KNOTS('',2,(#9227,#9228,#9229),.UNSPECIFIED.,.F.,
 .F.,(3,3),(0.,1.),.UNSPECIFIED.);
#465=B_SPLINE_CURVE_WITH_KNOTS('',2,(#9242,#9243,#9244),.UNSPECIFIED.,.F.,
 .F.,(3,3),(0.,1.),.UNSPECIFIED.);
#466=B_SPLINE_CURVE_WITH_KNOTS('',2,(#9245,#9246,#9247),.UNSPECIFIED.,.F.,
 .F.,(3,3),(0.,1.),.UNSPECIFIED.);
#467=B_SPLINE_CURVE_WITH_KNOTS('',3,(#9316,#9317,#9318,#9319),
 .UNSPECIFIED.,.F.,.F.,(4,4),(-0.0890989440246533,0.),.UNSPECIFIED.);
#468=B_SPLINE_CURVE_WITH_KNOTS('',3,(#9326,#9327,#9328,#9329),
 .UNSPECIFIED.,.F.,.F.,(4,4),(-0.0890989440246663,0.),.UNSPECIFIED.);
#469=B_SPLINE_CURVE_WITH_KNOTS('',3,(#9394,#9395,#9396,#9397),
 .UNSPECIFIED.,.F.,.F.,(4,4),(-0.0714659298721783,0.),.UNSPECIFIED.);
#470=B_SPLINE_CURVE_WITH_KNOTS('',3,(#9398,#9399,#9400,#9401),
 .UNSPECIFIED.,.F.,.F.,(4,4),(-0.0714665072195885,0.),.UNSPECIFIED.);
#471=B_SPLINE_CURVE_WITH_KNOTS('',3,(#9404,#9405,#9406,#9407),
 .UNSPECIFIED.,.F.,.F.,(4,4),(-0.071466507219629,0.),.UNSPECIFIED.);
#472=B_SPLINE_CURVE_WITH_KNOTS('',3,(#9412,#9413,#9414,#9415),
 .UNSPECIFIED.,.F.,.F.,(4,4),(-0.0714665072189308,0.),.UNSPECIFIED.);
#473=B_SPLINE_CURVE_WITH_KNOTS('',3,(#9433,#9434,#9435,#9436),
 .UNSPECIFIED.,.F.,.F.,(4,4),(-0.0714665072195809,0.),.UNSPECIFIED.);
#474=B_SPLINE_CURVE_WITH_KNOTS('',3,(#9438,#9439,#9440,#9441),
 .UNSPECIFIED.,.F.,.F.,(4,4),(-0.0714665072189268,0.),.UNSPECIFIED.);
#475=B_SPLINE_CURVE_WITH_KNOTS('',3,(#9445,#9446,#9447,#9448),
 .UNSPECIFIED.,.F.,.F.,(4,4),(-0.0714665072196532,0.),.UNSPECIFIED.);
#476=B_SPLINE_CURVE_WITH_KNOTS('',3,(#9453,#9454,#9455,#9456),
 .UNSPECIFIED.,.F.,.F.,(4,4),(-0.0714665072189369,0.),.UNSPECIFIED.);
#477=B_SPLINE_CURVE_WITH_KNOTS('',3,(#9510,#9511,#9512,#9513),
 .UNSPECIFIED.,.F.,.F.,(4,4),(-0.0890989440246567,0.),.UNSPECIFIED.);
#478=B_SPLINE_CURVE_WITH_KNOTS('',3,(#9516,#9517,#9518,#9519),
 .UNSPECIFIED.,.F.,.F.,(4,4),(-0.0890989440246616,0.),.UNSPECIFIED.);
#479=B_SPLINE_CURVE_WITH_KNOTS('',3,(#9557,#9558,#9559,#9560,#9561,#9562,
#9563,#9564,#9565,#9566),.UNSPECIFIED.,.F.,.F.,(4,2,2,2,4),(-0.00114876009715563,
0.,0.141697143032034,0.201703450010892,0.238149032785814),.UNSPECIFIED.);
#480=B_SPLINE_CURVE_WITH_KNOTS('',3,(#9568,#9569,#9570,#9571),
 .UNSPECIFIED.,.F.,.F.,(4,4),(0.285152819775592,0.346293368564686),
 .UNSPECIFIED.);
#481=B_SPLINE_CURVE_WITH_KNOTS('',3,(#9574,#9575,#9576,#9577,#9578),
 .UNSPECIFIED.,.F.,.F.,(4,1,4),(-0.346293368564686,-0.148411442346356,2.31739203316227E-9),
 .UNSPECIFIED.);
#482=B_SPLINE_CURVE_WITH_KNOTS('',3,(#9591,#9592,#9593,#9594,#9595,#9596),
 .UNSPECIFIED.,.F.,.F.,(4,2,4),(0.051773433760569,0.0626081207393262,0.0863641976143826),
 .UNSPECIFIED.);
#483=B_SPLINE_CURVE_WITH_KNOTS('',3,(#9605,#9606,#9607,#9608),
 .UNSPECIFIED.,.F.,.F.,(4,4),(0.,0.0552604096932902),.UNSPECIFIED.);
#484=B_SPLINE_CURVE_WITH_KNOTS('',3,(#9654,#9655,#9656,#9657,#9658,#9659,
#9660,#9661,#9662,#9663),.UNSPECIFIED.,.F.,.F.,(4,2,2,2,4),(0.,0.0402304774736102,
0.106176470455191,0.267044966962834,0.268293850424387),.UNSPECIFIED.);
#485=B_SPLINE_CURVE_WITH_KNOTS('',3,(#9664,#9665,#9666,#9667,#9668,#9669),
 .UNSPECIFIED.,.F.,.F.,(4,1,1,4),(-0.345241455488788,-0.246601039634848,
-0.147960623780909,0.),.UNSPECIFIED.);
#486=B_SPLINE_CURVE_WITH_KNOTS('',3,(#9886,#9887,#9888,#9889,#9890,#9891),
 .UNSPECIFIED.,.F.,.F.,(4,1,1,4),(-0.354606965784727,-0.30394882781548,
-0.202632551876987,0.),.UNSPECIFIED.);
#487=B_SPLINE_CURVE_WITH_KNOTS('',3,(#9894,#9895,#9896,#9897,#9898,#9899),
 .UNSPECIFIED.,.F.,.F.,(4,1,1,4),(0.,0.202632551876987,0.30394882781548,
0.354606965784727),.UNSPECIFIED.);
#488=B_SPLINE_CURVE_WITH_KNOTS('',3,(#9931,#9932,#9933,#9934,#9935,#9936),
 .UNSPECIFIED.,.F.,.F.,(4,1,1,4),(-0.354621501426551,-0.151980643468522,
-0.101320428979015,0.),.UNSPECIFIED.);
#489=B_SPLINE_CURVE_WITH_KNOTS('',3,(#9939,#9940,#9941,#9942,#9943,#9944),
 .UNSPECIFIED.,.F.,.F.,(4,1,1,4),(0.,0.101320428979015,0.151980643468522,
0.354621501426551),.UNSPECIFIED.);
#490=B_SPLINE_CURVE_WITH_KNOTS('',3,(#9961,#9962,#9963,#9964),
 .UNSPECIFIED.,.F.,.F.,(4,4),(-0.0131974243230033,-9.14585611990566E-30),
 .UNSPECIFIED.);
#491=B_SPLINE_CURVE_WITH_KNOTS('',3,(#9965,#9966,#9967,#9968),
 .UNSPECIFIED.,.F.,.F.,(4,4),(9.14585611990566E-30,0.0131974243230033),
 .UNSPECIFIED.);
#492=B_SPLINE_CURVE_WITH_KNOTS('',3,(#9989,#9990,#9991,#9992),
 .UNSPECIFIED.,.F.,.F.,(4,4),(-0.0131974243230023,0.),.UNSPECIFIED.);
#493=B_SPLINE_CURVE_WITH_KNOTS('',3,(#9993,#9994,#9995,#9996),
 .UNSPECIFIED.,.F.,.F.,(4,4),(0.,0.0131974243230023),.UNSPECIFIED.);
#494=B_SPLINE_SURFACE_WITH_KNOTS('',2,1,((#7070,#7071),(#7072,#7073),(#7074,
#7075)),.UNSPECIFIED.,.F.,.F.,.F.,(3,3),(2,2),(0.,1.),(0.,0.04),
 .UNSPECIFIED.);
#495=B_SPLINE_SURFACE_WITH_KNOTS('',2,1,((#7085,#7086),(#7087,#7088),(#7089,
#7090)),.UNSPECIFIED.,.F.,.F.,.F.,(3,3),(2,2),(0.,1.),(0.,0.04),
 .UNSPECIFIED.);
#496=B_SPLINE_SURFACE_WITH_KNOTS('',2,1,((#7100,#7101),(#7102,#7103),(#7104,
#7105)),.UNSPECIFIED.,.F.,.F.,.F.,(3,3),(2,2),(0.,1.),(0.,0.04),
 .UNSPECIFIED.);
#497=B_SPLINE_SURFACE_WITH_KNOTS('',2,1,((#7115,#7116),(#7117,#7118),(#7119,
#7120)),.UNSPECIFIED.,.F.,.F.,.F.,(3,3),(2,2),(0.,1.),(0.,0.04),
 .UNSPECIFIED.);
#498=B_SPLINE_SURFACE_WITH_KNOTS('',2,1,((#7130,#7131),(#7132,#7133),(#7134,
#7135)),.UNSPECIFIED.,.F.,.F.,.F.,(3,3),(2,2),(0.,1.),(0.,0.04),
 .UNSPECIFIED.);
#499=B_SPLINE_SURFACE_WITH_KNOTS('',2,1,((#7163,#7164),(#7165,#7166),(#7167,
#7168)),.UNSPECIFIED.,.F.,.F.,.F.,(3,3),(2,2),(0.,1.),(0.,0.04),
 .UNSPECIFIED.);
#500=B_SPLINE_SURFACE_WITH_KNOTS('',2,1,((#7178,#7179),(#7180,#7181),(#7182,
#7183)),.UNSPECIFIED.,.F.,.F.,.F.,(3,3),(2,2),(0.,1.),(0.,0.04),
 .UNSPECIFIED.);
#501=B_SPLINE_SURFACE_WITH_KNOTS('',2,1,((#7193,#7194),(#7195,#7196),(#7197,
#7198)),.UNSPECIFIED.,.F.,.F.,.F.,(3,3),(2,2),(0.,1.),(0.,0.04),
 .UNSPECIFIED.);
#502=B_SPLINE_SURFACE_WITH_KNOTS('',2,1,((#7208,#7209),(#7210,#7211),(#7212,
#7213)),.UNSPECIFIED.,.F.,.F.,.F.,(3,3),(2,2),(0.,1.),(0.,0.04),
 .UNSPECIFIED.);
#503=B_SPLINE_SURFACE_WITH_KNOTS('',2,1,((#7245,#7246),(#7247,#7248),(#7249,
#7250)),.UNSPECIFIED.,.F.,.F.,.F.,(3,3),(2,2),(0.,1.),(0.,0.04),
 .UNSPECIFIED.);
#504=B_SPLINE_SURFACE_WITH_KNOTS('',2,1,((#7263,#7264),(#7265,#7266),(#7267,
#7268)),.UNSPECIFIED.,.F.,.F.,.F.,(3,3),(2,2),(0.,1.),(0.,0.04),
 .UNSPECIFIED.);
#505=B_SPLINE_SURFACE_WITH_KNOTS('',2,1,((#7351,#7352),(#7353,#7354),(#7355,
#7356)),.UNSPECIFIED.,.F.,.F.,.F.,(3,3),(2,2),(0.,1.),(0.,0.04),
 .UNSPECIFIED.);
#506=B_SPLINE_SURFACE_WITH_KNOTS('',2,1,((#7366,#7367),(#7368,#7369),(#7370,
#7371)),.UNSPECIFIED.,.F.,.F.,.F.,(3,3),(2,2),(0.,1.),(0.,0.04),
 .UNSPECIFIED.);
#507=B_SPLINE_SURFACE_WITH_KNOTS('',2,1,((#7381,#7382),(#7383,#7384),(#7385,
#7386)),.UNSPECIFIED.,.F.,.F.,.F.,(3,3),(2,2),(0.,1.),(0.,0.04),
 .UNSPECIFIED.);
#508=B_SPLINE_SURFACE_WITH_KNOTS('',2,1,((#7396,#7397),(#7398,#7399),(#7400,
#7401)),.UNSPECIFIED.,.F.,.F.,.F.,(3,3),(2,2),(0.,1.),(0.,0.04),
 .UNSPECIFIED.);
#509=B_SPLINE_SURFACE_WITH_KNOTS('',2,1,((#7417,#7418),(#7419,#7420),(#7421,
#7422)),.UNSPECIFIED.,.F.,.F.,.F.,(3,3),(2,2),(0.,1.),(0.,0.04),
 .UNSPECIFIED.);
#510=B_SPLINE_SURFACE_WITH_KNOTS('',2,1,((#7432,#7433),(#7434,#7435),(#7436,
#7437)),.UNSPECIFIED.,.F.,.F.,.F.,(3,3),(2,2),(0.,1.),(0.,0.04),
 .UNSPECIFIED.);
#511=B_SPLINE_SURFACE_WITH_KNOTS('',2,1,((#7447,#7448),(#7449,#7450),(#7451,
#7452)),.UNSPECIFIED.,.F.,.F.,.F.,(3,3),(2,2),(0.,1.),(0.,0.04),
 .UNSPECIFIED.);
#512=B_SPLINE_SURFACE_WITH_KNOTS('',2,1,((#7484,#7485),(#7486,#7487),(#7488,
#7489)),.UNSPECIFIED.,.F.,.F.,.F.,(3,3),(2,2),(0.,1.),(0.,0.04),
 .UNSPECIFIED.);
#513=B_SPLINE_SURFACE_WITH_KNOTS('',2,1,((#7502,#7503),(#7504,#7505),(#7506,
#7507)),.UNSPECIFIED.,.F.,.F.,.F.,(3,3),(2,2),(0.,1.),(0.,0.04),
 .UNSPECIFIED.);
#514=B_SPLINE_SURFACE_WITH_KNOTS('',2,1,((#7517,#7518),(#7519,#7520),(#7521,
#7522)),.UNSPECIFIED.,.F.,.F.,.F.,(3,3),(2,2),(0.,1.),(0.,0.04),
 .UNSPECIFIED.);
#515=B_SPLINE_SURFACE_WITH_KNOTS('',2,1,((#7538,#7539),(#7540,#7541),(#7542,
#7543)),.UNSPECIFIED.,.F.,.F.,.F.,(3,3),(2,2),(0.,1.),(0.,0.04),
 .UNSPECIFIED.);
#516=B_SPLINE_SURFACE_WITH_KNOTS('',2,1,((#7550,#7551),(#7552,#7553),(#7554,
#7555)),.UNSPECIFIED.,.F.,.F.,.F.,(3,3),(2,2),(0.,1.),(0.,0.04),
 .UNSPECIFIED.);
#517=B_SPLINE_SURFACE_WITH_KNOTS('',2,1,((#7568,#7569),(#7570,#7571),(#7572,
#7573)),.UNSPECIFIED.,.F.,.F.,.F.,(3,3),(2,2),(0.,1.),(0.,0.04),
 .UNSPECIFIED.);
#518=B_SPLINE_SURFACE_WITH_KNOTS('',2,1,((#7583,#7584),(#7585,#7586),(#7587,
#7588)),.UNSPECIFIED.,.F.,.F.,.F.,(3,3),(2,2),(0.,1.),(0.,0.04),
 .UNSPECIFIED.);
#519=B_SPLINE_SURFACE_WITH_KNOTS('',2,1,((#7604,#7605),(#7606,#7607),(#7608,
#7609)),.UNSPECIFIED.,.F.,.F.,.F.,(3,3),(2,2),(0.,1.),(0.,0.04),
 .UNSPECIFIED.);
#520=B_SPLINE_SURFACE_WITH_KNOTS('',2,1,((#7619,#7620),(#7621,#7622),(#7623,
#7624)),.UNSPECIFIED.,.F.,.F.,.F.,(3,3),(2,2),(0.,1.),(0.,0.04),
 .UNSPECIFIED.);
#521=B_SPLINE_SURFACE_WITH_KNOTS('',2,1,((#7634,#7635),(#7636,#7637),(#7638,
#7639)),.UNSPECIFIED.,.F.,.F.,.F.,(3,3),(2,2),(0.,1.),(0.,0.04),
 .UNSPECIFIED.);
#522=B_SPLINE_SURFACE_WITH_KNOTS('',2,1,((#7649,#7650),(#7651,#7652),(#7653,
#7654)),.UNSPECIFIED.,.F.,.F.,.F.,(3,3),(2,2),(0.,1.),(0.,0.04),
 .UNSPECIFIED.);
#523=B_SPLINE_SURFACE_WITH_KNOTS('',2,1,((#7664,#7665),(#7666,#7667),(#7668,
#7669)),.UNSPECIFIED.,.F.,.F.,.F.,(3,3),(2,2),(0.,1.),(0.,0.04),
 .UNSPECIFIED.);
#524=B_SPLINE_SURFACE_WITH_KNOTS('',2,1,((#7679,#7680),(#7681,#7682),(#7683,
#7684)),.UNSPECIFIED.,.F.,.F.,.F.,(3,3),(2,2),(0.,1.),(0.,0.04),
 .UNSPECIFIED.);
#525=B_SPLINE_SURFACE_WITH_KNOTS('',2,1,((#7694,#7695),(#7696,#7697),(#7698,
#7699)),.UNSPECIFIED.,.F.,.F.,.F.,(3,3),(2,2),(0.,1.),(0.,0.04),
 .UNSPECIFIED.);
#526=B_SPLINE_SURFACE_WITH_KNOTS('',2,1,((#7709,#7710),(#7711,#7712),(#7713,
#7714)),.UNSPECIFIED.,.F.,.F.,.F.,(3,3),(2,2),(0.,1.),(0.,0.04),
 .UNSPECIFIED.);
#527=B_SPLINE_SURFACE_WITH_KNOTS('',2,1,((#7724,#7725),(#7726,#7727),(#7728,
#7729)),.UNSPECIFIED.,.F.,.F.,.F.,(3,3),(2,2),(0.,1.),(0.,0.04),
 .UNSPECIFIED.);
#528=B_SPLINE_SURFACE_WITH_KNOTS('',2,1,((#7745,#7746),(#7747,#7748),(#7749,
#7750)),.UNSPECIFIED.,.F.,.F.,.F.,(3,3),(2,2),(0.,1.),(0.,0.04),
 .UNSPECIFIED.);
#529=B_SPLINE_SURFACE_WITH_KNOTS('',2,1,((#7783,#7784),(#7785,#7786),(#7787,
#7788)),.UNSPECIFIED.,.F.,.F.,.F.,(3,3),(2,2),(0.,1.),(0.,0.04),
 .UNSPECIFIED.);
#530=B_SPLINE_SURFACE_WITH_KNOTS('',2,1,((#7801,#7802),(#7803,#7804),(#7805,
#7806)),.UNSPECIFIED.,.F.,.F.,.F.,(3,3),(2,2),(0.,1.),(0.,0.04),
 .UNSPECIFIED.);
#531=B_SPLINE_SURFACE_WITH_KNOTS('',2,1,((#7816,#7817),(#7818,#7819),(#7820,
#7821)),.UNSPECIFIED.,.F.,.F.,.F.,(3,3),(2,2),(0.,1.),(0.,0.04),
 .UNSPECIFIED.);
#532=B_SPLINE_SURFACE_WITH_KNOTS('',2,1,((#7837,#7838),(#7839,#7840),(#7841,
#7842)),.UNSPECIFIED.,.F.,.F.,.F.,(3,3),(2,2),(0.,1.),(0.,0.04),
 .UNSPECIFIED.);
#533=B_SPLINE_SURFACE_WITH_KNOTS('',2,1,((#7849,#7850),(#7851,#7852),(#7853,
#7854)),.UNSPECIFIED.,.F.,.F.,.F.,(3,3),(2,2),(0.,1.),(0.,0.04),
 .UNSPECIFIED.);
#534=B_SPLINE_SURFACE_WITH_KNOTS('',2,1,((#7867,#7868),(#7869,#7870),(#7871,
#7872)),.UNSPECIFIED.,.F.,.F.,.F.,(3,3),(2,2),(0.,1.),(0.,0.04),
 .UNSPECIFIED.);
#535=B_SPLINE_SURFACE_WITH_KNOTS('',2,1,((#7882,#7883),(#7884,#7885),(#7886,
#7887)),.UNSPECIFIED.,.F.,.F.,.F.,(3,3),(2,2),(0.,1.),(0.,0.04),
 .UNSPECIFIED.);
#536=B_SPLINE_SURFACE_WITH_KNOTS('',2,1,((#7903,#7904),(#7905,#7906),(#7907,
#7908)),.UNSPECIFIED.,.F.,.F.,.F.,(3,3),(2,2),(0.,1.),(0.,0.04),
 .UNSPECIFIED.);
#537=B_SPLINE_SURFACE_WITH_KNOTS('',2,1,((#7918,#7919),(#7920,#7921),(#7922,
#7923)),.UNSPECIFIED.,.F.,.F.,.F.,(3,3),(2,2),(0.,1.),(0.,0.04),
 .UNSPECIFIED.);
#538=B_SPLINE_SURFACE_WITH_KNOTS('',2,1,((#7933,#7934),(#7935,#7936),(#7937,
#7938)),.UNSPECIFIED.,.F.,.F.,.F.,(3,3),(2,2),(0.,1.),(0.,0.04),
 .UNSPECIFIED.);
#539=B_SPLINE_SURFACE_WITH_KNOTS('',2,1,((#7948,#7949),(#7950,#7951),(#7952,
#7953)),.UNSPECIFIED.,.F.,.F.,.F.,(3,3),(2,2),(0.,1.),(0.,0.04),
 .UNSPECIFIED.);
#540=B_SPLINE_SURFACE_WITH_KNOTS('',2,1,((#7963,#7964),(#7965,#7966),(#7967,
#7968)),.UNSPECIFIED.,.F.,.F.,.F.,(3,3),(2,2),(0.,1.),(0.,0.04),
 .UNSPECIFIED.);
#541=B_SPLINE_SURFACE_WITH_KNOTS('',2,1,((#7978,#7979),(#7980,#7981),(#7982,
#7983)),.UNSPECIFIED.,.F.,.F.,.F.,(3,3),(2,2),(0.,1.),(0.,0.04),
 .UNSPECIFIED.);
#542=B_SPLINE_SURFACE_WITH_KNOTS('',2,1,((#7993,#7994),(#7995,#7996),(#7997,
#7998)),.UNSPECIFIED.,.F.,.F.,.F.,(3,3),(2,2),(0.,1.),(0.,0.04),
 .UNSPECIFIED.);
#543=B_SPLINE_SURFACE_WITH_KNOTS('',2,1,((#8008,#8009),(#8010,#8011),(#8012,
#8013)),.UNSPECIFIED.,.F.,.F.,.F.,(3,3),(2,2),(0.,1.),(0.,0.04),
 .UNSPECIFIED.);
#544=B_SPLINE_SURFACE_WITH_KNOTS('',2,1,((#8023,#8024),(#8025,#8026),(#8027,
#8028)),.UNSPECIFIED.,.F.,.F.,.F.,(3,3),(2,2),(0.,1.),(0.,0.04),
 .UNSPECIFIED.);
#545=B_SPLINE_SURFACE_WITH_KNOTS('',2,1,((#8044,#8045),(#8046,#8047),(#8048,
#8049)),.UNSPECIFIED.,.F.,.F.,.F.,(3,3),(2,2),(0.,1.),(0.,0.04),
 .UNSPECIFIED.);
#546=B_SPLINE_SURFACE_WITH_KNOTS('',2,1,((#8057,#8058),(#8059,#8060),(#8061,
#8062)),.UNSPECIFIED.,.F.,.F.,.F.,(3,3),(2,2),(0.,1.),(0.,0.04),
 .UNSPECIFIED.);
#547=B_SPLINE_SURFACE_WITH_KNOTS('',2,1,((#8075,#8076),(#8077,#8078),(#8079,
#8080)),.UNSPECIFIED.,.F.,.F.,.F.,(3,3),(2,2),(0.,1.),(0.,0.04),
 .UNSPECIFIED.);
#548=B_SPLINE_SURFACE_WITH_KNOTS('',2,1,((#8090,#8091),(#8092,#8093),(#8094,
#8095)),.UNSPECIFIED.,.F.,.F.,.F.,(3,3),(2,2),(0.,1.),(0.,0.04),
 .UNSPECIFIED.);
#549=B_SPLINE_SURFACE_WITH_KNOTS('',2,1,((#8105,#8106),(#8107,#8108),(#8109,
#8110)),.UNSPECIFIED.,.F.,.F.,.F.,(3,3),(2,2),(0.,1.),(0.,0.04),
 .UNSPECIFIED.);
#550=B_SPLINE_SURFACE_WITH_KNOTS('',2,1,((#8120,#8121),(#8122,#8123),(#8124,
#8125)),.UNSPECIFIED.,.F.,.F.,.F.,(3,3),(2,2),(0.,1.),(0.,0.04),
 .UNSPECIFIED.);
#551=B_SPLINE_SURFACE_WITH_KNOTS('',2,1,((#8135,#8136),(#8137,#8138),(#8139,
#8140)),.UNSPECIFIED.,.F.,.F.,.F.,(3,3),(2,2),(0.,1.),(0.,0.04),
 .UNSPECIFIED.);
#552=B_SPLINE_SURFACE_WITH_KNOTS('',2,1,((#8150,#8151),(#8152,#8153),(#8154,
#8155)),.UNSPECIFIED.,.F.,.F.,.F.,(3,3),(2,2),(0.,1.),(0.,0.04),
 .UNSPECIFIED.);
#553=B_SPLINE_SURFACE_WITH_KNOTS('',2,1,((#8165,#8166),(#8167,#8168),(#8169,
#8170)),.UNSPECIFIED.,.F.,.F.,.F.,(3,3),(2,2),(0.,1.),(0.,0.04),
 .UNSPECIFIED.);
#554=B_SPLINE_SURFACE_WITH_KNOTS('',2,1,((#8180,#8181),(#8182,#8183),(#8184,
#8185)),.UNSPECIFIED.,.F.,.F.,.F.,(3,3),(2,2),(0.,1.),(0.,0.04),
 .UNSPECIFIED.);
#555=B_SPLINE_SURFACE_WITH_KNOTS('',2,1,((#8207,#8208),(#8209,#8210),(#8211,
#8212)),.UNSPECIFIED.,.F.,.F.,.F.,(3,3),(2,2),(0.,1.),(0.,0.04),
 .UNSPECIFIED.);
#556=B_SPLINE_SURFACE_WITH_KNOTS('',2,1,((#8222,#8223),(#8224,#8225),(#8226,
#8227)),.UNSPECIFIED.,.F.,.F.,.F.,(3,3),(2,2),(0.,1.),(0.,0.04),
 .UNSPECIFIED.);
#557=B_SPLINE_SURFACE_WITH_KNOTS('',2,1,((#8243,#8244),(#8245,#8246),(#8247,
#8248)),.UNSPECIFIED.,.F.,.F.,.F.,(3,3),(2,2),(0.,1.),(0.,0.04),
 .UNSPECIFIED.);
#558=B_SPLINE_SURFACE_WITH_KNOTS('',2,1,((#8258,#8259),(#8260,#8261),(#8262,
#8263)),.UNSPECIFIED.,.F.,.F.,.F.,(3,3),(2,2),(0.,1.),(0.,0.04),
 .UNSPECIFIED.);
#559=B_SPLINE_SURFACE_WITH_KNOTS('',2,1,((#8273,#8274),(#8275,#8276),(#8277,
#8278)),.UNSPECIFIED.,.F.,.F.,.F.,(3,3),(2,2),(0.,1.),(0.,0.04),
 .UNSPECIFIED.);
#560=B_SPLINE_SURFACE_WITH_KNOTS('',2,1,((#8288,#8289),(#8290,#8291),(#8292,
#8293)),.UNSPECIFIED.,.F.,.F.,.F.,(3,3),(2,2),(0.,1.),(0.,0.04),
 .UNSPECIFIED.);
#561=B_SPLINE_SURFACE_WITH_KNOTS('',2,1,((#8303,#8304),(#8305,#8306),(#8307,
#8308)),.UNSPECIFIED.,.F.,.F.,.F.,(3,3),(2,2),(0.,1.),(0.,0.04),
 .UNSPECIFIED.);
#562=B_SPLINE_SURFACE_WITH_KNOTS('',2,1,((#8318,#8319),(#8320,#8321),(#8322,
#8323)),.UNSPECIFIED.,.F.,.F.,.F.,(3,3),(2,2),(0.,1.),(0.,0.04),
 .UNSPECIFIED.);
#563=B_SPLINE_SURFACE_WITH_KNOTS('',2,1,((#8333,#8334),(#8335,#8336),(#8337,
#8338)),.UNSPECIFIED.,.F.,.F.,.F.,(3,3),(2,2),(0.,1.),(0.,0.04),
 .UNSPECIFIED.);
#564=B_SPLINE_SURFACE_WITH_KNOTS('',2,1,((#8354,#8355),(#8356,#8357),(#8358,
#8359)),.UNSPECIFIED.,.F.,.F.,.F.,(3,3),(2,2),(0.,1.),(0.,0.04),
 .UNSPECIFIED.);
#565=B_SPLINE_SURFACE_WITH_KNOTS('',2,1,((#8369,#8370),(#8371,#8372),(#8373,
#8374)),.UNSPECIFIED.,.F.,.F.,.F.,(3,3),(2,2),(0.,1.),(0.,0.04),
 .UNSPECIFIED.);
#566=B_SPLINE_SURFACE_WITH_KNOTS('',2,1,((#8384,#8385),(#8386,#8387),(#8388,
#8389)),.UNSPECIFIED.,.F.,.F.,.F.,(3,3),(2,2),(0.,1.),(0.,0.04),
 .UNSPECIFIED.);
#567=B_SPLINE_SURFACE_WITH_KNOTS('',2,1,((#8399,#8400),(#8401,#8402),(#8403,
#8404)),.UNSPECIFIED.,.F.,.F.,.F.,(3,3),(2,2),(0.,1.),(0.,0.04),
 .UNSPECIFIED.);
#568=B_SPLINE_SURFACE_WITH_KNOTS('',2,1,((#8414,#8415),(#8416,#8417),(#8418,
#8419)),.UNSPECIFIED.,.F.,.F.,.F.,(3,3),(2,2),(0.,1.),(0.,0.04),
 .UNSPECIFIED.);
#569=B_SPLINE_SURFACE_WITH_KNOTS('',2,1,((#8429,#8430),(#8431,#8432),(#8433,
#8434)),.UNSPECIFIED.,.F.,.F.,.F.,(3,3),(2,2),(0.,1.),(0.,0.04),
 .UNSPECIFIED.);
#570=B_SPLINE_SURFACE_WITH_KNOTS('',2,1,((#8444,#8445),(#8446,#8447),(#8448,
#8449)),.UNSPECIFIED.,.F.,.F.,.F.,(3,3),(2,2),(0.,1.),(0.,0.04),
 .UNSPECIFIED.);
#571=B_SPLINE_SURFACE_WITH_KNOTS('',2,1,((#8459,#8460),(#8461,#8462),(#8463,
#8464)),.UNSPECIFIED.,.F.,.F.,.F.,(3,3),(2,2),(0.,1.),(0.,0.04),
 .UNSPECIFIED.);
#572=B_SPLINE_SURFACE_WITH_KNOTS('',2,1,((#8474,#8475),(#8476,#8477),(#8478,
#8479)),.UNSPECIFIED.,.F.,.F.,.F.,(3,3),(2,2),(0.,1.),(0.,0.04),
 .UNSPECIFIED.);
#573=B_SPLINE_SURFACE_WITH_KNOTS('',2,1,((#8489,#8490),(#8491,#8492),(#8493,
#8494)),.UNSPECIFIED.,.F.,.F.,.F.,(3,3),(2,2),(0.,1.),(0.,0.04),
 .UNSPECIFIED.);
#574=B_SPLINE_SURFACE_WITH_KNOTS('',2,1,((#8504,#8505),(#8506,#8507),(#8508,
#8509)),.UNSPECIFIED.,.F.,.F.,.F.,(3,3),(2,2),(0.,1.),(0.,0.04),
 .UNSPECIFIED.);
#575=B_SPLINE_SURFACE_WITH_KNOTS('',2,1,((#8519,#8520),(#8521,#8522),(#8523,
#8524)),.UNSPECIFIED.,.F.,.F.,.F.,(3,3),(2,2),(0.,1.),(0.,0.04),
 .UNSPECIFIED.);
#576=B_SPLINE_SURFACE_WITH_KNOTS('',2,1,((#8534,#8535),(#8536,#8537),(#8538,
#8539)),.UNSPECIFIED.,.F.,.F.,.F.,(3,3),(2,2),(0.,1.),(0.,0.04),
 .UNSPECIFIED.);
#577=B_SPLINE_SURFACE_WITH_KNOTS('',2,1,((#8549,#8550),(#8551,#8552),(#8553,
#8554)),.UNSPECIFIED.,.F.,.F.,.F.,(3,3),(2,2),(0.,1.),(0.,0.04),
 .UNSPECIFIED.);
#578=B_SPLINE_SURFACE_WITH_KNOTS('',2,1,((#8564,#8565),(#8566,#8567),(#8568,
#8569)),.UNSPECIFIED.,.F.,.F.,.F.,(3,3),(2,2),(0.,1.),(0.,0.04),
 .UNSPECIFIED.);
#579=B_SPLINE_SURFACE_WITH_KNOTS('',2,1,((#8586,#8587),(#8588,#8589),(#8590,
#8591)),.UNSPECIFIED.,.F.,.F.,.F.,(3,3),(2,2),(0.,1.),(0.,0.04),
 .UNSPECIFIED.);
#580=B_SPLINE_SURFACE_WITH_KNOTS('',2,1,((#8601,#8602),(#8603,#8604),(#8605,
#8606)),.UNSPECIFIED.,.F.,.F.,.F.,(3,3),(2,2),(0.,1.),(0.,0.04),
 .UNSPECIFIED.);
#581=B_SPLINE_SURFACE_WITH_KNOTS('',2,1,((#8616,#8617),(#8618,#8619),(#8620,
#8621)),.UNSPECIFIED.,.F.,.F.,.F.,(3,3),(2,2),(0.,1.),(0.,0.04),
 .UNSPECIFIED.);
#582=B_SPLINE_SURFACE_WITH_KNOTS('',2,1,((#8631,#8632),(#8633,#8634),(#8635,
#8636)),.UNSPECIFIED.,.F.,.F.,.F.,(3,3),(2,2),(0.,1.),(0.,0.04),
 .UNSPECIFIED.);
#583=B_SPLINE_SURFACE_WITH_KNOTS('',2,1,((#8646,#8647),(#8648,#8649),(#8650,
#8651)),.UNSPECIFIED.,.F.,.F.,.F.,(3,3),(2,2),(0.,1.),(0.,0.04),
 .UNSPECIFIED.);
#584=B_SPLINE_SURFACE_WITH_KNOTS('',2,1,((#8679,#8680),(#8681,#8682),(#8683,
#8684)),.UNSPECIFIED.,.F.,.F.,.F.,(3,3),(2,2),(0.,1.),(0.,0.04),
 .UNSPECIFIED.);
#585=B_SPLINE_SURFACE_WITH_KNOTS('',2,1,((#8694,#8695),(#8696,#8697),(#8698,
#8699)),.UNSPECIFIED.,.F.,.F.,.F.,(3,3),(2,2),(0.,1.),(0.,0.04),
 .UNSPECIFIED.);
#586=B_SPLINE_SURFACE_WITH_KNOTS('',2,1,((#8709,#8710),(#8711,#8712),(#8713,
#8714)),.UNSPECIFIED.,.F.,.F.,.F.,(3,3),(2,2),(0.,1.),(0.,0.04),
 .UNSPECIFIED.);
#587=B_SPLINE_SURFACE_WITH_KNOTS('',2,1,((#8724,#8725),(#8726,#8727),(#8728,
#8729)),.UNSPECIFIED.,.F.,.F.,.F.,(3,3),(2,2),(0.,1.),(0.,0.04),
 .UNSPECIFIED.);
#588=B_SPLINE_SURFACE_WITH_KNOTS('',2,1,((#8739,#8740),(#8741,#8742),(#8743,
#8744)),.UNSPECIFIED.,.F.,.F.,.F.,(3,3),(2,2),(0.,1.),(0.,0.04),
 .UNSPECIFIED.);
#589=B_SPLINE_SURFACE_WITH_KNOTS('',2,1,((#8785,#8786),(#8787,#8788),(#8789,
#8790)),.UNSPECIFIED.,.F.,.F.,.F.,(3,3),(2,2),(0.,1.),(0.,0.04),
 .UNSPECIFIED.);
#590=B_SPLINE_SURFACE_WITH_KNOTS('',2,1,((#8800,#8801),(#8802,#8803),(#8804,
#8805)),.UNSPECIFIED.,.F.,.F.,.F.,(3,3),(2,2),(0.,1.),(0.,0.04),
 .UNSPECIFIED.);
#591=B_SPLINE_SURFACE_WITH_KNOTS('',2,1,((#8815,#8816),(#8817,#8818),(#8819,
#8820)),.UNSPECIFIED.,.F.,.F.,.F.,(3,3),(2,2),(0.,1.),(0.,0.04),
 .UNSPECIFIED.);
#592=B_SPLINE_SURFACE_WITH_KNOTS('',2,1,((#8830,#8831),(#8832,#8833),(#8834,
#8835)),.UNSPECIFIED.,.F.,.F.,.F.,(3,3),(2,2),(0.,1.),(0.,0.04),
 .UNSPECIFIED.);
#593=B_SPLINE_SURFACE_WITH_KNOTS('',2,1,((#8845,#8846),(#8847,#8848),(#8849,
#8850)),.UNSPECIFIED.,.F.,.F.,.F.,(3,3),(2,2),(0.,1.),(0.,0.04),
 .UNSPECIFIED.);
#594=B_SPLINE_SURFACE_WITH_KNOTS('',2,1,((#8878,#8879),(#8880,#8881),(#8882,
#8883)),.UNSPECIFIED.,.F.,.F.,.F.,(3,3),(2,2),(0.,1.),(0.,0.04),
 .UNSPECIFIED.);
#595=B_SPLINE_SURFACE_WITH_KNOTS('',2,1,((#8893,#8894),(#8895,#8896),(#8897,
#8898)),.UNSPECIFIED.,.F.,.F.,.F.,(3,3),(2,2),(0.,1.),(0.,0.04),
 .UNSPECIFIED.);
#596=B_SPLINE_SURFACE_WITH_KNOTS('',2,1,((#8908,#8909),(#8910,#8911),(#8912,
#8913)),.UNSPECIFIED.,.F.,.F.,.F.,(3,3),(2,2),(0.,1.),(0.,0.04),
 .UNSPECIFIED.);
#597=B_SPLINE_SURFACE_WITH_KNOTS('',2,1,((#8923,#8924),(#8925,#8926),(#8927,
#8928)),.UNSPECIFIED.,.F.,.F.,.F.,(3,3),(2,2),(0.,1.),(0.,0.04),
 .UNSPECIFIED.);
#598=B_SPLINE_SURFACE_WITH_KNOTS('',2,1,((#8938,#8939),(#8940,#8941),(#8942,
#8943)),.UNSPECIFIED.,.F.,.F.,.F.,(3,3),(2,2),(0.,1.),(0.,0.04),
 .UNSPECIFIED.);
#599=B_SPLINE_SURFACE_WITH_KNOTS('',2,1,((#8975,#8976),(#8977,#8978),(#8979,
#8980)),.UNSPECIFIED.,.F.,.F.,.F.,(3,3),(2,2),(0.,1.),(0.,0.04),
 .UNSPECIFIED.);
#600=B_SPLINE_SURFACE_WITH_KNOTS('',2,1,((#8993,#8994),(#8995,#8996),(#8997,
#8998)),.UNSPECIFIED.,.F.,.F.,.F.,(3,3),(2,2),(0.,1.),(0.,0.04),
 .UNSPECIFIED.);
#601=B_SPLINE_SURFACE_WITH_KNOTS('',2,1,((#9008,#9009),(#9010,#9011),(#9012,
#9013)),.UNSPECIFIED.,.F.,.F.,.F.,(3,3),(2,2),(0.,1.),(0.,0.04),
 .UNSPECIFIED.);
#602=B_SPLINE_SURFACE_WITH_KNOTS('',2,1,((#9029,#9030),(#9031,#9032),(#9033,
#9034)),.UNSPECIFIED.,.F.,.F.,.F.,(3,3),(2,2),(0.,1.),(0.,0.04),
 .UNSPECIFIED.);
#603=B_SPLINE_SURFACE_WITH_KNOTS('',2,1,((#9041,#9042),(#9043,#9044),(#9045,
#9046)),.UNSPECIFIED.,.F.,.F.,.F.,(3,3),(2,2),(0.,1.),(0.,0.04),
 .UNSPECIFIED.);
#604=B_SPLINE_SURFACE_WITH_KNOTS('',2,1,((#9059,#9060),(#9061,#9062),(#9063,
#9064)),.UNSPECIFIED.,.F.,.F.,.F.,(3,3),(2,2),(0.,1.),(0.,0.04),
 .UNSPECIFIED.);
#605=B_SPLINE_SURFACE_WITH_KNOTS('',2,1,((#9074,#9075),(#9076,#9077),(#9078,
#9079)),.UNSPECIFIED.,.F.,.F.,.F.,(3,3),(2,2),(0.,1.),(0.,0.04),
 .UNSPECIFIED.);
#606=B_SPLINE_SURFACE_WITH_KNOTS('',2,1,((#9095,#9096),(#9097,#9098),(#9099,
#9100)),.UNSPECIFIED.,.F.,.F.,.F.,(3,3),(2,2),(0.,1.),(0.,0.04),
 .UNSPECIFIED.);
#607=B_SPLINE_SURFACE_WITH_KNOTS('',2,1,((#9110,#9111),(#9112,#9113),(#9114,
#9115)),.UNSPECIFIED.,.F.,.F.,.F.,(3,3),(2,2),(0.,1.),(0.,0.04),
 .UNSPECIFIED.);
#608=B_SPLINE_SURFACE_WITH_KNOTS('',2,1,((#9125,#9126),(#9127,#9128),(#9129,
#9130)),.UNSPECIFIED.,.F.,.F.,.F.,(3,3),(2,2),(0.,1.),(0.,0.04),
 .UNSPECIFIED.);
#609=B_SPLINE_SURFACE_WITH_KNOTS('',2,1,((#9140,#9141),(#9142,#9143),(#9144,
#9145)),.UNSPECIFIED.,.F.,.F.,.F.,(3,3),(2,2),(0.,1.),(0.,0.04),
 .UNSPECIFIED.);
#610=B_SPLINE_SURFACE_WITH_KNOTS('',2,1,((#9155,#9156),(#9157,#9158),(#9159,
#9160)),.UNSPECIFIED.,.F.,.F.,.F.,(3,3),(2,2),(0.,1.),(0.,0.04),
 .UNSPECIFIED.);
#611=B_SPLINE_SURFACE_WITH_KNOTS('',2,1,((#9170,#9171),(#9172,#9173),(#9174,
#9175)),.UNSPECIFIED.,.F.,.F.,.F.,(3,3),(2,2),(0.,1.),(0.,0.04),
 .UNSPECIFIED.);
#612=B_SPLINE_SURFACE_WITH_KNOTS('',2,1,((#9185,#9186),(#9187,#9188),(#9189,
#9190)),.UNSPECIFIED.,.F.,.F.,.F.,(3,3),(2,2),(0.,1.),(0.,0.04),
 .UNSPECIFIED.);
#613=B_SPLINE_SURFACE_WITH_KNOTS('',2,1,((#9200,#9201),(#9202,#9203),(#9204,
#9205)),.UNSPECIFIED.,.F.,.F.,.F.,(3,3),(2,2),(0.,1.),(0.,0.04),
 .UNSPECIFIED.);
#614=B_SPLINE_SURFACE_WITH_KNOTS('',2,1,((#9215,#9216),(#9217,#9218),(#9219,
#9220)),.UNSPECIFIED.,.F.,.F.,.F.,(3,3),(2,2),(0.,1.),(0.,0.04),
 .UNSPECIFIED.);
#615=B_SPLINE_SURFACE_WITH_KNOTS('',2,1,((#9236,#9237),(#9238,#9239),(#9240,
#9241)),.UNSPECIFIED.,.F.,.F.,.F.,(3,3),(2,2),(0.,1.),(0.,0.04),
 .UNSPECIFIED.);
#616=B_SPLINE_SURFACE_WITH_KNOTS('',3,3,((#9525,#9526,#9527,#9528,#9529),
(#9530,#9531,#9532,#9533,#9534),(#9535,#9536,#9537,#9538,#9539),(#9540,
#9541,#9542,#9543,#9544),(#9545,#9546,#9547,#9548,#9549),(#9550,#9551,#9552,
#9553,#9554)),.UNSPECIFIED.,.F.,.F.,.F.,(4,1,1,4),(4,1,4),(0.,0.285714285714286,
0.571428571428571,1.),(-2.31739203316227E-9,0.148411442346356,0.346293368564686),
 .UNSPECIFIED.);
#617=B_SPLINE_SURFACE_WITH_KNOTS('',3,3,((#9617,#9618,#9619,#9620,#9621,
#9622),(#9623,#9624,#9625,#9626,#9627,#9628),(#9629,#9630,#9631,#9632,#9633,
#9634),(#9635,#9636,#9637,#9638,#9639,#9640),(#9641,#9642,#9643,#9644,#9645,
#9646),(#9647,#9648,#9649,#9650,#9651,#9652)),.UNSPECIFIED.,.F.,.F.,.F.,
(4,1,1,4),(4,1,1,4),(0.,0.285714285714286,0.571428571428571,1.),(0.,0.147960623780909,
0.246601039634848,0.345241455488788),.UNSPECIFIED.);
#618=B_SPLINE_SURFACE_WITH_KNOTS('',3,3,((#9684,#9685,#9686,#9687,#9688,
#9689),(#9690,#9691,#9692,#9693,#9694,#9695),(#9696,#9697,#9698,#9699,#9700,
#9701),(#9702,#9703,#9704,#9705,#9706,#9707),(#9708,#9709,#9710,#9711,#9712,
#9713),(#9714,#9715,#9716,#9717,#9718,#9719)),.UNSPECIFIED.,.F.,.F.,.F.,
(4,1,1,4),(4,1,1,4),(0.,0.285714285714286,0.571428571428571,1.),(-1.57079632679489,
-0.897597901025652,-0.448798950512826,8.07987622772111E-16),
 .UNSPECIFIED.);
#619=B_SPLINE_SURFACE_WITH_KNOTS('',3,3,((#9731,#9732,#9733,#9734,#9735),
(#9736,#9737,#9738,#9739,#9740),(#9741,#9742,#9743,#9744,#9745),(#9746,
#9747,#9748,#9749,#9750),(#9751,#9752,#9753,#9754,#9755),(#9756,#9757,#9758,
#9759,#9760)),.UNSPECIFIED.,.F.,.F.,.F.,(4,1,1,4),(4,1,4),(0.,0.285714285714286,
0.571428571428571,1.),(-1.44169612979845E-30,0.640062236883359,1.49347855272784),
 .UNSPECIFIED.);
#620=B_SPLINE_SURFACE_WITH_KNOTS('',3,3,((#9773,#9774,#9775,#9776,#9777),
(#9778,#9779,#9780,#9781,#9782),(#9783,#9784,#9785,#9786,#9787),(#9788,
#9789,#9790,#9791,#9792),(#9793,#9794,#9795,#9796,#9797),(#9798,#9799,#9800,
#9801,#9802)),.UNSPECIFIED.,.F.,.F.,.F.,(4,1,1,4),(4,1,4),(0.,0.285714285714286,
0.571428571428571,1.),(-1.39537456094519,-0.797356891968677,-5.55073372411685E-16),
 .UNSPECIFIED.);
#621=B_SPLINE_SURFACE_WITH_KNOTS('',3,3,((#9814,#9815,#9816,#9817,#9818),
(#9819,#9820,#9821,#9822,#9823),(#9824,#9825,#9826,#9827,#9828),(#9829,
#9830,#9831,#9832,#9833),(#9834,#9835,#9836,#9837,#9838),(#9839,#9840,#9841,
#9842,#9843)),.UNSPECIFIED.,.F.,.F.,.F.,(4,1,1,4),(4,1,4),(0.,0.285714285714286,
0.571428571428571,1.),(-9.43651431030489E-16,0.673198425769242,1.5707963267949),
 .UNSPECIFIED.);
#622=B_SPLINE_SURFACE_WITH_KNOTS('',3,3,((#9858,#9859,#9860,#9861,#9862,
#9863),(#9864,#9865,#9866,#9867,#9868,#9869),(#9870,#9871,#9872,#9873,#9874,
#9875),(#9876,#9877,#9878,#9879,#9880,#9881)),.UNSPECIFIED.,.F.,.F.,.F.,
(4,4),(4,1,1,4),(0.,1.),(0.,0.202632551876987,0.30394882781548,0.354606965784727),
 .UNSPECIFIED.);
#623=B_SPLINE_SURFACE_WITH_KNOTS('',3,3,((#9906,#9907,#9908,#9909,#9910,
#9911),(#9912,#9913,#9914,#9915,#9916,#9917),(#9918,#9919,#9920,#9921,#9922,
#9923),(#9924,#9925,#9926,#9927,#9928,#9929)),.UNSPECIFIED.,.F.,.F.,.F.,
(4,4),(4,1,1,4),(0.,1.),(0.,0.101320428979015,0.151980643468522,0.354621501426551),
 .UNSPECIFIED.);
#624=B_SPLINE_SURFACE_WITH_KNOTS('',3,3,((#9945,#9946,#9947,#9948),(#9949,
#9950,#9951,#9952),(#9953,#9954,#9955,#9956),(#9957,#9958,#9959,#9960)),
 .UNSPECIFIED.,.F.,.F.,.F.,(4,4),(4,4),(0.,1.),(9.14585611990566E-30,0.0131974243230033),
 .UNSPECIFIED.);
#625=B_SPLINE_SURFACE_WITH_KNOTS('',3,3,((#9973,#9974,#9975,#9976),(#9977,
#9978,#9979,#9980),(#9981,#9982,#9983,#9984),(#9985,#9986,#9987,#9988)),
 .UNSPECIFIED.,.F.,.F.,.F.,(4,4),(4,4),(0.,1.),(0.,0.0131974243230023),
 .UNSPECIFIED.);
#626=FACE_OUTER_BOUND('',#945,.T.);
#627=FACE_OUTER_BOUND('',#946,.T.);
#628=FACE_OUTER_BOUND('',#947,.T.);
#629=FACE_OUTER_BOUND('',#948,.T.);
#630=FACE_OUTER_BOUND('',#949,.T.);
#631=FACE_OUTER_BOUND('',#950,.T.);
#632=FACE_OUTER_BOUND('',#951,.T.);
#633=FACE_OUTER_BOUND('',#952,.T.);
#634=FACE_OUTER_BOUND('',#953,.T.);
#635=FACE_OUTER_BOUND('',#954,.T.);
#636=FACE_OUTER_BOUND('',#955,.T.);
#637=FACE_OUTER_BOUND('',#956,.T.);
#638=FACE_OUTER_BOUND('',#957,.T.);
#639=FACE_OUTER_BOUND('',#958,.T.);
#640=FACE_OUTER_BOUND('',#959,.T.);
#641=FACE_OUTER_BOUND('',#960,.T.);
#642=FACE_OUTER_BOUND('',#961,.T.);
#643=FACE_OUTER_BOUND('',#962,.T.);
#644=FACE_OUTER_BOUND('',#963,.T.);
#645=FACE_OUTER_BOUND('',#964,.T.);
#646=FACE_OUTER_BOUND('',#965,.T.);
#647=FACE_OUTER_BOUND('',#966,.T.);
#648=FACE_OUTER_BOUND('',#967,.T.);
#649=FACE_OUTER_BOUND('',#968,.T.);
#650=FACE_OUTER_BOUND('',#969,.T.);
#651=FACE_OUTER_BOUND('',#970,.T.);
#652=FACE_OUTER_BOUND('',#971,.T.);
#653=FACE_OUTER_BOUND('',#972,.T.);
#654=FACE_OUTER_BOUND('',#973,.T.);
#655=FACE_OUTER_BOUND('',#974,.T.);
#656=FACE_OUTER_BOUND('',#975,.T.);
#657=FACE_OUTER_BOUND('',#976,.T.);
#658=FACE_OUTER_BOUND('',#978,.T.);
#659=FACE_OUTER_BOUND('',#979,.T.);
#660=FACE_OUTER_BOUND('',#980,.T.);
#661=FACE_OUTER_BOUND('',#981,.T.);
#662=FACE_OUTER_BOUND('',#982,.T.);
#663=FACE_OUTER_BOUND('',#983,.T.);
#664=FACE_OUTER_BOUND('',#984,.T.);
#665=FACE_OUTER_BOUND('',#985,.T.);
#666=FACE_OUTER_BOUND('',#986,.T.);
#667=FACE_OUTER_BOUND('',#987,.T.);
#668=FACE_OUTER_BOUND('',#988,.T.);
#669=FACE_OUTER_BOUND('',#989,.T.);
#670=FACE_OUTER_BOUND('',#990,.T.);
#671=FACE_OUTER_BOUND('',#991,.T.);
#672=FACE_OUTER_BOUND('',#992,.T.);
#673=FACE_OUTER_BOUND('',#993,.T.);
#674=FACE_OUTER_BOUND('',#994,.T.);
#675=FACE_OUTER_BOUND('',#995,.T.);
#676=FACE_OUTER_BOUND('',#996,.T.);
#677=FACE_OUTER_BOUND('',#997,.T.);
#678=FACE_OUTER_BOUND('',#998,.T.);
#679=FACE_OUTER_BOUND('',#999,.T.);
#680=FACE_OUTER_BOUND('',#1000,.T.);
#681=FACE_OUTER_BOUND('',#1001,.T.);
#682=FACE_OUTER_BOUND('',#1002,.T.);
#683=FACE_OUTER_BOUND('',#1003,.T.);
#684=FACE_OUTER_BOUND('',#1004,.T.);
#685=FACE_OUTER_BOUND('',#1005,.T.);
#686=FACE_OUTER_BOUND('',#1006,.T.);
#687=FACE_OUTER_BOUND('',#1007,.T.);
#688=FACE_OUTER_BOUND('',#1008,.T.);
#689=FACE_OUTER_BOUND('',#1009,.T.);
#690=FACE_OUTER_BOUND('',#1010,.T.);
#691=FACE_OUTER_BOUND('',#1011,.T.);
#692=FACE_OUTER_BOUND('',#1012,.T.);
#693=FACE_OUTER_BOUND('',#1014,.T.);
#694=FACE_OUTER_BOUND('',#1015,.T.);
#695=FACE_OUTER_BOUND('',#1016,.T.);
#696=FACE_OUTER_BOUND('',#1017,.T.);
#697=FACE_OUTER_BOUND('',#1018,.T.);
#698=FACE_OUTER_BOUND('',#1019,.T.);
#699=FACE_OUTER_BOUND('',#1020,.T.);
#700=FACE_OUTER_BOUND('',#1021,.T.);
#701=FACE_OUTER_BOUND('',#1022,.T.);
#702=FACE_OUTER_BOUND('',#1023,.T.);
#703=FACE_OUTER_BOUND('',#1024,.T.);
#704=FACE_OUTER_BOUND('',#1025,.T.);
#705=FACE_OUTER_BOUND('',#1026,.T.);
#706=FACE_OUTER_BOUND('',#1027,.T.);
#707=FACE_OUTER_BOUND('',#1028,.T.);
#708=FACE_OUTER_BOUND('',#1029,.T.);
#709=FACE_OUTER_BOUND('',#1030,.T.);
#710=FACE_OUTER_BOUND('',#1031,.T.);
#711=FACE_OUTER_BOUND('',#1032,.T.);
#712=FACE_OUTER_BOUND('',#1033,.T.);
#713=FACE_OUTER_BOUND('',#1034,.T.);
#714=FACE_OUTER_BOUND('',#1035,.T.);
#715=FACE_OUTER_BOUND('',#1036,.T.);
#716=FACE_OUTER_BOUND('',#1037,.T.);
#717=FACE_OUTER_BOUND('',#1038,.T.);
#718=FACE_OUTER_BOUND('',#1039,.T.);
#719=FACE_OUTER_BOUND('',#1041,.T.);
#720=FACE_OUTER_BOUND('',#1042,.T.);
#721=FACE_OUTER_BOUND('',#1043,.T.);
#722=FACE_OUTER_BOUND('',#1044,.T.);
#723=FACE_OUTER_BOUND('',#1045,.T.);
#724=FACE_OUTER_BOUND('',#1046,.T.);
#725=FACE_OUTER_BOUND('',#1047,.T.);
#726=FACE_OUTER_BOUND('',#1048,.T.);
#727=FACE_OUTER_BOUND('',#1049,.T.);
#728=FACE_OUTER_BOUND('',#1050,.T.);
#729=FACE_OUTER_BOUND('',#1051,.T.);
#730=FACE_OUTER_BOUND('',#1052,.T.);
#731=FACE_OUTER_BOUND('',#1053,.T.);
#732=FACE_OUTER_BOUND('',#1054,.T.);
#733=FACE_OUTER_BOUND('',#1055,.T.);
#734=FACE_OUTER_BOUND('',#1056,.T.);
#735=FACE_OUTER_BOUND('',#1057,.T.);
#736=FACE_OUTER_BOUND('',#1058,.T.);
#737=FACE_OUTER_BOUND('',#1059,.T.);
#738=FACE_OUTER_BOUND('',#1060,.T.);
#739=FACE_OUTER_BOUND('',#1061,.T.);
#740=FACE_OUTER_BOUND('',#1062,.T.);
#741=FACE_OUTER_BOUND('',#1063,.T.);
#742=FACE_OUTER_BOUND('',#1064,.T.);
#743=FACE_OUTER_BOUND('',#1065,.T.);
#744=FACE_OUTER_BOUND('',#1066,.T.);
#745=FACE_OUTER_BOUND('',#1067,.T.);
#746=FACE_OUTER_BOUND('',#1068,.T.);
#747=FACE_OUTER_BOUND('',#1069,.T.);
#748=FACE_OUTER_BOUND('',#1070,.T.);
#749=FACE_OUTER_BOUND('',#1071,.T.);
#750=FACE_OUTER_BOUND('',#1072,.T.);
#751=FACE_OUTER_BOUND('',#1073,.T.);
#752=FACE_OUTER_BOUND('',#1074,.T.);
#753=FACE_OUTER_BOUND('',#1075,.T.);
#754=FACE_OUTER_BOUND('',#1076,.T.);
#755=FACE_OUTER_BOUND('',#1077,.T.);
#756=FACE_OUTER_BOUND('',#1078,.T.);
#757=FACE_OUTER_BOUND('',#1080,.T.);
#758=FACE_OUTER_BOUND('',#1081,.T.);
#759=FACE_OUTER_BOUND('',#1082,.T.);
#760=FACE_OUTER_BOUND('',#1083,.T.);
#761=FACE_OUTER_BOUND('',#1084,.T.);
#762=FACE_OUTER_BOUND('',#1085,.T.);
#763=FACE_OUTER_BOUND('',#1086,.T.);
#764=FACE_OUTER_BOUND('',#1087,.T.);
#765=FACE_OUTER_BOUND('',#1088,.T.);
#766=FACE_OUTER_BOUND('',#1089,.T.);
#767=FACE_OUTER_BOUND('',#1090,.T.);
#768=FACE_OUTER_BOUND('',#1091,.T.);
#769=FACE_OUTER_BOUND('',#1092,.T.);
#770=FACE_OUTER_BOUND('',#1093,.T.);
#771=FACE_OUTER_BOUND('',#1094,.T.);
#772=FACE_OUTER_BOUND('',#1095,.T.);
#773=FACE_OUTER_BOUND('',#1096,.T.);
#774=FACE_OUTER_BOUND('',#1097,.T.);
#775=FACE_OUTER_BOUND('',#1098,.T.);
#776=FACE_OUTER_BOUND('',#1099,.T.);
#777=FACE_OUTER_BOUND('',#1100,.T.);
#778=FACE_OUTER_BOUND('',#1101,.T.);
#779=FACE_OUTER_BOUND('',#1102,.T.);
#780=FACE_OUTER_BOUND('',#1103,.T.);
#781=FACE_OUTER_BOUND('',#1104,.T.);
#782=FACE_OUTER_BOUND('',#1105,.T.);
#783=FACE_OUTER_BOUND('',#1106,.T.);
#784=FACE_OUTER_BOUND('',#1107,.T.);
#785=FACE_OUTER_BOUND('',#1108,.T.);
#786=FACE_OUTER_BOUND('',#1109,.T.);
#787=FACE_OUTER_BOUND('',#1110,.T.);
#788=FACE_OUTER_BOUND('',#1111,.T.);
#789=FACE_OUTER_BOUND('',#1112,.T.);
#790=FACE_OUTER_BOUND('',#1113,.T.);
#791=FACE_OUTER_BOUND('',#1114,.T.);
#792=FACE_OUTER_BOUND('',#1115,.T.);
#793=FACE_OUTER_BOUND('',#1116,.T.);
#794=FACE_OUTER_BOUND('',#1117,.T.);
#795=FACE_OUTER_BOUND('',#1118,.T.);
#796=FACE_OUTER_BOUND('',#1119,.T.);
#797=FACE_OUTER_BOUND('',#1120,.T.);
#798=FACE_OUTER_BOUND('',#1121,.T.);
#799=FACE_OUTER_BOUND('',#1122,.T.);
#800=FACE_OUTER_BOUND('',#1123,.T.);
#801=FACE_OUTER_BOUND('',#1124,.T.);
#802=FACE_OUTER_BOUND('',#1125,.T.);
#803=FACE_OUTER_BOUND('',#1126,.T.);
#804=FACE_OUTER_BOUND('',#1127,.T.);
#805=FACE_OUTER_BOUND('',#1128,.T.);
#806=FACE_OUTER_BOUND('',#1129,.T.);
#807=FACE_OUTER_BOUND('',#1130,.T.);
#808=FACE_OUTER_BOUND('',#1131,.T.);
#809=FACE_OUTER_BOUND('',#1132,.T.);
#810=FACE_OUTER_BOUND('',#1133,.T.);
#811=FACE_OUTER_BOUND('',#1134,.T.);
#812=FACE_OUTER_BOUND('',#1135,.T.);
#813=FACE_OUTER_BOUND('',#1136,.T.);
#814=FACE_OUTER_BOUND('',#1137,.T.);
#815=FACE_OUTER_BOUND('',#1138,.T.);
#816=FACE_OUTER_BOUND('',#1140,.T.);
#817=FACE_OUTER_BOUND('',#1141,.T.);
#818=FACE_OUTER_BOUND('',#1142,.T.);
#819=FACE_OUTER_BOUND('',#1143,.T.);
#820=FACE_OUTER_BOUND('',#1144,.T.);
#821=FACE_OUTER_BOUND('',#1145,.T.);
#822=FACE_OUTER_BOUND('',#1146,.T.);
#823=FACE_OUTER_BOUND('',#1147,.T.);
#824=FACE_OUTER_BOUND('',#1148,.T.);
#825=FACE_OUTER_BOUND('',#1149,.T.);
#826=FACE_OUTER_BOUND('',#1150,.T.);
#827=FACE_OUTER_BOUND('',#1151,.T.);
#828=FACE_OUTER_BOUND('',#1152,.T.);
#829=FACE_OUTER_BOUND('',#1153,.T.);
#830=FACE_OUTER_BOUND('',#1154,.T.);
#831=FACE_OUTER_BOUND('',#1155,.T.);
#832=FACE_OUTER_BOUND('',#1156,.T.);
#833=FACE_OUTER_BOUND('',#1157,.T.);
#834=FACE_OUTER_BOUND('',#1158,.T.);
#835=FACE_OUTER_BOUND('',#1159,.T.);
#836=FACE_OUTER_BOUND('',#1160,.T.);
#837=FACE_OUTER_BOUND('',#1166,.T.);
#838=FACE_OUTER_BOUND('',#1167,.T.);
#839=FACE_OUTER_BOUND('',#1168,.T.);
#840=FACE_OUTER_BOUND('',#1169,.T.);
#841=FACE_OUTER_BOUND('',#1170,.T.);
#842=FACE_OUTER_BOUND('',#1171,.T.);
#843=FACE_OUTER_BOUND('',#1172,.T.);
#844=FACE_OUTER_BOUND('',#1173,.T.);
#845=FACE_OUTER_BOUND('',#1174,.T.);
#846=FACE_OUTER_BOUND('',#1175,.T.);
#847=FACE_OUTER_BOUND('',#1176,.T.);
#848=FACE_OUTER_BOUND('',#1177,.T.);
#849=FACE_OUTER_BOUND('',#1198,.T.);
#850=FACE_OUTER_BOUND('',#1199,.T.);
#851=FACE_OUTER_BOUND('',#1200,.T.);
#852=FACE_OUTER_BOUND('',#1201,.T.);
#853=FACE_OUTER_BOUND('',#1202,.T.);
#854=FACE_OUTER_BOUND('',#1203,.T.);
#855=FACE_OUTER_BOUND('',#1204,.T.);
#856=FACE_OUTER_BOUND('',#1205,.T.);
#857=FACE_OUTER_BOUND('',#1206,.T.);
#858=FACE_OUTER_BOUND('',#1207,.T.);
#859=FACE_OUTER_BOUND('',#1208,.T.);
#860=FACE_OUTER_BOUND('',#1209,.T.);
#861=FACE_OUTER_BOUND('',#1210,.T.);
#862=FACE_OUTER_BOUND('',#1211,.T.);
#863=FACE_OUTER_BOUND('',#1212,.T.);
#864=FACE_OUTER_BOUND('',#1213,.T.);
#865=FACE_OUTER_BOUND('',#1214,.T.);
#866=FACE_OUTER_BOUND('',#1215,.T.);
#867=FACE_OUTER_BOUND('',#1216,.T.);
#868=FACE_OUTER_BOUND('',#1217,.T.);
#869=FACE_OUTER_BOUND('',#1218,.T.);
#870=FACE_OUTER_BOUND('',#1219,.T.);
#871=FACE_OUTER_BOUND('',#1220,.T.);
#872=FACE_OUTER_BOUND('',#1221,.T.);
#873=FACE_OUTER_BOUND('',#1222,.T.);
#874=FACE_OUTER_BOUND('',#1223,.T.);
#875=FACE_OUTER_BOUND('',#1224,.T.);
#876=FACE_OUTER_BOUND('',#1225,.T.);
#877=FACE_OUTER_BOUND('',#1226,.T.);
#878=FACE_OUTER_BOUND('',#1227,.T.);
#879=FACE_OUTER_BOUND('',#1228,.T.);
#880=FACE_OUTER_BOUND('',#1229,.T.);
#881=FACE_OUTER_BOUND('',#1230,.T.);
#882=FACE_OUTER_BOUND('',#1231,.T.);
#883=FACE_OUTER_BOUND('',#1232,.T.);
#884=FACE_OUTER_BOUND('',#1233,.T.);
#885=FACE_OUTER_BOUND('',#1234,.T.);
#886=FACE_OUTER_BOUND('',#1235,.T.);
#887=FACE_OUTER_BOUND('',#1236,.T.);
#888=FACE_OUTER_BOUND('',#1237,.T.);
#889=FACE_OUTER_BOUND('',#1238,.T.);
#890=FACE_OUTER_BOUND('',#1239,.T.);
#891=FACE_OUTER_BOUND('',#1240,.T.);
#892=FACE_OUTER_BOUND('',#1241,.T.);
#893=FACE_OUTER_BOUND('',#1242,.T.);
#894=FACE_OUTER_BOUND('',#1243,.T.);
#895=FACE_OUTER_BOUND('',#1244,.T.);
#896=FACE_OUTER_BOUND('',#1245,.T.);
#897=FACE_OUTER_BOUND('',#1246,.T.);
#898=FACE_OUTER_BOUND('',#1247,.T.);
#899=FACE_OUTER_BOUND('',#1248,.T.);
#900=FACE_OUTER_BOUND('',#1249,.T.);
#901=FACE_OUTER_BOUND('',#1250,.T.);
#902=FACE_OUTER_BOUND('',#1251,.T.);
#903=FACE_OUTER_BOUND('',#1252,.T.);
#904=FACE_OUTER_BOUND('',#1253,.T.);
#905=FACE_OUTER_BOUND('',#1254,.T.);
#906=FACE_OUTER_BOUND('',#1255,.T.);
#907=FACE_OUTER_BOUND('',#1256,.T.);
#908=FACE_OUTER_BOUND('',#1257,.T.);
#909=FACE_OUTER_BOUND('',#1258,.T.);
#910=FACE_OUTER_BOUND('',#1260,.T.);
#911=FACE_OUTER_BOUND('',#1261,.T.);
#912=FACE_OUTER_BOUND('',#1262,.T.);
#913=FACE_OUTER_BOUND('',#1263,.T.);
#914=FACE_OUTER_BOUND('',#1264,.T.);
#915=FACE_OUTER_BOUND('',#1265,.T.);
#916=FACE_OUTER_BOUND('',#1266,.T.);
#917=FACE_OUTER_BOUND('',#1267,.T.);
#918=FACE_OUTER_BOUND('',#1268,.T.);
#919=FACE_OUTER_BOUND('',#1269,.T.);
#920=FACE_OUTER_BOUND('',#1270,.T.);
#921=FACE_OUTER_BOUND('',#1271,.T.);
#922=FACE_OUTER_BOUND('',#1272,.T.);
#923=FACE_OUTER_BOUND('',#1273,.T.);
#924=FACE_OUTER_BOUND('',#1274,.T.);
#925=FACE_OUTER_BOUND('',#1275,.T.);
#926=FACE_OUTER_BOUND('',#1276,.T.);
#927=FACE_OUTER_BOUND('',#1277,.T.);
#928=FACE_OUTER_BOUND('',#1278,.T.);
#929=FACE_OUTER_BOUND('',#1279,.T.);
#930=FACE_OUTER_BOUND('',#1280,.T.);
#931=FACE_OUTER_BOUND('',#1281,.T.);
#932=FACE_OUTER_BOUND('',#1284,.T.);
#933=FACE_OUTER_BOUND('',#1285,.T.);
#934=FACE_OUTER_BOUND('',#1286,.T.);
#935=FACE_OUTER_BOUND('',#1287,.T.);
#936=FACE_OUTER_BOUND('',#1288,.T.);
#937=FACE_OUTER_BOUND('',#1289,.T.);
#938=FACE_OUTER_BOUND('',#1290,.T.);
#939=FACE_OUTER_BOUND('',#1291,.T.);
#940=FACE_OUTER_BOUND('',#1292,.T.);
#941=FACE_OUTER_BOUND('',#1293,.T.);
#942=FACE_OUTER_BOUND('',#1294,.T.);
#943=FACE_OUTER_BOUND('',#1295,.T.);
#944=FACE_OUTER_BOUND('',#1296,.T.);
#945=EDGE_LOOP('',(#3579,#3580,#3581,#3582));
#946=EDGE_LOOP('',(#3583,#3584,#3585,#3586));
#947=EDGE_LOOP('',(#3587,#3588,#3589,#3590));
#948=EDGE_LOOP('',(#3591,#3592,#3593,#3594));
#949=EDGE_LOOP('',(#3595,#3596,#3597,#3598));
#950=EDGE_LOOP('',(#3599,#3600,#3601,#3602));
#951=EDGE_LOOP('',(#3603,#3604,#3605,#3606));
#952=EDGE_LOOP('',(#3607,#3608,#3609,#3610));
#953=EDGE_LOOP('',(#3611,#3612,#3613,#3614));
#954=EDGE_LOOP('',(#3615,#3616,#3617,#3618));
#955=EDGE_LOOP('',(#3619,#3620,#3621,#3622));
#956=EDGE_LOOP('',(#3623,#3624,#3625,#3626));
#957=EDGE_LOOP('',(#3627,#3628,#3629,#3630));
#958=EDGE_LOOP('',(#3631,#3632,#3633,#3634));
#959=EDGE_LOOP('',(#3635,#3636,#3637,#3638));
#960=EDGE_LOOP('',(#3639,#3640,#3641,#3642));
#961=EDGE_LOOP('',(#3643,#3644,#3645,#3646));
#962=EDGE_LOOP('',(#3647,#3648,#3649,#3650,#3651,#3652,#3653,#3654,#3655,
#3656,#3657,#3658,#3659,#3660,#3661,#3662,#3663));
#963=EDGE_LOOP('',(#3664,#3665,#3666,#3667));
#964=EDGE_LOOP('',(#3668,#3669,#3670,#3671));
#965=EDGE_LOOP('',(#3672,#3673,#3674,#3675));
#966=EDGE_LOOP('',(#3676,#3677,#3678,#3679));
#967=EDGE_LOOP('',(#3680,#3681,#3682,#3683));
#968=EDGE_LOOP('',(#3684,#3685,#3686,#3687));
#969=EDGE_LOOP('',(#3688,#3689,#3690,#3691));
#970=EDGE_LOOP('',(#3692,#3693,#3694,#3695));
#971=EDGE_LOOP('',(#3696,#3697,#3698,#3699));
#972=EDGE_LOOP('',(#3700,#3701,#3702,#3703));
#973=EDGE_LOOP('',(#3704,#3705,#3706,#3707));
#974=EDGE_LOOP('',(#3708,#3709,#3710,#3711));
#975=EDGE_LOOP('',(#3712,#3713,#3714,#3715));
#976=EDGE_LOOP('',(#3716,#3717,#3718,#3719,#3720,#3721,#3722,#3723));
#977=EDGE_LOOP('',(#3724,#3725,#3726,#3727,#3728));
#978=EDGE_LOOP('',(#3729,#3730,#3731,#3732));
#979=EDGE_LOOP('',(#3733,#3734,#3735,#3736));
#980=EDGE_LOOP('',(#3737,#3738,#3739,#3740));
#981=EDGE_LOOP('',(#3741,#3742,#3743,#3744));
#982=EDGE_LOOP('',(#3745,#3746,#3747,#3748));
#983=EDGE_LOOP('',(#3749,#3750,#3751,#3752));
#984=EDGE_LOOP('',(#3753,#3754,#3755,#3756));
#985=EDGE_LOOP('',(#3757,#3758,#3759,#3760));
#986=EDGE_LOOP('',(#3761,#3762,#3763,#3764));
#987=EDGE_LOOP('',(#3765,#3766,#3767,#3768));
#988=EDGE_LOOP('',(#3769,#3770,#3771,#3772));
#989=EDGE_LOOP('',(#3773,#3774,#3775,#3776));
#990=EDGE_LOOP('',(#3777,#3778,#3779,#3780));
#991=EDGE_LOOP('',(#3781,#3782,#3783,#3784,#3785,#3786,#3787,#3788,#3789,
#3790,#3791,#3792,#3793));
#992=EDGE_LOOP('',(#3794,#3795,#3796,#3797));
#993=EDGE_LOOP('',(#3798,#3799,#3800,#3801));
#994=EDGE_LOOP('',(#3802,#3803,#3804,#3805));
#995=EDGE_LOOP('',(#3806,#3807,#3808,#3809));
#996=EDGE_LOOP('',(#3810,#3811,#3812,#3813));
#997=EDGE_LOOP('',(#3814,#3815,#3816,#3817));
#998=EDGE_LOOP('',(#3818,#3819,#3820,#3821));
#999=EDGE_LOOP('',(#3822,#3823,#3824,#3825));
#1000=EDGE_LOOP('',(#3826,#3827,#3828,#3829));
#1001=EDGE_LOOP('',(#3830,#3831,#3832,#3833));
#1002=EDGE_LOOP('',(#3834,#3835,#3836,#3837));
#1003=EDGE_LOOP('',(#3838,#3839,#3840,#3841));
#1004=EDGE_LOOP('',(#3842,#3843,#3844,#3845));
#1005=EDGE_LOOP('',(#3846,#3847,#3848,#3849));
#1006=EDGE_LOOP('',(#3850,#3851,#3852,#3853));
#1007=EDGE_LOOP('',(#3854,#3855,#3856,#3857));
#1008=EDGE_LOOP('',(#3858,#3859,#3860,#3861));
#1009=EDGE_LOOP('',(#3862,#3863,#3864,#3865));
#1010=EDGE_LOOP('',(#3866,#3867,#3868,#3869));
#1011=EDGE_LOOP('',(#3870,#3871,#3872,#3873));
#1012=EDGE_LOOP('',(#3874,#3875,#3876,#3877,#3878,#3879,#3880,#3881,#3882,
#3883,#3884,#3885,#3886,#3887,#3888));
#1013=EDGE_LOOP('',(#3889,#3890,#3891,#3892,#3893));
#1014=EDGE_LOOP('',(#3894,#3895,#3896,#3897));
#1015=EDGE_LOOP('',(#3898,#3899,#3900,#3901));
#1016=EDGE_LOOP('',(#3902,#3903,#3904,#3905));
#1017=EDGE_LOOP('',(#3906,#3907,#3908,#3909));
#1018=EDGE_LOOP('',(#3910,#3911,#3912,#3913));
#1019=EDGE_LOOP('',(#3914,#3915,#3916,#3917));
#1020=EDGE_LOOP('',(#3918,#3919,#3920,#3921));
#1021=EDGE_LOOP('',(#3922,#3923,#3924,#3925));
#1022=EDGE_LOOP('',(#3926,#3927,#3928,#3929));
#1023=EDGE_LOOP('',(#3930,#3931,#3932,#3933));
#1024=EDGE_LOOP('',(#3934,#3935,#3936,#3937));
#1025=EDGE_LOOP('',(#3938,#3939,#3940,#3941));
#1026=EDGE_LOOP('',(#3942,#3943,#3944,#3945));
#1027=EDGE_LOOP('',(#3946,#3947,#3948,#3949));
#1028=EDGE_LOOP('',(#3950,#3951,#3952,#3953));
#1029=EDGE_LOOP('',(#3954,#3955,#3956,#3957));
#1030=EDGE_LOOP('',(#3958,#3959,#3960,#3961));
#1031=EDGE_LOOP('',(#3962,#3963,#3964,#3965));
#1032=EDGE_LOOP('',(#3966,#3967,#3968,#3969));
#1033=EDGE_LOOP('',(#3970,#3971,#3972,#3973));
#1034=EDGE_LOOP('',(#3974,#3975,#3976,#3977));
#1035=EDGE_LOOP('',(#3978,#3979,#3980,#3981));
#1036=EDGE_LOOP('',(#3982,#3983,#3984,#3985));
#1037=EDGE_LOOP('',(#3986,#3987,#3988,#3989));
#1038=EDGE_LOOP('',(#3990,#3991,#3992,#3993));
#1039=EDGE_LOOP('',(#3994,#3995,#3996,#3997,#3998,#3999,#4000,#4001,#4002,
#4003,#4004,#4005,#4006,#4007,#4008));
#1040=EDGE_LOOP('',(#4009,#4010,#4011,#4012,#4013));
#1041=EDGE_LOOP('',(#4014,#4015,#4016,#4017));
#1042=EDGE_LOOP('',(#4018,#4019,#4020,#4021));
#1043=EDGE_LOOP('',(#4022,#4023,#4024,#4025));
#1044=EDGE_LOOP('',(#4026,#4027,#4028,#4029));
#1045=EDGE_LOOP('',(#4030,#4031,#4032,#4033));
#1046=EDGE_LOOP('',(#4034,#4035,#4036,#4037));
#1047=EDGE_LOOP('',(#4038,#4039,#4040,#4041));
#1048=EDGE_LOOP('',(#4042,#4043,#4044,#4045));
#1049=EDGE_LOOP('',(#4046,#4047,#4048,#4049));
#1050=EDGE_LOOP('',(#4050,#4051,#4052,#4053));
#1051=EDGE_LOOP('',(#4054,#4055,#4056,#4057));
#1052=EDGE_LOOP('',(#4058,#4059,#4060,#4061));
#1053=EDGE_LOOP('',(#4062,#4063,#4064,#4065));
#1054=EDGE_LOOP('',(#4066,#4067,#4068,#4069));
#1055=EDGE_LOOP('',(#4070,#4071,#4072,#4073));
#1056=EDGE_LOOP('',(#4074,#4075,#4076,#4077));
#1057=EDGE_LOOP('',(#4078,#4079,#4080,#4081));
#1058=EDGE_LOOP('',(#4082,#4083,#4084,#4085));
#1059=EDGE_LOOP('',(#4086,#4087,#4088,#4089));
#1060=EDGE_LOOP('',(#4090,#4091,#4092,#4093));
#1061=EDGE_LOOP('',(#4094,#4095,#4096,#4097));
#1062=EDGE_LOOP('',(#4098,#4099,#4100,#4101));
#1063=EDGE_LOOP('',(#4102,#4103,#4104,#4105));
#1064=EDGE_LOOP('',(#4106,#4107,#4108,#4109));
#1065=EDGE_LOOP('',(#4110,#4111,#4112,#4113));
#1066=EDGE_LOOP('',(#4114,#4115,#4116,#4117));
#1067=EDGE_LOOP('',(#4118,#4119,#4120,#4121));
#1068=EDGE_LOOP('',(#4122,#4123,#4124,#4125));
#1069=EDGE_LOOP('',(#4126,#4127,#4128,#4129));
#1070=EDGE_LOOP('',(#4130,#4131,#4132,#4133));
#1071=EDGE_LOOP('',(#4134,#4135,#4136,#4137));
#1072=EDGE_LOOP('',(#4138,#4139,#4140,#4141));
#1073=EDGE_LOOP('',(#4142,#4143,#4144,#4145));
#1074=EDGE_LOOP('',(#4146,#4147,#4148,#4149));
#1075=EDGE_LOOP('',(#4150,#4151,#4152,#4153));
#1076=EDGE_LOOP('',(#4154,#4155,#4156,#4157));
#1077=EDGE_LOOP('',(#4158,#4159,#4160,#4161));
#1078=EDGE_LOOP('',(#4162,#4163,#4164,#4165,#4166,#4167,#4168,#4169,#4170,
#4171,#4172,#4173,#4174,#4175,#4176,#4177,#4178,#4179,#4180,#4181,#4182,
#4183,#4184,#4185,#4186,#4187,#4188));
#1079=EDGE_LOOP('',(#4189,#4190,#4191,#4192,#4193,#4194,#4195,#4196,#4197,
#4198));
#1080=EDGE_LOOP('',(#4199,#4200,#4201,#4202));
#1081=EDGE_LOOP('',(#4203,#4204,#4205,#4206));
#1082=EDGE_LOOP('',(#4207,#4208,#4209,#4210));
#1083=EDGE_LOOP('',(#4211,#4212,#4213,#4214));
#1084=EDGE_LOOP('',(#4215,#4216,#4217,#4218));
#1085=EDGE_LOOP('',(#4219,#4220,#4221,#4222));
#1086=EDGE_LOOP('',(#4223,#4224,#4225,#4226));
#1087=EDGE_LOOP('',(#4227,#4228,#4229,#4230));
#1088=EDGE_LOOP('',(#4231,#4232,#4233,#4234));
#1089=EDGE_LOOP('',(#4235,#4236,#4237,#4238));
#1090=EDGE_LOOP('',(#4239,#4240,#4241,#4242));
#1091=EDGE_LOOP('',(#4243,#4244,#4245,#4246));
#1092=EDGE_LOOP('',(#4247,#4248,#4249,#4250));
#1093=EDGE_LOOP('',(#4251,#4252,#4253,#4254));
#1094=EDGE_LOOP('',(#4255,#4256,#4257,#4258));
#1095=EDGE_LOOP('',(#4259,#4260,#4261,#4262));
#1096=EDGE_LOOP('',(#4263,#4264,#4265,#4266));
#1097=EDGE_LOOP('',(#4267,#4268,#4269,#4270));
#1098=EDGE_LOOP('',(#4271,#4272,#4273,#4274,#4275,#4276,#4277,#4278,#4279,
#4280,#4281,#4282,#4283,#4284,#4285,#4286,#4287,#4288));
#1099=EDGE_LOOP('',(#4289,#4290,#4291,#4292));
#1100=EDGE_LOOP('',(#4293,#4294,#4295,#4296));
#1101=EDGE_LOOP('',(#4297,#4298,#4299,#4300));
#1102=EDGE_LOOP('',(#4301,#4302,#4303,#4304));
#1103=EDGE_LOOP('',(#4305,#4306,#4307,#4308));
#1104=EDGE_LOOP('',(#4309,#4310,#4311,#4312));
#1105=EDGE_LOOP('',(#4313,#4314,#4315,#4316));
#1106=EDGE_LOOP('',(#4317,#4318,#4319,#4320));
#1107=EDGE_LOOP('',(#4321,#4322,#4323,#4324));
#1108=EDGE_LOOP('',(#4325,#4326,#4327,#4328));
#1109=EDGE_LOOP('',(#4329,#4330,#4331,#4332));
#1110=EDGE_LOOP('',(#4333,#4334,#4335,#4336));
#1111=EDGE_LOOP('',(#4337,#4338,#4339,#4340));
#1112=EDGE_LOOP('',(#4341,#4342,#4343,#4344));
#1113=EDGE_LOOP('',(#4345,#4346,#4347,#4348));
#1114=EDGE_LOOP('',(#4349,#4350,#4351,#4352));
#1115=EDGE_LOOP('',(#4353,#4354,#4355,#4356));
#1116=EDGE_LOOP('',(#4357,#4358,#4359,#4360));
#1117=EDGE_LOOP('',(#4361,#4362,#4363,#4364,#4365,#4366,#4367,#4368,#4369,
#4370,#4371,#4372,#4373,#4374,#4375,#4376,#4377,#4378));
#1118=EDGE_LOOP('',(#4379,#4380,#4381,#4382));
#1119=EDGE_LOOP('',(#4383,#4384,#4385,#4386));
#1120=EDGE_LOOP('',(#4387,#4388,#4389,#4390));
#1121=EDGE_LOOP('',(#4391,#4392,#4393,#4394));
#1122=EDGE_LOOP('',(#4395,#4396,#4397,#4398));
#1123=EDGE_LOOP('',(#4399,#4400,#4401,#4402));
#1124=EDGE_LOOP('',(#4403,#4404,#4405,#4406));
#1125=EDGE_LOOP('',(#4407,#4408,#4409,#4410));
#1126=EDGE_LOOP('',(#4411,#4412,#4413,#4414));
#1127=EDGE_LOOP('',(#4415,#4416,#4417,#4418));
#1128=EDGE_LOOP('',(#4419,#4420,#4421,#4422));
#1129=EDGE_LOOP('',(#4423,#4424,#4425,#4426));
#1130=EDGE_LOOP('',(#4427,#4428,#4429,#4430));
#1131=EDGE_LOOP('',(#4431,#4432,#4433,#4434));
#1132=EDGE_LOOP('',(#4435,#4436,#4437,#4438));
#1133=EDGE_LOOP('',(#4439,#4440,#4441,#4442));
#1134=EDGE_LOOP('',(#4443,#4444,#4445,#4446));
#1135=EDGE_LOOP('',(#4447,#4448,#4449,#4450));
#1136=EDGE_LOOP('',(#4451,#4452,#4453,#4454));
#1137=EDGE_LOOP('',(#4455,#4456,#4457,#4458));
#1138=EDGE_LOOP('',(#4459,#4460,#4461,#4462,#4463,#4464,#4465,#4466,#4467,
#4468,#4469,#4470,#4471,#4472,#4473));
#1139=EDGE_LOOP('',(#4474,#4475,#4476,#4477,#4478));
#1140=EDGE_LOOP('',(#4479,#4480,#4481,#4482));
#1141=EDGE_LOOP('',(#4483,#4484,#4485,#4486));
#1142=EDGE_LOOP('',(#4487,#4488,#4489,#4490));
#1143=EDGE_LOOP('',(#4491,#4492,#4493,#4494));
#1144=EDGE_LOOP('',(#4495,#4496,#4497,#4498));
#1145=EDGE_LOOP('',(#4499,#4500,#4501,#4502));
#1146=EDGE_LOOP('',(#4503,#4504,#4505,#4506));
#1147=EDGE_LOOP('',(#4507,#4508,#4509,#4510));
#1148=EDGE_LOOP('',(#4511,#4512,#4513,#4514,#4515,#4516,#4517,#4518));
#1149=EDGE_LOOP('',(#4519,#4520,#4521,#4522,#4523));
#1150=EDGE_LOOP('',(#4524,#4525,#4526,#4527,#4528,#4529,#4530,#4531,#4532,
#4533));
#1151=EDGE_LOOP('',(#4534,#4535,#4536,#4537,#4538));
#1152=EDGE_LOOP('',(#4539,#4540,#4541,#4542,#4543));
#1153=EDGE_LOOP('',(#4544,#4545,#4546,#4547,#4548));
#1154=EDGE_LOOP('',(#4549,#4550,#4551,#4552));
#1155=EDGE_LOOP('',(#4553,#4554,#4555,#4556));
#1156=EDGE_LOOP('',(#4557,#4558,#4559,#4560));
#1157=EDGE_LOOP('',(#4561,#4562,#4563,#4564));
#1158=EDGE_LOOP('',(#4565,#4566,#4567,#4568));
#1159=EDGE_LOOP('',(#4569,#4570,#4571,#4572));
#1160=EDGE_LOOP('',(#4573,#4574,#4575,#4576,#4577,#4578,#4579,#4580,#4581,
#4582,#4583,#4584,#4585,#4586,#4587,#4588));
#1161=EDGE_LOOP('',(#4589,#4590,#4591,#4592));
#1162=EDGE_LOOP('',(#4593));
#1163=EDGE_LOOP('',(#4594));
#1164=EDGE_LOOP('',(#4595));
#1165=EDGE_LOOP('',(#4596,#4597,#4598,#4599));
#1166=EDGE_LOOP('',(#4600,#4601,#4602,#4603));
#1167=EDGE_LOOP('',(#4604,#4605,#4606,#4607));
#1168=EDGE_LOOP('',(#4608,#4609,#4610,#4611));
#1169=EDGE_LOOP('',(#4612,#4613,#4614,#4615));
#1170=EDGE_LOOP('',(#4616,#4617,#4618,#4619));
#1171=EDGE_LOOP('',(#4620,#4621,#4622,#4623));
#1172=EDGE_LOOP('',(#4624,#4625,#4626,#4627));
#1173=EDGE_LOOP('',(#4628,#4629,#4630,#4631));
#1174=EDGE_LOOP('',(#4632,#4633,#4634,#4635));
#1175=EDGE_LOOP('',(#4636,#4637,#4638,#4639));
#1176=EDGE_LOOP('',(#4640,#4641,#4642,#4643));
#1177=EDGE_LOOP('',(#4644,#4645,#4646,#4647,#4648,#4649,#4650,#4651));
#1178=EDGE_LOOP('',(#4652,#4653,#4654,#4655));
#1179=EDGE_LOOP('',(#4656));
#1180=EDGE_LOOP('',(#4657));
#1181=EDGE_LOOP('',(#4658));
#1182=EDGE_LOOP('',(#4659));
#1183=EDGE_LOOP('',(#4660));
#1184=EDGE_LOOP('',(#4661));
#1185=EDGE_LOOP('',(#4662,#4663,#4664,#4665));
#1186=EDGE_LOOP('',(#4666,#4667,#4668,#4669));
#1187=EDGE_LOOP('',(#4670,#4671,#4672,#4673,#4674,#4675,#4676,#4677));
#1188=EDGE_LOOP('',(#4678,#4679,#4680,#4681,#4682,#4683,#4684,#4685,#4686,
#4687,#4688,#4689,#4690,#4691,#4692));
#1189=EDGE_LOOP('',(#4693,#4694,#4695,#4696,#4697,#4698,#4699,#4700,#4701,
#4702,#4703,#4704,#4705,#4706,#4707,#4708,#4709,#4710));
#1190=EDGE_LOOP('',(#4711,#4712,#4713,#4714,#4715,#4716,#4717,#4718,#4719,
#4720,#4721,#4722,#4723,#4724,#4725,#4726,#4727,#4728));
#1191=EDGE_LOOP('',(#4729,#4730,#4731,#4732,#4733,#4734,#4735,#4736,#4737,
#4738,#4739,#4740,#4741,#4742,#4743,#4744,#4745,#4746,#4747,#4748,#4749,
#4750,#4751,#4752,#4753,#4754,#4755));
#1192=EDGE_LOOP('',(#4756,#4757,#4758,#4759,#4760,#4761,#4762,#4763,#4764,
#4765,#4766,#4767,#4768,#4769,#4770));
#1193=EDGE_LOOP('',(#4771,#4772,#4773,#4774));
#1194=EDGE_LOOP('',(#4775,#4776,#4777,#4778,#4779,#4780,#4781,#4782,#4783,
#4784,#4785,#4786,#4787,#4788,#4789));
#1195=EDGE_LOOP('',(#4790,#4791,#4792,#4793,#4794,#4795,#4796,#4797,#4798,
#4799,#4800,#4801,#4802));
#1196=EDGE_LOOP('',(#4803,#4804,#4805,#4806,#4807,#4808,#4809,#4810));
#1197=EDGE_LOOP('',(#4811,#4812,#4813,#4814,#4815,#4816,#4817,#4818,#4819,
#4820,#4821,#4822,#4823,#4824,#4825,#4826,#4827));
#1198=EDGE_LOOP('',(#4828,#4829,#4830,#4831));
#1199=EDGE_LOOP('',(#4832,#4833,#4834,#4835));
#1200=EDGE_LOOP('',(#4836,#4837,#4838,#4839));
#1201=EDGE_LOOP('',(#4840,#4841,#4842,#4843));
#1202=EDGE_LOOP('',(#4844,#4845,#4846,#4847));
#1203=EDGE_LOOP('',(#4848,#4849,#4850,#4851));
#1204=EDGE_LOOP('',(#4852,#4853,#4854,#4855));
#1205=EDGE_LOOP('',(#4856,#4857,#4858));
#1206=EDGE_LOOP('',(#4859,#4860,#4861,#4862));
#1207=EDGE_LOOP('',(#4863,#4864,#4865,#4866,#4867,#4868,#4869,#4870,#4871,
#4872));
#1208=EDGE_LOOP('',(#4873,#4874,#4875,#4876,#4877));
#1209=EDGE_LOOP('',(#4878,#4879,#4880,#4881));
#1210=EDGE_LOOP('',(#4882,#4883,#4884,#4885));
#1211=EDGE_LOOP('',(#4886,#4887,#4888,#4889));
#1212=EDGE_LOOP('',(#4890,#4891,#4892,#4893));
#1213=EDGE_LOOP('',(#4894,#4895,#4896,#4897));
#1214=EDGE_LOOP('',(#4898,#4899,#4900,#4901));
#1215=EDGE_LOOP('',(#4902,#4903,#4904,#4905));
#1216=EDGE_LOOP('',(#4906,#4907,#4908,#4909));
#1217=EDGE_LOOP('',(#4910,#4911,#4912,#4913));
#1218=EDGE_LOOP('',(#4914,#4915,#4916,#4917));
#1219=EDGE_LOOP('',(#4918,#4919,#4920,#4921));
#1220=EDGE_LOOP('',(#4922,#4923,#4924,#4925));
#1221=EDGE_LOOP('',(#4926,#4927,#4928,#4929));
#1222=EDGE_LOOP('',(#4930,#4931,#4932,#4933));
#1223=EDGE_LOOP('',(#4934,#4935,#4936,#4937));
#1224=EDGE_LOOP('',(#4938,#4939,#4940,#4941));
#1225=EDGE_LOOP('',(#4942,#4943,#4944,#4945));
#1226=EDGE_LOOP('',(#4946,#4947,#4948,#4949));
#1227=EDGE_LOOP('',(#4950,#4951,#4952,#4953));
#1228=EDGE_LOOP('',(#4954,#4955,#4956,#4957));
#1229=EDGE_LOOP('',(#4958,#4959,#4960,#4961));
#1230=EDGE_LOOP('',(#4962,#4963,#4964,#4965));
#1231=EDGE_LOOP('',(#4966,#4967,#4968,#4969,#4970,#4971));
#1232=EDGE_LOOP('',(#4972,#4973,#4974,#4975,#4976,#4977));
#1233=EDGE_LOOP('',(#4978,#4979,#4980,#4981,#4982));
#1234=EDGE_LOOP('',(#4983,#4984,#4985,#4986));
#1235=EDGE_LOOP('',(#4987,#4988,#4989,#4990));
#1236=EDGE_LOOP('',(#4991,#4992,#4993,#4994));
#1237=EDGE_LOOP('',(#4995,#4996,#4997,#4998,#4999));
#1238=EDGE_LOOP('',(#5000,#5001,#5002,#5003));
#1239=EDGE_LOOP('',(#5004,#5005,#5006,#5007));
#1240=EDGE_LOOP('',(#5008,#5009,#5010,#5011));
#1241=EDGE_LOOP('',(#5012,#5013,#5014,#5015));
#1242=EDGE_LOOP('',(#5016,#5017,#5018,#5019));
#1243=EDGE_LOOP('',(#5020,#5021,#5022,#5023));
#1244=EDGE_LOOP('',(#5024,#5025,#5026,#5027));
#1245=EDGE_LOOP('',(#5028,#5029,#5030,#5031));
#1246=EDGE_LOOP('',(#5032,#5033,#5034,#5035,#5036,#5037,#5038,#5039));
#1247=EDGE_LOOP('',(#5040,#5041,#5042,#5043));
#1248=EDGE_LOOP('',(#5044,#5045,#5046,#5047));
#1249=EDGE_LOOP('',(#5048,#5049,#5050,#5051));
#1250=EDGE_LOOP('',(#5052,#5053,#5054,#5055));
#1251=EDGE_LOOP('',(#5056,#5057,#5058,#5059));
#1252=EDGE_LOOP('',(#5060,#5061,#5062,#5063));
#1253=EDGE_LOOP('',(#5064,#5065,#5066,#5067));
#1254=EDGE_LOOP('',(#5068,#5069,#5070,#5071));
#1255=EDGE_LOOP('',(#5072,#5073,#5074,#5075));
#1256=EDGE_LOOP('',(#5076,#5077,#5078,#5079));
#1257=EDGE_LOOP('',(#5080,#5081,#5082,#5083));
#1258=EDGE_LOOP('',(#5084,#5085,#5086,#5087,#5088,#5089,#5090,#5091));
#1259=EDGE_LOOP('',(#5092,#5093,#5094,#5095));
#1260=EDGE_LOOP('',(#5096,#5097,#5098,#5099));
#1261=EDGE_LOOP('',(#5100,#5101,#5102,#5103));
#1262=EDGE_LOOP('',(#5104,#5105,#5106,#5107));
#1263=EDGE_LOOP('',(#5108,#5109,#5110,#5111));
#1264=EDGE_LOOP('',(#5112,#5113,#5114,#5115));
#1265=EDGE_LOOP('',(#5116,#5117,#5118,#5119));
#1266=EDGE_LOOP('',(#5120,#5121,#5122,#5123));
#1267=EDGE_LOOP('',(#5124,#5125,#5126,#5127));
#1268=EDGE_LOOP('',(#5128,#5129,#5130,#5131));
#1269=EDGE_LOOP('',(#5132,#5133,#5134,#5135));
#1270=EDGE_LOOP('',(#5136,#5137,#5138,#5139));
#1271=EDGE_LOOP('',(#5140,#5141,#5142,#5143));
#1272=EDGE_LOOP('',(#5144,#5145,#5146,#5147));
#1273=EDGE_LOOP('',(#5148,#5149,#5150,#5151));
#1274=EDGE_LOOP('',(#5152,#5153,#5154,#5155));
#1275=EDGE_LOOP('',(#5156,#5157,#5158,#5159));
#1276=EDGE_LOOP('',(#5160,#5161,#5162,#5163));
#1277=EDGE_LOOP('',(#5164,#5165,#5166,#5167,#5168));
#1278=EDGE_LOOP('',(#5169,#5170,#5171,#5172));
#1279=EDGE_LOOP('',(#5173,#5174,#5175,#5176,#5177));
#1280=EDGE_LOOP('',(#5178,#5179,#5180,#5181));
#1281=EDGE_LOOP('',(#5182,#5183,#5184,#5185,#5186,#5187,#5188,#5189,#5190,
#5191,#5192,#5193));
#1282=EDGE_LOOP('',(#5194));
#1283=EDGE_LOOP('',(#5195));
#1284=EDGE_LOOP('',(#5196,#5197,#5198,#5199));
#1285=EDGE_LOOP('',(#5200,#5201,#5202,#5203,#5204,#5205));
#1286=EDGE_LOOP('',(#5206,#5207,#5208,#5209));
#1287=EDGE_LOOP('',(#5210,#5211,#5212,#5213));
#1288=EDGE_LOOP('',(#5214,#5215,#5216,#5217));
#1289=EDGE_LOOP('',(#5218,#5219,#5220,#5221));
#1290=EDGE_LOOP('',(#5222,#5223,#5224,#5225,#5226,#5227,#5228));
#1291=EDGE_LOOP('',(#5229,#5230,#5231,#5232));
#1292=EDGE_LOOP('',(#5233,#5234,#5235,#5236));
#1293=EDGE_LOOP('',(#5237,#5238,#5239,#5240));
#1294=EDGE_LOOP('',(#5241,#5242,#5243,#5244));
#1295=EDGE_LOOP('',(#5245,#5246,#5247,#5248));
#1296=EDGE_LOOP('',(#5249,#5250,#5251,#5252));
#1297=LINE('',#7064,#1752);
#1298=LINE('',#7066,#1753);
#1299=LINE('',#7068,#1754);
#1300=LINE('',#7069,#1755);
#1301=LINE('',#7081,#1756);
#1302=LINE('',#7096,#1757);
#1303=LINE('',#7111,#1758);
#1304=LINE('',#7126,#1759);
#1305=LINE('',#7141,#1760);
#1306=LINE('',#7147,#1761);
#1307=LINE('',#7149,#1762);
#1308=LINE('',#7150,#1763);
#1309=LINE('',#7153,#1764);
#1310=LINE('',#7155,#1765);
#1311=LINE('',#7156,#1766);
#1312=LINE('',#7159,#1767);
#1313=LINE('',#7161,#1768);
#1314=LINE('',#7162,#1769);
#1315=LINE('',#7174,#1770);
#1316=LINE('',#7189,#1771);
#1317=LINE('',#7204,#1772);
#1318=LINE('',#7219,#1773);
#1319=LINE('',#7225,#1774);
#1320=LINE('',#7227,#1775);
#1321=LINE('',#7228,#1776);
#1322=LINE('',#7231,#1777);
#1323=LINE('',#7233,#1778);
#1324=LINE('',#7234,#1779);
#1325=LINE('',#7237,#1780);
#1326=LINE('',#7239,#1781);
#1327=LINE('',#7240,#1782);
#1328=LINE('',#7242,#1783);
#1329=LINE('',#7243,#1784);
#1330=LINE('',#7257,#1785);
#1331=LINE('',#7262,#1786);
#1332=LINE('',#7274,#1787);
#1333=LINE('',#7280,#1788);
#1334=LINE('',#7282,#1789);
#1335=LINE('',#7283,#1790);
#1336=LINE('',#7286,#1791);
#1337=LINE('',#7288,#1792);
#1338=LINE('',#7289,#1793);
#1339=LINE('',#7291,#1794);
#1340=LINE('',#7292,#1795);
#1341=LINE('',#7296,#1796);
#1342=LINE('',#7298,#1797);
#1343=LINE('',#7300,#1798);
#1344=LINE('',#7301,#1799);
#1345=LINE('',#7304,#1800);
#1346=LINE('',#7306,#1801);
#1347=LINE('',#7307,#1802);
#1348=LINE('',#7310,#1803);
#1349=LINE('',#7312,#1804);
#1350=LINE('',#7313,#1805);
#1351=LINE('',#7316,#1806);
#1352=LINE('',#7318,#1807);
#1353=LINE('',#7319,#1808);
#1354=LINE('',#7322,#1809);
#1355=LINE('',#7324,#1810);
#1356=LINE('',#7325,#1811);
#1357=LINE('',#7328,#1812);
#1358=LINE('',#7330,#1813);
#1359=LINE('',#7331,#1814);
#1360=LINE('',#7334,#1815);
#1361=LINE('',#7336,#1816);
#1362=LINE('',#7337,#1817);
#1363=LINE('',#7339,#1818);
#1364=LINE('',#7340,#1819);
#1365=LINE('',#7345,#1820);
#1366=LINE('',#7347,#1821);
#1367=LINE('',#7349,#1822);
#1368=LINE('',#7350,#1823);
#1369=LINE('',#7362,#1824);
#1370=LINE('',#7377,#1825);
#1371=LINE('',#7392,#1826);
#1372=LINE('',#7407,#1827);
#1373=LINE('',#7413,#1828);
#1374=LINE('',#7415,#1829);
#1375=LINE('',#7416,#1830);
#1376=LINE('',#7428,#1831);
#1377=LINE('',#7443,#1832);
#1378=LINE('',#7458,#1833);
#1379=LINE('',#7464,#1834);
#1380=LINE('',#7466,#1835);
#1381=LINE('',#7467,#1836);
#1382=LINE('',#7470,#1837);
#1383=LINE('',#7472,#1838);
#1384=LINE('',#7473,#1839);
#1385=LINE('',#7476,#1840);
#1386=LINE('',#7478,#1841);
#1387=LINE('',#7479,#1842);
#1388=LINE('',#7481,#1843);
#1389=LINE('',#7482,#1844);
#1390=LINE('',#7496,#1845);
#1391=LINE('',#7501,#1846);
#1392=LINE('',#7513,#1847);
#1393=LINE('',#7528,#1848);
#1394=LINE('',#7534,#1849);
#1395=LINE('',#7536,#1850);
#1396=LINE('',#7537,#1851);
#1397=LINE('',#7562,#1852);
#1398=LINE('',#7567,#1853);
#1399=LINE('',#7579,#1854);
#1400=LINE('',#7594,#1855);
#1401=LINE('',#7600,#1856);
#1402=LINE('',#7602,#1857);
#1403=LINE('',#7603,#1858);
#1404=LINE('',#7615,#1859);
#1405=LINE('',#7630,#1860);
#1406=LINE('',#7645,#1861);
#1407=LINE('',#7660,#1862);
#1408=LINE('',#7675,#1863);
#1409=LINE('',#7690,#1864);
#1410=LINE('',#7705,#1865);
#1411=LINE('',#7720,#1866);
#1412=LINE('',#7735,#1867);
#1413=LINE('',#7741,#1868);
#1414=LINE('',#7743,#1869);
#1415=LINE('',#7744,#1870);
#1416=LINE('',#7761,#1871);
#1417=LINE('',#7763,#1872);
#1418=LINE('',#7765,#1873);
#1419=LINE('',#7766,#1874);
#1420=LINE('',#7769,#1875);
#1421=LINE('',#7771,#1876);
#1422=LINE('',#7772,#1877);
#1423=LINE('',#7775,#1878);
#1424=LINE('',#7777,#1879);
#1425=LINE('',#7778,#1880);
#1426=LINE('',#7780,#1881);
#1427=LINE('',#7781,#1882);
#1428=LINE('',#7795,#1883);
#1429=LINE('',#7800,#1884);
#1430=LINE('',#7812,#1885);
#1431=LINE('',#7827,#1886);
#1432=LINE('',#7833,#1887);
#1433=LINE('',#7835,#1888);
#1434=LINE('',#7836,#1889);
#1435=LINE('',#7861,#1890);
#1436=LINE('',#7866,#1891);
#1437=LINE('',#7878,#1892);
#1438=LINE('',#7893,#1893);
#1439=LINE('',#7899,#1894);
#1440=LINE('',#7901,#1895);
#1441=LINE('',#7902,#1896);
#1442=LINE('',#7914,#1897);
#1443=LINE('',#7929,#1898);
#1444=LINE('',#7944,#1899);
#1445=LINE('',#7959,#1900);
#1446=LINE('',#7974,#1901);
#1447=LINE('',#7989,#1902);
#1448=LINE('',#8004,#1903);
#1449=LINE('',#8019,#1904);
#1450=LINE('',#8034,#1905);
#1451=LINE('',#8040,#1906);
#1452=LINE('',#8042,#1907);
#1453=LINE('',#8043,#1908);
#1454=LINE('',#8069,#1909);
#1455=LINE('',#8074,#1910);
#1456=LINE('',#8086,#1911);
#1457=LINE('',#8101,#1912);
#1458=LINE('',#8116,#1913);
#1459=LINE('',#8131,#1914);
#1460=LINE('',#8146,#1915);
#1461=LINE('',#8161,#1916);
#1462=LINE('',#8176,#1917);
#1463=LINE('',#8191,#1918);
#1464=LINE('',#8196,#1919);
#1465=LINE('',#8197,#1920);
#1466=LINE('',#8201,#1921);
#1467=LINE('',#8203,#1922);
#1468=LINE('',#8205,#1923);
#1469=LINE('',#8206,#1924);
#1470=LINE('',#8218,#1925);
#1471=LINE('',#8233,#1926);
#1472=LINE('',#8239,#1927);
#1473=LINE('',#8241,#1928);
#1474=LINE('',#8242,#1929);
#1475=LINE('',#8254,#1930);
#1476=LINE('',#8269,#1931);
#1477=LINE('',#8284,#1932);
#1478=LINE('',#8299,#1933);
#1479=LINE('',#8314,#1934);
#1480=LINE('',#8329,#1935);
#1481=LINE('',#8344,#1936);
#1482=LINE('',#8350,#1937);
#1483=LINE('',#8352,#1938);
#1484=LINE('',#8353,#1939);
#1485=LINE('',#8365,#1940);
#1486=LINE('',#8380,#1941);
#1487=LINE('',#8395,#1942);
#1488=LINE('',#8410,#1943);
#1489=LINE('',#8425,#1944);
#1490=LINE('',#8440,#1945);
#1491=LINE('',#8455,#1946);
#1492=LINE('',#8470,#1947);
#1493=LINE('',#8485,#1948);
#1494=LINE('',#8500,#1949);
#1495=LINE('',#8515,#1950);
#1496=LINE('',#8530,#1951);
#1497=LINE('',#8545,#1952);
#1498=LINE('',#8560,#1953);
#1499=LINE('',#8580,#1954);
#1500=LINE('',#8582,#1955);
#1501=LINE('',#8584,#1956);
#1502=LINE('',#8585,#1957);
#1503=LINE('',#8597,#1958);
#1504=LINE('',#8612,#1959);
#1505=LINE('',#8627,#1960);
#1506=LINE('',#8642,#1961);
#1507=LINE('',#8657,#1962);
#1508=LINE('',#8663,#1963);
#1509=LINE('',#8665,#1964);
#1510=LINE('',#8666,#1965);
#1511=LINE('',#8669,#1966);
#1512=LINE('',#8671,#1967);
#1513=LINE('',#8672,#1968);
#1514=LINE('',#8675,#1969);
#1515=LINE('',#8677,#1970);
#1516=LINE('',#8678,#1971);
#1517=LINE('',#8690,#1972);
#1518=LINE('',#8705,#1973);
#1519=LINE('',#8720,#1974);
#1520=LINE('',#8735,#1975);
#1521=LINE('',#8750,#1976);
#1522=LINE('',#8756,#1977);
#1523=LINE('',#8758,#1978);
#1524=LINE('',#8759,#1979);
#1525=LINE('',#8762,#1980);
#1526=LINE('',#8764,#1981);
#1527=LINE('',#8765,#1982);
#1528=LINE('',#8768,#1983);
#1529=LINE('',#8770,#1984);
#1530=LINE('',#8771,#1985);
#1531=LINE('',#8773,#1986);
#1532=LINE('',#8774,#1987);
#1533=LINE('',#8779,#1988);
#1534=LINE('',#8781,#1989);
#1535=LINE('',#8783,#1990);
#1536=LINE('',#8784,#1991);
#1537=LINE('',#8796,#1992);
#1538=LINE('',#8811,#1993);
#1539=LINE('',#8826,#1994);
#1540=LINE('',#8841,#1995);
#1541=LINE('',#8856,#1996);
#1542=LINE('',#8862,#1997);
#1543=LINE('',#8864,#1998);
#1544=LINE('',#8865,#1999);
#1545=LINE('',#8868,#2000);
#1546=LINE('',#8870,#2001);
#1547=LINE('',#8871,#2002);
#1548=LINE('',#8874,#2003);
#1549=LINE('',#8876,#2004);
#1550=LINE('',#8877,#2005);
#1551=LINE('',#8889,#2006);
#1552=LINE('',#8904,#2007);
#1553=LINE('',#8919,#2008);
#1554=LINE('',#8934,#2009);
#1555=LINE('',#8949,#2010);
#1556=LINE('',#8955,#2011);
#1557=LINE('',#8957,#2012);
#1558=LINE('',#8958,#2013);
#1559=LINE('',#8961,#2014);
#1560=LINE('',#8963,#2015);
#1561=LINE('',#8964,#2016);
#1562=LINE('',#8967,#2017);
#1563=LINE('',#8969,#2018);
#1564=LINE('',#8970,#2019);
#1565=LINE('',#8972,#2020);
#1566=LINE('',#8973,#2021);
#1567=LINE('',#8987,#2022);
#1568=LINE('',#8992,#2023);
#1569=LINE('',#9004,#2024);
#1570=LINE('',#9019,#2025);
#1571=LINE('',#9025,#2026);
#1572=LINE('',#9027,#2027);
#1573=LINE('',#9028,#2028);
#1574=LINE('',#9053,#2029);
#1575=LINE('',#9058,#2030);
#1576=LINE('',#9070,#2031);
#1577=LINE('',#9085,#2032);
#1578=LINE('',#9091,#2033);
#1579=LINE('',#9093,#2034);
#1580=LINE('',#9094,#2035);
#1581=LINE('',#9106,#2036);
#1582=LINE('',#9121,#2037);
#1583=LINE('',#9136,#2038);
#1584=LINE('',#9151,#2039);
#1585=LINE('',#9166,#2040);
#1586=LINE('',#9181,#2041);
#1587=LINE('',#9196,#2042);
#1588=LINE('',#9211,#2043);
#1589=LINE('',#9226,#2044);
#1590=LINE('',#9232,#2045);
#1591=LINE('',#9234,#2046);
#1592=LINE('',#9235,#2047);
#1593=LINE('',#9252,#2048);
#1594=LINE('',#9254,#2049);
#1595=LINE('',#9256,#2050);
#1596=LINE('',#9257,#2051);
#1597=LINE('',#9260,#2052);
#1598=LINE('',#9262,#2053);
#1599=LINE('',#9263,#2054);
#1600=LINE('',#9266,#2055);
#1601=LINE('',#9268,#2056);
#1602=LINE('',#9269,#2057);
#1603=LINE('',#9272,#2058);
#1604=LINE('',#9274,#2059);
#1605=LINE('',#9275,#2060);
#1606=LINE('',#9278,#2061);
#1607=LINE('',#9280,#2062);
#1608=LINE('',#9281,#2063);
#1609=LINE('',#9284,#2064);
#1610=LINE('',#9286,#2065);
#1611=LINE('',#9287,#2066);
#1612=LINE('',#9290,#2067);
#1613=LINE('',#9292,#2068);
#1614=LINE('',#9293,#2069);
#1615=LINE('',#9295,#2070);
#1616=LINE('',#9296,#2071);
#1617=LINE('',#9306,#2072);
#1618=LINE('',#9308,#2073);
#1619=LINE('',#9310,#2074);
#1620=LINE('',#9311,#2075);
#1621=LINE('',#9314,#2076);
#1622=LINE('',#9320,#2077);
#1623=LINE('',#9331,#2078);
#1624=LINE('',#9332,#2079);
#1625=LINE('',#9335,#2080);
#1626=LINE('',#9337,#2081);
#1627=LINE('',#9338,#2082);
#1628=LINE('',#9341,#2083);
#1629=LINE('',#9342,#2084);
#1630=LINE('',#9348,#2085);
#1631=LINE('',#9350,#2086);
#1632=LINE('',#9352,#2087);
#1633=LINE('',#9356,#2088);
#1634=LINE('',#9360,#2089);
#1635=LINE('',#9364,#2090);
#1636=LINE('',#9368,#2091);
#1637=LINE('',#9370,#2092);
#1638=LINE('',#9375,#2093);
#1639=LINE('',#9380,#2094);
#1640=LINE('',#9383,#2095);
#1641=LINE('',#9408,#2096);
#1642=LINE('',#9417,#2097);
#1643=LINE('',#9420,#2098);
#1644=LINE('',#9422,#2099);
#1645=LINE('',#9423,#2100);
#1646=LINE('',#9426,#2101);
#1647=LINE('',#9444,#2102);
#1648=LINE('',#9449,#2103);
#1649=LINE('',#9458,#2104);
#1650=LINE('',#9460,#2105);
#1651=LINE('',#9464,#2106);
#1652=LINE('',#9468,#2107);
#1653=LINE('',#9472,#2108);
#1654=LINE('',#9476,#2109);
#1655=LINE('',#9492,#2110);
#1656=LINE('',#9494,#2111);
#1657=LINE('',#9496,#2112);
#1658=LINE('',#9497,#2113);
#1659=LINE('',#9502,#2114);
#1660=LINE('',#9504,#2115);
#1661=LINE('',#9505,#2116);
#1662=LINE('',#9507,#2117);
#1663=LINE('',#9508,#2118);
#1664=LINE('',#9522,#2119);
#1665=LINE('',#9524,#2120);
#1666=LINE('',#9583,#2121);
#1667=LINE('',#9584,#2122);
#1668=LINE('',#9590,#2123);
#1669=LINE('',#9601,#2124);
#1670=LINE('',#9609,#2125);
#1671=LINE('',#9615,#2126);
#1672=LINE('',#9682,#2127);
#1673=LINE('',#9683,#2128);
#1674=LINE('',#9729,#2129);
#1675=LINE('',#9730,#2130);
#1676=LINE('',#9772,#2131);
#1677=LINE('',#9812,#2132);
#1678=LINE('',#9813,#2133);
#1679=LINE('',#9850,#2134);
#1680=LINE('',#9851,#2135);
#1681=LINE('',#9855,#2136);
#1682=LINE('',#9857,#2137);
#1683=LINE('',#9904,#2138);
#1684=LINE('',#9905,#2139);
#1685=LINE('',#9972,#2140);
#1686=LINE('',#9999,#2141);
#1687=LINE('',#10002,#2142);
#1688=LINE('',#10005,#2143);
#1689=LINE('',#10006,#2144);
#1690=LINE('',#10009,#2145);
#1691=LINE('',#10025,#2146);
#1692=LINE('',#10035,#2147);
#1693=LINE('',#10037,#2148);
#1694=LINE('',#10038,#2149);
#1695=LINE('',#10040,#2150);
#1696=LINE('',#10042,#2151);
#1697=LINE('',#10044,#2152);
#1698=LINE('',#10047,#2153);
#1699=LINE('',#10048,#2154);
#1700=LINE('',#10052,#2155);
#1701=LINE('',#10055,#2156);
#1702=LINE('',#10056,#2157);
#1703=LINE('',#10060,#2158);
#1704=LINE('',#10063,#2159);
#1705=LINE('',#10065,#2160);
#1706=LINE('',#10066,#2161);
#1707=LINE('',#10069,#2162);
#1708=LINE('',#10070,#2163);
#1709=LINE('',#10073,#2164);
#1710=LINE('',#10074,#2165);
#1711=LINE('',#10076,#2166);
#1712=LINE('',#10079,#2167);
#1713=LINE('',#10081,#2168);
#1714=LINE('',#10082,#2169);
#1715=LINE('',#10085,#2170);
#1716=LINE('',#10086,#2171);
#1717=LINE('',#10090,#2172);
#1718=LINE('',#10093,#2173);
#1719=LINE('',#10097,#2174);
#1720=LINE('',#10099,#2175);
#1721=LINE('',#10102,#2176);
#1722=LINE('',#10105,#2177);
#1723=LINE('',#10107,#2178);
#1724=LINE('',#10113,#2179);
#1725=LINE('',#10117,#2180);
#1726=LINE('',#10121,#2181);
#1727=LINE('',#10124,#2182);
#1728=LINE('',#10134,#2183);
#1729=LINE('',#10142,#2184);
#1730=LINE('',#10150,#2185);
#1731=LINE('',#10156,#2186);
#1732=LINE('',#10159,#2187);
#1733=LINE('',#10160,#2188);
#1734=LINE('',#10161,#2189);
#1735=LINE('',#10164,#2190);
#1736=LINE('',#10168,#2191);
#1737=LINE('',#10169,#2192);
#1738=LINE('',#10172,#2193);
#1739=LINE('',#10180,#2194);
#1740=LINE('',#10185,#2195);
#1741=LINE('',#10187,#2196);
#1742=LINE('',#10189,#2197);
#1743=LINE('',#10191,#2198);
#1744=LINE('',#10198,#2199);
#1745=LINE('',#10200,#2200);
#1746=LINE('',#10203,#2201);
#1747=LINE('',#10207,#2202);
#1748=LINE('',#10209,#2203);
#1749=LINE('',#10211,#2204);
#1750=LINE('',#10213,#2205);
#1751=LINE('',#10216,#2206);
#1752=VECTOR('',#6011,10.);
#1753=VECTOR('',#6012,10.);
#1754=VECTOR('',#6013,10.);
#1755=VECTOR('',#6014,10.);
#1756=VECTOR('',#6015,10.);
#1757=VECTOR('',#6016,10.);
#1758=VECTOR('',#6017,10.);
#1759=VECTOR('',#6018,10.);
#1760=VECTOR('',#6019,10.);
#1761=VECTOR('',#6022,10.);
#1762=VECTOR('',#6023,10.);
#1763=VECTOR('',#6024,10.);
#1764=VECTOR('',#6027,10.);
#1765=VECTOR('',#6028,10.);
#1766=VECTOR('',#6029,10.);
#1767=VECTOR('',#6032,10.);
#1768=VECTOR('',#6033,10.);
#1769=VECTOR('',#6034,10.);
#1770=VECTOR('',#6035,10.);
#1771=VECTOR('',#6036,10.);
#1772=VECTOR('',#6037,10.);
#1773=VECTOR('',#6038,10.);
#1774=VECTOR('',#6041,10.);
#1775=VECTOR('',#6042,10.);
#1776=VECTOR('',#6043,10.);
#1777=VECTOR('',#6046,10.);
#1778=VECTOR('',#6047,10.);
#1779=VECTOR('',#6048,10.);
#1780=VECTOR('',#6051,10.);
#1781=VECTOR('',#6052,10.);
#1782=VECTOR('',#6053,10.);
#1783=VECTOR('',#6056,10.);
#1784=VECTOR('',#6057,10.);
#1785=VECTOR('',#6060,10.);
#1786=VECTOR('',#6061,10.);
#1787=VECTOR('',#6062,10.);
#1788=VECTOR('',#6065,10.);
#1789=VECTOR('',#6066,10.);
#1790=VECTOR('',#6067,10.);
#1791=VECTOR('',#6070,10.);
#1792=VECTOR('',#6071,10.);
#1793=VECTOR('',#6072,10.);
#1794=VECTOR('',#6075,10.);
#1795=VECTOR('',#6076,10.);
#1796=VECTOR('',#6079,10.);
#1797=VECTOR('',#6080,10.);
#1798=VECTOR('',#6081,10.);
#1799=VECTOR('',#6082,10.);
#1800=VECTOR('',#6085,10.);
#1801=VECTOR('',#6086,10.);
#1802=VECTOR('',#6087,10.);
#1803=VECTOR('',#6090,10.);
#1804=VECTOR('',#6091,10.);
#1805=VECTOR('',#6092,10.);
#1806=VECTOR('',#6095,10.);
#1807=VECTOR('',#6096,10.);
#1808=VECTOR('',#6097,10.);
#1809=VECTOR('',#6100,10.);
#1810=VECTOR('',#6101,10.);
#1811=VECTOR('',#6102,10.);
#1812=VECTOR('',#6105,10.);
#1813=VECTOR('',#6106,10.);
#1814=VECTOR('',#6107,10.);
#1815=VECTOR('',#6110,10.);
#1816=VECTOR('',#6111,10.);
#1817=VECTOR('',#6112,10.);
#1818=VECTOR('',#6115,10.);
#1819=VECTOR('',#6116,10.);
#1820=VECTOR('',#6121,10.);
#1821=VECTOR('',#6122,10.);
#1822=VECTOR('',#6123,10.);
#1823=VECTOR('',#6124,10.);
#1824=VECTOR('',#6125,10.);
#1825=VECTOR('',#6126,10.);
#1826=VECTOR('',#6127,10.);
#1827=VECTOR('',#6128,10.);
#1828=VECTOR('',#6131,10.);
#1829=VECTOR('',#6132,10.);
#1830=VECTOR('',#6133,10.);
#1831=VECTOR('',#6134,10.);
#1832=VECTOR('',#6135,10.);
#1833=VECTOR('',#6136,10.);
#1834=VECTOR('',#6139,10.);
#1835=VECTOR('',#6140,10.);
#1836=VECTOR('',#6141,10.);
#1837=VECTOR('',#6144,10.);
#1838=VECTOR('',#6145,10.);
#1839=VECTOR('',#6146,10.);
#1840=VECTOR('',#6149,10.);
#1841=VECTOR('',#6150,10.);
#1842=VECTOR('',#6151,10.);
#1843=VECTOR('',#6154,10.);
#1844=VECTOR('',#6155,10.);
#1845=VECTOR('',#6158,10.);
#1846=VECTOR('',#6159,10.);
#1847=VECTOR('',#6160,10.);
#1848=VECTOR('',#6161,10.);
#1849=VECTOR('',#6164,10.);
#1850=VECTOR('',#6165,10.);
#1851=VECTOR('',#6166,10.);
#1852=VECTOR('',#6167,10.);
#1853=VECTOR('',#6168,10.);
#1854=VECTOR('',#6169,10.);
#1855=VECTOR('',#6170,10.);
#1856=VECTOR('',#6173,10.);
#1857=VECTOR('',#6174,10.);
#1858=VECTOR('',#6175,10.);
#1859=VECTOR('',#6176,10.);
#1860=VECTOR('',#6177,10.);
#1861=VECTOR('',#6178,10.);
#1862=VECTOR('',#6179,10.);
#1863=VECTOR('',#6180,10.);
#1864=VECTOR('',#6181,10.);
#1865=VECTOR('',#6182,10.);
#1866=VECTOR('',#6183,10.);
#1867=VECTOR('',#6184,10.);
#1868=VECTOR('',#6187,10.);
#1869=VECTOR('',#6188,10.);
#1870=VECTOR('',#6189,10.);
#1871=VECTOR('',#6194,10.);
#1872=VECTOR('',#6195,10.);
#1873=VECTOR('',#6196,10.);
#1874=VECTOR('',#6197,10.);
#1875=VECTOR('',#6200,10.);
#1876=VECTOR('',#6201,10.);
#1877=VECTOR('',#6202,10.);
#1878=VECTOR('',#6205,10.);
#1879=VECTOR('',#6206,10.);
#1880=VECTOR('',#6207,10.);
#1881=VECTOR('',#6210,10.);
#1882=VECTOR('',#6211,10.);
#1883=VECTOR('',#6214,10.);
#1884=VECTOR('',#6215,10.);
#1885=VECTOR('',#6216,10.);
#1886=VECTOR('',#6217,10.);
#1887=VECTOR('',#6220,10.);
#1888=VECTOR('',#6221,10.);
#1889=VECTOR('',#6222,10.);
#1890=VECTOR('',#6223,10.);
#1891=VECTOR('',#6224,10.);
#1892=VECTOR('',#6225,10.);
#1893=VECTOR('',#6226,10.);
#1894=VECTOR('',#6229,10.);
#1895=VECTOR('',#6230,10.);
#1896=VECTOR('',#6231,10.);
#1897=VECTOR('',#6232,10.);
#1898=VECTOR('',#6233,10.);
#1899=VECTOR('',#6234,10.);
#1900=VECTOR('',#6235,10.);
#1901=VECTOR('',#6236,10.);
#1902=VECTOR('',#6237,10.);
#1903=VECTOR('',#6238,10.);
#1904=VECTOR('',#6239,10.);
#1905=VECTOR('',#6240,10.);
#1906=VECTOR('',#6243,10.);
#1907=VECTOR('',#6244,10.);
#1908=VECTOR('',#6245,10.);
#1909=VECTOR('',#6248,10.);
#1910=VECTOR('',#6249,10.);
#1911=VECTOR('',#6250,10.);
#1912=VECTOR('',#6251,10.);
#1913=VECTOR('',#6252,10.);
#1914=VECTOR('',#6253,10.);
#1915=VECTOR('',#6254,10.);
#1916=VECTOR('',#6255,10.);
#1917=VECTOR('',#6256,10.);
#1918=VECTOR('',#6257,10.);
#1919=VECTOR('',#6260,10.);
#1920=VECTOR('',#6261,10.);
#1921=VECTOR('',#6264,10.);
#1922=VECTOR('',#6265,10.);
#1923=VECTOR('',#6266,10.);
#1924=VECTOR('',#6267,10.);
#1925=VECTOR('',#6268,10.);
#1926=VECTOR('',#6269,10.);
#1927=VECTOR('',#6272,10.);
#1928=VECTOR('',#6273,10.);
#1929=VECTOR('',#6274,10.);
#1930=VECTOR('',#6275,10.);
#1931=VECTOR('',#6276,10.);
#1932=VECTOR('',#6277,10.);
#1933=VECTOR('',#6278,10.);
#1934=VECTOR('',#6279,10.);
#1935=VECTOR('',#6280,10.);
#1936=VECTOR('',#6281,10.);
#1937=VECTOR('',#6284,10.);
#1938=VECTOR('',#6285,10.);
#1939=VECTOR('',#6286,10.);
#1940=VECTOR('',#6287,10.);
#1941=VECTOR('',#6288,10.);
#1942=VECTOR('',#6289,10.);
#1943=VECTOR('',#6290,10.);
#1944=VECTOR('',#6291,10.);
#1945=VECTOR('',#6292,10.);
#1946=VECTOR('',#6293,10.);
#1947=VECTOR('',#6294,10.);
#1948=VECTOR('',#6295,10.);
#1949=VECTOR('',#6296,10.);
#1950=VECTOR('',#6297,10.);
#1951=VECTOR('',#6298,10.);
#1952=VECTOR('',#6299,10.);
#1953=VECTOR('',#6300,10.);
#1954=VECTOR('',#6305,10.);
#1955=VECTOR('',#6306,10.);
#1956=VECTOR('',#6307,10.);
#1957=VECTOR('',#6308,10.);
#1958=VECTOR('',#6309,10.);
#1959=VECTOR('',#6310,10.);
#1960=VECTOR('',#6311,10.);
#1961=VECTOR('',#6312,10.);
#1962=VECTOR('',#6313,10.);
#1963=VECTOR('',#6316,10.);
#1964=VECTOR('',#6317,10.);
#1965=VECTOR('',#6318,10.);
#1966=VECTOR('',#6321,10.);
#1967=VECTOR('',#6322,10.);
#1968=VECTOR('',#6323,10.);
#1969=VECTOR('',#6326,10.);
#1970=VECTOR('',#6327,10.);
#1971=VECTOR('',#6328,10.);
#1972=VECTOR('',#6329,10.);
#1973=VECTOR('',#6330,10.);
#1974=VECTOR('',#6331,10.);
#1975=VECTOR('',#6332,10.);
#1976=VECTOR('',#6333,10.);
#1977=VECTOR('',#6336,10.);
#1978=VECTOR('',#6337,10.);
#1979=VECTOR('',#6338,10.);
#1980=VECTOR('',#6341,10.);
#1981=VECTOR('',#6342,10.);
#1982=VECTOR('',#6343,10.);
#1983=VECTOR('',#6346,10.);
#1984=VECTOR('',#6347,10.);
#1985=VECTOR('',#6348,10.);
#1986=VECTOR('',#6351,10.);
#1987=VECTOR('',#6352,10.);
#1988=VECTOR('',#6357,10.);
#1989=VECTOR('',#6358,10.);
#1990=VECTOR('',#6359,10.);
#1991=VECTOR('',#6360,10.);
#1992=VECTOR('',#6361,10.);
#1993=VECTOR('',#6362,10.);
#1994=VECTOR('',#6363,10.);
#1995=VECTOR('',#6364,10.);
#1996=VECTOR('',#6365,10.);
#1997=VECTOR('',#6368,10.);
#1998=VECTOR('',#6369,10.);
#1999=VECTOR('',#6370,10.);
#2000=VECTOR('',#6373,10.);
#2001=VECTOR('',#6374,10.);
#2002=VECTOR('',#6375,10.);
#2003=VECTOR('',#6378,10.);
#2004=VECTOR('',#6379,10.);
#2005=VECTOR('',#6380,10.);
#2006=VECTOR('',#6381,10.);
#2007=VECTOR('',#6382,10.);
#2008=VECTOR('',#6383,10.);
#2009=VECTOR('',#6384,10.);
#2010=VECTOR('',#6385,10.);
#2011=VECTOR('',#6388,10.);
#2012=VECTOR('',#6389,10.);
#2013=VECTOR('',#6390,10.);
#2014=VECTOR('',#6393,10.);
#2015=VECTOR('',#6394,10.);
#2016=VECTOR('',#6395,10.);
#2017=VECTOR('',#6398,10.);
#2018=VECTOR('',#6399,10.);
#2019=VECTOR('',#6400,10.);
#2020=VECTOR('',#6403,10.);
#2021=VECTOR('',#6404,10.);
#2022=VECTOR('',#6407,10.);
#2023=VECTOR('',#6408,10.);
#2024=VECTOR('',#6409,10.);
#2025=VECTOR('',#6410,10.);
#2026=VECTOR('',#6413,10.);
#2027=VECTOR('',#6414,10.);
#2028=VECTOR('',#6415,10.);
#2029=VECTOR('',#6416,10.);
#2030=VECTOR('',#6417,10.);
#2031=VECTOR('',#6418,10.);
#2032=VECTOR('',#6419,10.);
#2033=VECTOR('',#6422,10.);
#2034=VECTOR('',#6423,10.);
#2035=VECTOR('',#6424,10.);
#2036=VECTOR('',#6425,10.);
#2037=VECTOR('',#6426,10.);
#2038=VECTOR('',#6427,10.);
#2039=VECTOR('',#6428,10.);
#2040=VECTOR('',#6429,10.);
#2041=VECTOR('',#6430,10.);
#2042=VECTOR('',#6431,10.);
#2043=VECTOR('',#6432,10.);
#2044=VECTOR('',#6433,10.);
#2045=VECTOR('',#6436,10.);
#2046=VECTOR('',#6437,10.);
#2047=VECTOR('',#6438,10.);
#2048=VECTOR('',#6443,10.);
#2049=VECTOR('',#6444,10.);
#2050=VECTOR('',#6445,10.);
#2051=VECTOR('',#6446,10.);
#2052=VECTOR('',#6449,10.);
#2053=VECTOR('',#6450,10.);
#2054=VECTOR('',#6451,10.);
#2055=VECTOR('',#6454,10.);
#2056=VECTOR('',#6455,10.);
#2057=VECTOR('',#6456,10.);
#2058=VECTOR('',#6459,10.);
#2059=VECTOR('',#6460,10.);
#2060=VECTOR('',#6461,10.);
#2061=VECTOR('',#6464,10.);
#2062=VECTOR('',#6465,10.);
#2063=VECTOR('',#6466,10.);
#2064=VECTOR('',#6469,10.);
#2065=VECTOR('',#6470,10.);
#2066=VECTOR('',#6471,10.);
#2067=VECTOR('',#6474,10.);
#2068=VECTOR('',#6475,10.);
#2069=VECTOR('',#6476,10.);
#2070=VECTOR('',#6479,10.);
#2071=VECTOR('',#6480,10.);
#2072=VECTOR('',#6495,10.);
#2073=VECTOR('',#6496,10.);
#2074=VECTOR('',#6497,10.);
#2075=VECTOR('',#6498,10.);
#2076=VECTOR('',#6501,10.);
#2077=VECTOR('',#6502,10.);
#2078=VECTOR('',#6511,10.);
#2079=VECTOR('',#6512,10.);
#2080=VECTOR('',#6515,10.);
#2081=VECTOR('',#6516,10.);
#2082=VECTOR('',#6517,10.);
#2083=VECTOR('',#6520,10.);
#2084=VECTOR('',#6521,10.);
#2085=VECTOR('',#6526,10.);
#2086=VECTOR('',#6527,10.);
#2087=VECTOR('',#6528,10.);
#2088=VECTOR('',#6531,10.);
#2089=VECTOR('',#6534,10.);
#2090=VECTOR('',#6537,10.);
#2091=VECTOR('',#6540,10.);
#2092=VECTOR('',#6541,10.);
#2093=VECTOR('',#6546,10.);
#2094=VECTOR('',#6549,10.);
#2095=VECTOR('',#6552,10.);
#2096=VECTOR('',#6565,10.);
#2097=VECTOR('',#6572,10.);
#2098=VECTOR('',#6575,10.);
#2099=VECTOR('',#6576,10.);
#2100=VECTOR('',#6577,10.);
#2101=VECTOR('',#6580,10.);
#2102=VECTOR('',#6591,10.);
#2103=VECTOR('',#6592,10.);
#2104=VECTOR('',#6599,10.);
#2105=VECTOR('',#6602,10.);
#2106=VECTOR('',#6605,10.);
#2107=VECTOR('',#6608,10.);
#2108=VECTOR('',#6611,10.);
#2109=VECTOR('',#6614,10.);
#2110=VECTOR('',#6629,10.);
#2111=VECTOR('',#6630,10.);
#2112=VECTOR('',#6631,10.);
#2113=VECTOR('',#6632,10.);
#2114=VECTOR('',#6635,10.);
#2115=VECTOR('',#6636,10.);
#2116=VECTOR('',#6637,10.);
#2117=VECTOR('',#6640,10.);
#2118=VECTOR('',#6641,10.);
#2119=VECTOR('',#6650,10.);
#2120=VECTOR('',#6653,10.);
#2121=VECTOR('',#6660,10.);
#2122=VECTOR('',#6661,10.);
#2123=VECTOR('',#6670,10.);
#2124=VECTOR('',#6675,10.);
#2125=VECTOR('',#6678,10.);
#2126=VECTOR('',#6685,10.);
#2127=VECTOR('',#6702,10.);
#2128=VECTOR('',#6703,10.);
#2129=VECTOR('',#6714,10.);
#2130=VECTOR('',#6715,10.);
#2131=VECTOR('',#6732,10.);
#2132=VECTOR('',#6743,10.);
#2133=VECTOR('',#6744,10.);
#2134=VECTOR('',#6753,10.);
#2135=VECTOR('',#6754,10.);
#2136=VECTOR('',#6759,10.);
#2137=VECTOR('',#6762,10.);
#2138=VECTOR('',#6771,10.);
#2139=VECTOR('',#6772,10.);
#2140=VECTOR('',#6779,10.);
#2141=VECTOR('',#6782,10.);
#2142=VECTOR('',#6785,10.);
#2143=VECTOR('',#6788,10.);
#2144=VECTOR('',#6789,10.);
#2145=VECTOR('',#6792,10.);
#2146=VECTOR('',#6815,10.);
#2147=VECTOR('',#6830,10.);
#2148=VECTOR('',#6831,10.);
#2149=VECTOR('',#6832,10.);
#2150=VECTOR('',#6835,10.);
#2151=VECTOR('',#6838,10.);
#2152=VECTOR('',#6841,10.);
#2153=VECTOR('',#6844,10.);
#2154=VECTOR('',#6845,10.);
#2155=VECTOR('',#6850,10.);
#2156=VECTOR('',#6853,10.);
#2157=VECTOR('',#6854,10.);
#2158=VECTOR('',#6861,10.);
#2159=VECTOR('',#6864,10.);
#2160=VECTOR('',#6865,10.);
#2161=VECTOR('',#6866,10.);
#2162=VECTOR('',#6869,10.);
#2163=VECTOR('',#6870,10.);
#2164=VECTOR('',#6873,10.);
#2165=VECTOR('',#6874,10.);
#2166=VECTOR('',#6877,10.);
#2167=VECTOR('',#6880,10.);
#2168=VECTOR('',#6881,10.);
#2169=VECTOR('',#6882,10.);
#2170=VECTOR('',#6885,10.);
#2171=VECTOR('',#6886,10.);
#2172=VECTOR('',#6889,10.);
#2173=VECTOR('',#6892,10.);
#2174=VECTOR('',#6897,10.);
#2175=VECTOR('',#6900,10.);
#2176=VECTOR('',#6903,10.);
#2177=VECTOR('',#6908,10.);
#2178=VECTOR('',#6911,10.);
#2179=VECTOR('',#6916,10.);
#2180=VECTOR('',#6919,10.);
#2181=VECTOR('',#6922,10.);
#2182=VECTOR('',#6925,10.);
#2183=VECTOR('',#6938,10.);
#2184=VECTOR('',#6949,10.);
#2185=VECTOR('',#6960,10.);
#2186=VECTOR('',#6969,10.);
#2187=VECTOR('',#6972,10.);
#2188=VECTOR('',#6973,10.);
#2189=VECTOR('',#6974,10.);
#2190=VECTOR('',#6977,10.);
#2191=VECTOR('',#6982,10.);
#2192=VECTOR('',#6983,10.);
#2193=VECTOR('',#6986,10.);
#2194=VECTOR('',#7001,10.);
#2195=VECTOR('',#7010,10.);
#2196=VECTOR('',#7013,10.);
#2197=VECTOR('',#7016,10.);
#2198=VECTOR('',#7019,10.);
#2199=VECTOR('',#7028,10.);
#2200=VECTOR('',#7031,10.);
#2201=VECTOR('',#7036,1.75);
#2202=VECTOR('',#7043,1.75);
#2203=VECTOR('',#7046,1.75);
#2204=VECTOR('',#7049,1.75);
#2205=VECTOR('',#7052,1.75);
#2206=VECTOR('',#7057,1.75);
#2207=VERTEX_POINT('',#7062);
#2208=VERTEX_POINT('',#7063);
#2209=VERTEX_POINT('',#7065);
#2210=VERTEX_POINT('',#7067);
#2211=VERTEX_POINT('',#7076);
#2212=VERTEX_POINT('',#7080);
#2213=VERTEX_POINT('',#7091);
#2214=VERTEX_POINT('',#7095);
#2215=VERTEX_POINT('',#7106);
#2216=VERTEX_POINT('',#7110);
#2217=VERTEX_POINT('',#7121);
#2218=VERTEX_POINT('',#7125);
#2219=VERTEX_POINT('',#7136);
#2220=VERTEX_POINT('',#7140);
#2221=VERTEX_POINT('',#7146);
#2222=VERTEX_POINT('',#7148);
#2223=VERTEX_POINT('',#7152);
#2224=VERTEX_POINT('',#7154);
#2225=VERTEX_POINT('',#7158);
#2226=VERTEX_POINT('',#7160);
#2227=VERTEX_POINT('',#7169);
#2228=VERTEX_POINT('',#7173);
#2229=VERTEX_POINT('',#7184);
#2230=VERTEX_POINT('',#7188);
#2231=VERTEX_POINT('',#7199);
#2232=VERTEX_POINT('',#7203);
#2233=VERTEX_POINT('',#7214);
#2234=VERTEX_POINT('',#7218);
#2235=VERTEX_POINT('',#7224);
#2236=VERTEX_POINT('',#7226);
#2237=VERTEX_POINT('',#7230);
#2238=VERTEX_POINT('',#7232);
#2239=VERTEX_POINT('',#7236);
#2240=VERTEX_POINT('',#7238);
#2241=VERTEX_POINT('',#7251);
#2242=VERTEX_POINT('',#7252);
#2243=VERTEX_POINT('',#7256);
#2244=VERTEX_POINT('',#7258);
#2245=VERTEX_POINT('',#7269);
#2246=VERTEX_POINT('',#7273);
#2247=VERTEX_POINT('',#7279);
#2248=VERTEX_POINT('',#7281);
#2249=VERTEX_POINT('',#7285);
#2250=VERTEX_POINT('',#7287);
#2251=VERTEX_POINT('',#7294);
#2252=VERTEX_POINT('',#7295);
#2253=VERTEX_POINT('',#7297);
#2254=VERTEX_POINT('',#7299);
#2255=VERTEX_POINT('',#7303);
#2256=VERTEX_POINT('',#7305);
#2257=VERTEX_POINT('',#7309);
#2258=VERTEX_POINT('',#7311);
#2259=VERTEX_POINT('',#7315);
#2260=VERTEX_POINT('',#7317);
#2261=VERTEX_POINT('',#7321);
#2262=VERTEX_POINT('',#7323);
#2263=VERTEX_POINT('',#7327);
#2264=VERTEX_POINT('',#7329);
#2265=VERTEX_POINT('',#7333);
#2266=VERTEX_POINT('',#7335);
#2267=VERTEX_POINT('',#7343);
#2268=VERTEX_POINT('',#7344);
#2269=VERTEX_POINT('',#7346);
#2270=VERTEX_POINT('',#7348);
#2271=VERTEX_POINT('',#7357);
#2272=VERTEX_POINT('',#7361);
#2273=VERTEX_POINT('',#7372);
#2274=VERTEX_POINT('',#7376);
#2275=VERTEX_POINT('',#7387);
#2276=VERTEX_POINT('',#7391);
#2277=VERTEX_POINT('',#7402);
#2278=VERTEX_POINT('',#7406);
#2279=VERTEX_POINT('',#7412);
#2280=VERTEX_POINT('',#7414);
#2281=VERTEX_POINT('',#7423);
#2282=VERTEX_POINT('',#7427);
#2283=VERTEX_POINT('',#7438);
#2284=VERTEX_POINT('',#7442);
#2285=VERTEX_POINT('',#7453);
#2286=VERTEX_POINT('',#7457);
#2287=VERTEX_POINT('',#7463);
#2288=VERTEX_POINT('',#7465);
#2289=VERTEX_POINT('',#7469);
#2290=VERTEX_POINT('',#7471);
#2291=VERTEX_POINT('',#7475);
#2292=VERTEX_POINT('',#7477);
#2293=VERTEX_POINT('',#7490);
#2294=VERTEX_POINT('',#7491);
#2295=VERTEX_POINT('',#7495);
#2296=VERTEX_POINT('',#7497);
#2297=VERTEX_POINT('',#7508);
#2298=VERTEX_POINT('',#7512);
#2299=VERTEX_POINT('',#7523);
#2300=VERTEX_POINT('',#7527);
#2301=VERTEX_POINT('',#7533);
#2302=VERTEX_POINT('',#7535);
#2303=VERTEX_POINT('',#7556);
#2304=VERTEX_POINT('',#7557);
#2305=VERTEX_POINT('',#7561);
#2306=VERTEX_POINT('',#7563);
#2307=VERTEX_POINT('',#7574);
#2308=VERTEX_POINT('',#7578);
#2309=VERTEX_POINT('',#7589);
#2310=VERTEX_POINT('',#7593);
#2311=VERTEX_POINT('',#7599);
#2312=VERTEX_POINT('',#7601);
#2313=VERTEX_POINT('',#7610);
#2314=VERTEX_POINT('',#7614);
#2315=VERTEX_POINT('',#7625);
#2316=VERTEX_POINT('',#7629);
#2317=VERTEX_POINT('',#7640);
#2318=VERTEX_POINT('',#7644);
#2319=VERTEX_POINT('',#7655);
#2320=VERTEX_POINT('',#7659);
#2321=VERTEX_POINT('',#7670);
#2322=VERTEX_POINT('',#7674);
#2323=VERTEX_POINT('',#7685);
#2324=VERTEX_POINT('',#7689);
#2325=VERTEX_POINT('',#7700);
#2326=VERTEX_POINT('',#7704);
#2327=VERTEX_POINT('',#7715);
#2328=VERTEX_POINT('',#7719);
#2329=VERTEX_POINT('',#7730);
#2330=VERTEX_POINT('',#7734);
#2331=VERTEX_POINT('',#7740);
#2332=VERTEX_POINT('',#7742);
#2333=VERTEX_POINT('',#7759);
#2334=VERTEX_POINT('',#7760);
#2335=VERTEX_POINT('',#7762);
#2336=VERTEX_POINT('',#7764);
#2337=VERTEX_POINT('',#7768);
#2338=VERTEX_POINT('',#7770);
#2339=VERTEX_POINT('',#7774);
#2340=VERTEX_POINT('',#7776);
#2341=VERTEX_POINT('',#7789);
#2342=VERTEX_POINT('',#7790);
#2343=VERTEX_POINT('',#7794);
#2344=VERTEX_POINT('',#7796);
#2345=VERTEX_POINT('',#7807);
#2346=VERTEX_POINT('',#7811);
#2347=VERTEX_POINT('',#7822);
#2348=VERTEX_POINT('',#7826);
#2349=VERTEX_POINT('',#7832);
#2350=VERTEX_POINT('',#7834);
#2351=VERTEX_POINT('',#7855);
#2352=VERTEX_POINT('',#7856);
#2353=VERTEX_POINT('',#7860);
#2354=VERTEX_POINT('',#7862);
#2355=VERTEX_POINT('',#7873);
#2356=VERTEX_POINT('',#7877);
#2357=VERTEX_POINT('',#7888);
#2358=VERTEX_POINT('',#7892);
#2359=VERTEX_POINT('',#7898);
#2360=VERTEX_POINT('',#7900);
#2361=VERTEX_POINT('',#7909);
#2362=VERTEX_POINT('',#7913);
#2363=VERTEX_POINT('',#7924);
#2364=VERTEX_POINT('',#7928);
#2365=VERTEX_POINT('',#7939);
#2366=VERTEX_POINT('',#7943);
#2367=VERTEX_POINT('',#7954);
#2368=VERTEX_POINT('',#7958);
#2369=VERTEX_POINT('',#7969);
#2370=VERTEX_POINT('',#7973);
#2371=VERTEX_POINT('',#7984);
#2372=VERTEX_POINT('',#7988);
#2373=VERTEX_POINT('',#7999);
#2374=VERTEX_POINT('',#8003);
#2375=VERTEX_POINT('',#8014);
#2376=VERTEX_POINT('',#8018);
#2377=VERTEX_POINT('',#8029);
#2378=VERTEX_POINT('',#8033);
#2379=VERTEX_POINT('',#8039);
#2380=VERTEX_POINT('',#8041);
#2381=VERTEX_POINT('',#8063);
#2382=VERTEX_POINT('',#8064);
#2383=VERTEX_POINT('',#8068);
#2384=VERTEX_POINT('',#8070);
#2385=VERTEX_POINT('',#8081);
#2386=VERTEX_POINT('',#8085);
#2387=VERTEX_POINT('',#8096);
#2388=VERTEX_POINT('',#8100);
#2389=VERTEX_POINT('',#8111);
#2390=VERTEX_POINT('',#8115);
#2391=VERTEX_POINT('',#8126);
#2392=VERTEX_POINT('',#8130);
#2393=VERTEX_POINT('',#8141);
#2394=VERTEX_POINT('',#8145);
#2395=VERTEX_POINT('',#8156);
#2396=VERTEX_POINT('',#8160);
#2397=VERTEX_POINT('',#8171);
#2398=VERTEX_POINT('',#8175);
#2399=VERTEX_POINT('',#8186);
#2400=VERTEX_POINT('',#8190);
#2401=VERTEX_POINT('',#8199);
#2402=VERTEX_POINT('',#8200);
#2403=VERTEX_POINT('',#8202);
#2404=VERTEX_POINT('',#8204);
#2405=VERTEX_POINT('',#8213);
#2406=VERTEX_POINT('',#8217);
#2407=VERTEX_POINT('',#8228);
#2408=VERTEX_POINT('',#8232);
#2409=VERTEX_POINT('',#8238);
#2410=VERTEX_POINT('',#8240);
#2411=VERTEX_POINT('',#8249);
#2412=VERTEX_POINT('',#8253);
#2413=VERTEX_POINT('',#8264);
#2414=VERTEX_POINT('',#8268);
#2415=VERTEX_POINT('',#8279);
#2416=VERTEX_POINT('',#8283);
#2417=VERTEX_POINT('',#8294);
#2418=VERTEX_POINT('',#8298);
#2419=VERTEX_POINT('',#8309);
#2420=VERTEX_POINT('',#8313);
#2421=VERTEX_POINT('',#8324);
#2422=VERTEX_POINT('',#8328);
#2423=VERTEX_POINT('',#8339);
#2424=VERTEX_POINT('',#8343);
#2425=VERTEX_POINT('',#8349);
#2426=VERTEX_POINT('',#8351);
#2427=VERTEX_POINT('',#8360);
#2428=VERTEX_POINT('',#8364);
#2429=VERTEX_POINT('',#8375);
#2430=VERTEX_POINT('',#8379);
#2431=VERTEX_POINT('',#8390);
#2432=VERTEX_POINT('',#8394);
#2433=VERTEX_POINT('',#8405);
#2434=VERTEX_POINT('',#8409);
#2435=VERTEX_POINT('',#8420);
#2436=VERTEX_POINT('',#8424);
#2437=VERTEX_POINT('',#8435);
#2438=VERTEX_POINT('',#8439);
#2439=VERTEX_POINT('',#8450);
#2440=VERTEX_POINT('',#8454);
#2441=VERTEX_POINT('',#8465);
#2442=VERTEX_POINT('',#8469);
#2443=VERTEX_POINT('',#8480);
#2444=VERTEX_POINT('',#8484);
#2445=VERTEX_POINT('',#8495);
#2446=VERTEX_POINT('',#8499);
#2447=VERTEX_POINT('',#8510);
#2448=VERTEX_POINT('',#8514);
#2449=VERTEX_POINT('',#8525);
#2450=VERTEX_POINT('',#8529);
#2451=VERTEX_POINT('',#8540);
#2452=VERTEX_POINT('',#8544);
#2453=VERTEX_POINT('',#8555);
#2454=VERTEX_POINT('',#8559);
#2455=VERTEX_POINT('',#8578);
#2456=VERTEX_POINT('',#8579);
#2457=VERTEX_POINT('',#8581);
#2458=VERTEX_POINT('',#8583);
#2459=VERTEX_POINT('',#8592);
#2460=VERTEX_POINT('',#8596);
#2461=VERTEX_POINT('',#8607);
#2462=VERTEX_POINT('',#8611);
#2463=VERTEX_POINT('',#8622);
#2464=VERTEX_POINT('',#8626);
#2465=VERTEX_POINT('',#8637);
#2466=VERTEX_POINT('',#8641);
#2467=VERTEX_POINT('',#8652);
#2468=VERTEX_POINT('',#8656);
#2469=VERTEX_POINT('',#8662);
#2470=VERTEX_POINT('',#8664);
#2471=VERTEX_POINT('',#8668);
#2472=VERTEX_POINT('',#8670);
#2473=VERTEX_POINT('',#8674);
#2474=VERTEX_POINT('',#8676);
#2475=VERTEX_POINT('',#8685);
#2476=VERTEX_POINT('',#8689);
#2477=VERTEX_POINT('',#8700);
#2478=VERTEX_POINT('',#8704);
#2479=VERTEX_POINT('',#8715);
#2480=VERTEX_POINT('',#8719);
#2481=VERTEX_POINT('',#8730);
#2482=VERTEX_POINT('',#8734);
#2483=VERTEX_POINT('',#8745);
#2484=VERTEX_POINT('',#8749);
#2485=VERTEX_POINT('',#8755);
#2486=VERTEX_POINT('',#8757);
#2487=VERTEX_POINT('',#8761);
#2488=VERTEX_POINT('',#8763);
#2489=VERTEX_POINT('',#8767);
#2490=VERTEX_POINT('',#8769);
#2491=VERTEX_POINT('',#8777);
#2492=VERTEX_POINT('',#8778);
#2493=VERTEX_POINT('',#8780);
#2494=VERTEX_POINT('',#8782);
#2495=VERTEX_POINT('',#8791);
#2496=VERTEX_POINT('',#8795);
#2497=VERTEX_POINT('',#8806);
#2498=VERTEX_POINT('',#8810);
#2499=VERTEX_POINT('',#8821);
#2500=VERTEX_POINT('',#8825);
#2501=VERTEX_POINT('',#8836);
#2502=VERTEX_POINT('',#8840);
#2503=VERTEX_POINT('',#8851);
#2504=VERTEX_POINT('',#8855);
#2505=VERTEX_POINT('',#8861);
#2506=VERTEX_POINT('',#8863);
#2507=VERTEX_POINT('',#8867);
#2508=VERTEX_POINT('',#8869);
#2509=VERTEX_POINT('',#8873);
#2510=VERTEX_POINT('',#8875);
#2511=VERTEX_POINT('',#8884);
#2512=VERTEX_POINT('',#8888);
#2513=VERTEX_POINT('',#8899);
#2514=VERTEX_POINT('',#8903);
#2515=VERTEX_POINT('',#8914);
#2516=VERTEX_POINT('',#8918);
#2517=VERTEX_POINT('',#8929);
#2518=VERTEX_POINT('',#8933);
#2519=VERTEX_POINT('',#8944);
#2520=VERTEX_POINT('',#8948);
#2521=VERTEX_POINT('',#8954);
#2522=VERTEX_POINT('',#8956);
#2523=VERTEX_POINT('',#8960);
#2524=VERTEX_POINT('',#8962);
#2525=VERTEX_POINT('',#8966);
#2526=VERTEX_POINT('',#8968);
#2527=VERTEX_POINT('',#8981);
#2528=VERTEX_POINT('',#8982);
#2529=VERTEX_POINT('',#8986);
#2530=VERTEX_POINT('',#8988);
#2531=VERTEX_POINT('',#8999);
#2532=VERTEX_POINT('',#9003);
#2533=VERTEX_POINT('',#9014);
#2534=VERTEX_POINT('',#9018);
#2535=VERTEX_POINT('',#9024);
#2536=VERTEX_POINT('',#9026);
#2537=VERTEX_POINT('',#9047);
#2538=VERTEX_POINT('',#9048);
#2539=VERTEX_POINT('',#9052);
#2540=VERTEX_POINT('',#9054);
#2541=VERTEX_POINT('',#9065);
#2542=VERTEX_POINT('',#9069);
#2543=VERTEX_POINT('',#9080);
#2544=VERTEX_POINT('',#9084);
#2545=VERTEX_POINT('',#9090);
#2546=VERTEX_POINT('',#9092);
#2547=VERTEX_POINT('',#9101);
#2548=VERTEX_POINT('',#9105);
#2549=VERTEX_POINT('',#9116);
#2550=VERTEX_POINT('',#9120);
#2551=VERTEX_POINT('',#9131);
#2552=VERTEX_POINT('',#9135);
#2553=VERTEX_POINT('',#9146);
#2554=VERTEX_POINT('',#9150);
#2555=VERTEX_POINT('',#9161);
#2556=VERTEX_POINT('',#9165);
#2557=VERTEX_POINT('',#9176);
#2558=VERTEX_POINT('',#9180);
#2559=VERTEX_POINT('',#9191);
#2560=VERTEX_POINT('',#9195);
#2561=VERTEX_POINT('',#9206);
#2562=VERTEX_POINT('',#9210);
#2563=VERTEX_POINT('',#9221);
#2564=VERTEX_POINT('',#9225);
#2565=VERTEX_POINT('',#9231);
#2566=VERTEX_POINT('',#9233);
#2567=VERTEX_POINT('',#9250);
#2568=VERTEX_POINT('',#9251);
#2569=VERTEX_POINT('',#9253);
#2570=VERTEX_POINT('',#9255);
#2571=VERTEX_POINT('',#9259);
#2572=VERTEX_POINT('',#9261);
#2573=VERTEX_POINT('',#9265);
#2574=VERTEX_POINT('',#9267);
#2575=VERTEX_POINT('',#9271);
#2576=VERTEX_POINT('',#9273);
#2577=VERTEX_POINT('',#9277);
#2578=VERTEX_POINT('',#9279);
#2579=VERTEX_POINT('',#9283);
#2580=VERTEX_POINT('',#9285);
#2581=VERTEX_POINT('',#9289);
#2582=VERTEX_POINT('',#9291);
#2583=VERTEX_POINT('',#9304);
#2584=VERTEX_POINT('',#9305);
#2585=VERTEX_POINT('',#9307);
#2586=VERTEX_POINT('',#9309);
#2587=VERTEX_POINT('',#9313);
#2588=VERTEX_POINT('',#9315);
#2589=VERTEX_POINT('',#9322);
#2590=VERTEX_POINT('',#9324);
#2591=VERTEX_POINT('',#9334);
#2592=VERTEX_POINT('',#9336);
#2593=VERTEX_POINT('',#9340);
#2594=VERTEX_POINT('',#9344);
#2595=VERTEX_POINT('',#9345);
#2596=VERTEX_POINT('',#9347);
#2597=VERTEX_POINT('',#9349);
#2598=VERTEX_POINT('',#9351);
#2599=VERTEX_POINT('',#9353);
#2600=VERTEX_POINT('',#9355);
#2601=VERTEX_POINT('',#9357);
#2602=VERTEX_POINT('',#9359);
#2603=VERTEX_POINT('',#9361);
#2604=VERTEX_POINT('',#9363);
#2605=VERTEX_POINT('',#9365);
#2606=VERTEX_POINT('',#9367);
#2607=VERTEX_POINT('',#9369);
#2608=VERTEX_POINT('',#9371);
#2609=VERTEX_POINT('',#9373);
#2610=VERTEX_POINT('',#9376);
#2611=VERTEX_POINT('',#9377);
#2612=VERTEX_POINT('',#9379);
#2613=VERTEX_POINT('',#9381);
#2614=VERTEX_POINT('',#9384);
#2615=VERTEX_POINT('',#9386);
#2616=VERTEX_POINT('',#9388);
#2617=VERTEX_POINT('',#9391);
#2618=VERTEX_POINT('',#9392);
#2619=VERTEX_POINT('',#9403);
#2620=VERTEX_POINT('',#9410);
#2621=VERTEX_POINT('',#9419);
#2622=VERTEX_POINT('',#9421);
#2623=VERTEX_POINT('',#9425);
#2624=VERTEX_POINT('',#9429);
#2625=VERTEX_POINT('',#9430);
#2626=VERTEX_POINT('',#9432);
#2627=VERTEX_POINT('',#9443);
#2628=VERTEX_POINT('',#9451);
#2629=VERTEX_POINT('',#9462);
#2630=VERTEX_POINT('',#9463);
#2631=VERTEX_POINT('',#9465);
#2632=VERTEX_POINT('',#9467);
#2633=VERTEX_POINT('',#9469);
#2634=VERTEX_POINT('',#9471);
#2635=VERTEX_POINT('',#9473);
#2636=VERTEX_POINT('',#9475);
#2637=VERTEX_POINT('',#9478);
#2638=VERTEX_POINT('',#9480);
#2639=VERTEX_POINT('',#9482);
#2640=VERTEX_POINT('',#9484);
#2641=VERTEX_POINT('',#9486);
#2642=VERTEX_POINT('',#9488);
#2643=VERTEX_POINT('',#9490);
#2644=VERTEX_POINT('',#9491);
#2645=VERTEX_POINT('',#9493);
#2646=VERTEX_POINT('',#9495);
#2647=VERTEX_POINT('',#9498);
#2648=VERTEX_POINT('',#9499);
#2649=VERTEX_POINT('',#9501);
#2650=VERTEX_POINT('',#9503);
#2651=VERTEX_POINT('',#9515);
#2652=VERTEX_POINT('',#9555);
#2653=VERTEX_POINT('',#9556);
#2654=VERTEX_POINT('',#9567);
#2655=VERTEX_POINT('',#9572);
#2656=VERTEX_POINT('',#9580);
#2657=VERTEX_POINT('',#9581);
#2658=VERTEX_POINT('',#9589);
#2659=VERTEX_POINT('',#9598);
#2660=VERTEX_POINT('',#9600);
#2661=VERTEX_POINT('',#9602);
#2662=VERTEX_POINT('',#9604);
#2663=VERTEX_POINT('',#9612);
#2664=VERTEX_POINT('',#9614);
#2665=VERTEX_POINT('',#9653);
#2666=VERTEX_POINT('',#9671);
#2667=VERTEX_POINT('',#9673);
#2668=VERTEX_POINT('',#9675);
#2669=VERTEX_POINT('',#9679);
#2670=VERTEX_POINT('',#9680);
#2671=VERTEX_POINT('',#9720);
#2672=VERTEX_POINT('',#9721);
#2673=VERTEX_POINT('',#9726);
#2674=VERTEX_POINT('',#9727);
#2675=VERTEX_POINT('',#9764);
#2676=VERTEX_POINT('',#9766);
#2677=VERTEX_POINT('',#9768);
#2678=VERTEX_POINT('',#9803);
#2679=VERTEX_POINT('',#9805);
#2680=VERTEX_POINT('',#9809);
#2681=VERTEX_POINT('',#9810);
#2682=VERTEX_POINT('',#9844);
#2683=VERTEX_POINT('',#9845);
#2684=VERTEX_POINT('',#9853);
#2685=VERTEX_POINT('',#9882);
#2686=VERTEX_POINT('',#9883);
#2687=VERTEX_POINT('',#9885);
#2688=VERTEX_POINT('',#9892);
#2689=VERTEX_POINT('',#9901);
#2690=VERTEX_POINT('',#9902);
#2691=VERTEX_POINT('',#9930);
#2692=VERTEX_POINT('',#9937);
#2693=VERTEX_POINT('',#9970);
#2694=VERTEX_POINT('',#9998);
#2695=VERTEX_POINT('',#10000);
#2696=VERTEX_POINT('',#10004);
#2697=VERTEX_POINT('',#10008);
#2698=VERTEX_POINT('',#10013);
#2699=VERTEX_POINT('',#10015);
#2700=VERTEX_POINT('',#10019);
#2701=VERTEX_POINT('',#10023);
#2702=VERTEX_POINT('',#10027);
#2703=VERTEX_POINT('',#10031);
#2704=VERTEX_POINT('',#10036);
#2705=VERTEX_POINT('',#10046);
#2706=VERTEX_POINT('',#10050);
#2707=VERTEX_POINT('',#10054);
#2708=VERTEX_POINT('',#10062);
#2709=VERTEX_POINT('',#10064);
#2710=VERTEX_POINT('',#10068);
#2711=VERTEX_POINT('',#10072);
#2712=VERTEX_POINT('',#10078);
#2713=VERTEX_POINT('',#10080);
#2714=VERTEX_POINT('',#10084);
#2715=VERTEX_POINT('',#10088);
#2716=VERTEX_POINT('',#10089);
#2717=VERTEX_POINT('',#10091);
#2718=VERTEX_POINT('',#10096);
#2719=VERTEX_POINT('',#10101);
#2720=VERTEX_POINT('',#10109);
#2721=VERTEX_POINT('',#10110);
#2722=VERTEX_POINT('',#10112);
#2723=VERTEX_POINT('',#10114);
#2724=VERTEX_POINT('',#10116);
#2725=VERTEX_POINT('',#10118);
#2726=VERTEX_POINT('',#10120);
#2727=VERTEX_POINT('',#10122);
#2728=VERTEX_POINT('',#10126);
#2729=VERTEX_POINT('',#10128);
#2730=VERTEX_POINT('',#10132);
#2731=VERTEX_POINT('',#10136);
#2732=VERTEX_POINT('',#10140);
#2733=VERTEX_POINT('',#10144);
#2734=VERTEX_POINT('',#10148);
#2735=VERTEX_POINT('',#10152);
#2736=VERTEX_POINT('',#10158);
#2737=VERTEX_POINT('',#10163);
#2738=VERTEX_POINT('',#10167);
#2739=VERTEX_POINT('',#10171);
#2740=VERTEX_POINT('',#10193);
#2741=VERTEX_POINT('',#10195);
#2742=EDGE_CURVE('',#2207,#2208,#1297,.T.);
#2743=EDGE_CURVE('',#2207,#2209,#1298,.T.);
#2744=EDGE_CURVE('',#2209,#2210,#1299,.T.);
#2745=EDGE_CURVE('',#2208,#2210,#1300,.T.);
#2746=EDGE_CURVE('',#2211,#2207,#223,.T.);
#2747=EDGE_CURVE('',#2211,#2212,#1301,.T.);
#2748=EDGE_CURVE('',#2212,#2209,#224,.T.);
#2749=EDGE_CURVE('',#2213,#2211,#225,.T.);
#2750=EDGE_CURVE('',#2213,#2214,#1302,.T.);
#2751=EDGE_CURVE('',#2214,#2212,#226,.T.);
#2752=EDGE_CURVE('',#2215,#2213,#227,.T.);
#2753=EDGE_CURVE('',#2215,#2216,#1303,.T.);
#2754=EDGE_CURVE('',#2216,#2214,#228,.T.);
#2755=EDGE_CURVE('',#2217,#2215,#229,.T.);
#2756=EDGE_CURVE('',#2217,#2218,#1304,.T.);
#2757=EDGE_CURVE('',#2218,#2216,#230,.T.);
#2758=EDGE_CURVE('',#2219,#2217,#231,.T.);
#2759=EDGE_CURVE('',#2219,#2220,#1305,.T.);
#2760=EDGE_CURVE('',#2220,#2218,#232,.T.);
#2761=EDGE_CURVE('',#2221,#2219,#1306,.T.);
#2762=EDGE_CURVE('',#2221,#2222,#1307,.T.);
#2763=EDGE_CURVE('',#2222,#2220,#1308,.T.);
#2764=EDGE_CURVE('',#2223,#2221,#1309,.T.);
#2765=EDGE_CURVE('',#2223,#2224,#1310,.T.);
#2766=EDGE_CURVE('',#2224,#2222,#1311,.T.);
#2767=EDGE_CURVE('',#2225,#2223,#1312,.T.);
#2768=EDGE_CURVE('',#2225,#2226,#1313,.T.);
#2769=EDGE_CURVE('',#2226,#2224,#1314,.T.);
#2770=EDGE_CURVE('',#2227,#2225,#233,.T.);
#2771=EDGE_CURVE('',#2227,#2228,#1315,.T.);
#2772=EDGE_CURVE('',#2228,#2226,#234,.T.);
#2773=EDGE_CURVE('',#2229,#2227,#235,.T.);
#2774=EDGE_CURVE('',#2229,#2230,#1316,.T.);
#2775=EDGE_CURVE('',#2230,#2228,#236,.T.);
#2776=EDGE_CURVE('',#2231,#2229,#237,.T.);
#2777=EDGE_CURVE('',#2231,#2232,#1317,.T.);
#2778=EDGE_CURVE('',#2232,#2230,#238,.T.);
#2779=EDGE_CURVE('',#2233,#2231,#239,.T.);
#2780=EDGE_CURVE('',#2233,#2234,#1318,.T.);
#2781=EDGE_CURVE('',#2234,#2232,#240,.T.);
#2782=EDGE_CURVE('',#2235,#2233,#1319,.T.);
#2783=EDGE_CURVE('',#2235,#2236,#1320,.T.);
#2784=EDGE_CURVE('',#2236,#2234,#1321,.T.);
#2785=EDGE_CURVE('',#2237,#2235,#1322,.T.);
#2786=EDGE_CURVE('',#2237,#2238,#1323,.T.);
#2787=EDGE_CURVE('',#2238,#2236,#1324,.T.);
#2788=EDGE_CURVE('',#2239,#2237,#1325,.T.);
#2789=EDGE_CURVE('',#2239,#2240,#1326,.T.);
#2790=EDGE_CURVE('',#2240,#2238,#1327,.T.);
#2791=EDGE_CURVE('',#2208,#2239,#1328,.T.);
#2792=EDGE_CURVE('',#2210,#2240,#1329,.T.);
#2793=EDGE_CURVE('',#2241,#2242,#241,.T.);
#2794=EDGE_CURVE('',#2241,#2243,#1330,.T.);
#2795=EDGE_CURVE('',#2243,#2244,#242,.T.);
#2796=EDGE_CURVE('',#2242,#2244,#1331,.T.);
#2797=EDGE_CURVE('',#2245,#2241,#243,.T.);
#2798=EDGE_CURVE('',#2245,#2246,#1332,.T.);
#2799=EDGE_CURVE('',#2246,#2243,#244,.T.);
#2800=EDGE_CURVE('',#2247,#2245,#1333,.T.);
#2801=EDGE_CURVE('',#2247,#2248,#1334,.T.);
#2802=EDGE_CURVE('',#2248,#2246,#1335,.T.);
#2803=EDGE_CURVE('',#2249,#2247,#1336,.T.);
#2804=EDGE_CURVE('',#2249,#2250,#1337,.T.);
#2805=EDGE_CURVE('',#2250,#2248,#1338,.T.);
#2806=EDGE_CURVE('',#2242,#2249,#1339,.T.);
#2807=EDGE_CURVE('',#2244,#2250,#1340,.T.);
#2808=EDGE_CURVE('',#2251,#2252,#1341,.T.);
#2809=EDGE_CURVE('',#2251,#2253,#1342,.T.);
#2810=EDGE_CURVE('',#2253,#2254,#1343,.T.);
#2811=EDGE_CURVE('',#2252,#2254,#1344,.T.);
#2812=EDGE_CURVE('',#2255,#2251,#1345,.T.);
#2813=EDGE_CURVE('',#2255,#2256,#1346,.T.);
#2814=EDGE_CURVE('',#2256,#2253,#1347,.T.);
#2815=EDGE_CURVE('',#2257,#2255,#1348,.T.);
#2816=EDGE_CURVE('',#2257,#2258,#1349,.T.);
#2817=EDGE_CURVE('',#2258,#2256,#1350,.T.);
#2818=EDGE_CURVE('',#2259,#2257,#1351,.T.);
#2819=EDGE_CURVE('',#2259,#2260,#1352,.T.);
#2820=EDGE_CURVE('',#2260,#2258,#1353,.T.);
#2821=EDGE_CURVE('',#2261,#2259,#1354,.T.);
#2822=EDGE_CURVE('',#2261,#2262,#1355,.T.);
#2823=EDGE_CURVE('',#2262,#2260,#1356,.T.);
#2824=EDGE_CURVE('',#2263,#2261,#1357,.T.);
#2825=EDGE_CURVE('',#2263,#2264,#1358,.T.);
#2826=EDGE_CURVE('',#2264,#2262,#1359,.T.);
#2827=EDGE_CURVE('',#2265,#2263,#1360,.T.);
#2828=EDGE_CURVE('',#2265,#2266,#1361,.T.);
#2829=EDGE_CURVE('',#2266,#2264,#1362,.T.);
#2830=EDGE_CURVE('',#2252,#2265,#1363,.T.);
#2831=EDGE_CURVE('',#2254,#2266,#1364,.T.);
#2832=EDGE_CURVE('',#2267,#2268,#1365,.T.);
#2833=EDGE_CURVE('',#2267,#2269,#1366,.T.);
#2834=EDGE_CURVE('',#2269,#2270,#1367,.T.);
#2835=EDGE_CURVE('',#2268,#2270,#1368,.T.);
#2836=EDGE_CURVE('',#2271,#2267,#245,.T.);
#2837=EDGE_CURVE('',#2271,#2272,#1369,.T.);
#2838=EDGE_CURVE('',#2272,#2269,#246,.T.);
#2839=EDGE_CURVE('',#2273,#2271,#247,.T.);
#2840=EDGE_CURVE('',#2273,#2274,#1370,.T.);
#2841=EDGE_CURVE('',#2274,#2272,#248,.T.);
#2842=EDGE_CURVE('',#2275,#2273,#249,.T.);
#2843=EDGE_CURVE('',#2275,#2276,#1371,.T.);
#2844=EDGE_CURVE('',#2276,#2274,#250,.T.);
#2845=EDGE_CURVE('',#2277,#2275,#251,.T.);
#2846=EDGE_CURVE('',#2277,#2278,#1372,.T.);
#2847=EDGE_CURVE('',#2278,#2276,#252,.T.);
#2848=EDGE_CURVE('',#2279,#2277,#1373,.T.);
#2849=EDGE_CURVE('',#2279,#2280,#1374,.T.);
#2850=EDGE_CURVE('',#2280,#2278,#1375,.T.);
#2851=EDGE_CURVE('',#2281,#2279,#253,.T.);
#2852=EDGE_CURVE('',#2281,#2282,#1376,.T.);
#2853=EDGE_CURVE('',#2282,#2280,#254,.T.);
#2854=EDGE_CURVE('',#2283,#2281,#255,.T.);
#2855=EDGE_CURVE('',#2283,#2284,#1377,.T.);
#2856=EDGE_CURVE('',#2284,#2282,#256,.T.);
#2857=EDGE_CURVE('',#2285,#2283,#257,.T.);
#2858=EDGE_CURVE('',#2285,#2286,#1378,.T.);
#2859=EDGE_CURVE('',#2286,#2284,#258,.T.);
#2860=EDGE_CURVE('',#2287,#2285,#1379,.T.);
#2861=EDGE_CURVE('',#2287,#2288,#1380,.T.);
#2862=EDGE_CURVE('',#2288,#2286,#1381,.T.);
#2863=EDGE_CURVE('',#2289,#2287,#1382,.T.);
#2864=EDGE_CURVE('',#2289,#2290,#1383,.T.);
#2865=EDGE_CURVE('',#2290,#2288,#1384,.T.);
#2866=EDGE_CURVE('',#2291,#2289,#1385,.T.);
#2867=EDGE_CURVE('',#2291,#2292,#1386,.T.);
#2868=EDGE_CURVE('',#2292,#2290,#1387,.T.);
#2869=EDGE_CURVE('',#2268,#2291,#1388,.T.);
#2870=EDGE_CURVE('',#2270,#2292,#1389,.T.);
#2871=EDGE_CURVE('',#2293,#2294,#259,.T.);
#2872=EDGE_CURVE('',#2293,#2295,#1390,.T.);
#2873=EDGE_CURVE('',#2295,#2296,#260,.T.);
#2874=EDGE_CURVE('',#2294,#2296,#1391,.T.);
#2875=EDGE_CURVE('',#2297,#2293,#261,.T.);
#2876=EDGE_CURVE('',#2297,#2298,#1392,.T.);
#2877=EDGE_CURVE('',#2298,#2295,#262,.T.);
#2878=EDGE_CURVE('',#2299,#2297,#263,.T.);
#2879=EDGE_CURVE('',#2299,#2300,#1393,.T.);
#2880=EDGE_CURVE('',#2300,#2298,#264,.T.);
#2881=EDGE_CURVE('',#2301,#2299,#1394,.T.);
#2882=EDGE_CURVE('',#2301,#2302,#1395,.T.);
#2883=EDGE_CURVE('',#2302,#2300,#1396,.T.);
#2884=EDGE_CURVE('',#2294,#2301,#265,.T.);
#2885=EDGE_CURVE('',#2296,#2302,#266,.T.);
#2886=EDGE_CURVE('',#2303,#2304,#267,.T.);
#2887=EDGE_CURVE('',#2303,#2305,#1397,.T.);
#2888=EDGE_CURVE('',#2305,#2306,#268,.T.);
#2889=EDGE_CURVE('',#2304,#2306,#1398,.T.);
#2890=EDGE_CURVE('',#2307,#2303,#269,.T.);
#2891=EDGE_CURVE('',#2307,#2308,#1399,.T.);
#2892=EDGE_CURVE('',#2308,#2305,#270,.T.);
#2893=EDGE_CURVE('',#2309,#2307,#271,.T.);
#2894=EDGE_CURVE('',#2309,#2310,#1400,.T.);
#2895=EDGE_CURVE('',#2310,#2308,#272,.T.);
#2896=EDGE_CURVE('',#2311,#2309,#1401,.T.);
#2897=EDGE_CURVE('',#2311,#2312,#1402,.T.);
#2898=EDGE_CURVE('',#2312,#2310,#1403,.T.);
#2899=EDGE_CURVE('',#2313,#2311,#273,.T.);
#2900=EDGE_CURVE('',#2313,#2314,#1404,.T.);
#2901=EDGE_CURVE('',#2314,#2312,#274,.T.);
#2902=EDGE_CURVE('',#2315,#2313,#275,.T.);
#2903=EDGE_CURVE('',#2315,#2316,#1405,.T.);
#2904=EDGE_CURVE('',#2316,#2314,#276,.T.);
#2905=EDGE_CURVE('',#2317,#2315,#277,.T.);
#2906=EDGE_CURVE('',#2317,#2318,#1406,.T.);
#2907=EDGE_CURVE('',#2318,#2316,#278,.T.);
#2908=EDGE_CURVE('',#2319,#2317,#279,.T.);
#2909=EDGE_CURVE('',#2319,#2320,#1407,.T.);
#2910=EDGE_CURVE('',#2320,#2318,#280,.T.);
#2911=EDGE_CURVE('',#2321,#2319,#281,.T.);
#2912=EDGE_CURVE('',#2321,#2322,#1408,.T.);
#2913=EDGE_CURVE('',#2322,#2320,#282,.T.);
#2914=EDGE_CURVE('',#2323,#2321,#283,.T.);
#2915=EDGE_CURVE('',#2323,#2324,#1409,.T.);
#2916=EDGE_CURVE('',#2324,#2322,#284,.T.);
#2917=EDGE_CURVE('',#2325,#2323,#285,.T.);
#2918=EDGE_CURVE('',#2325,#2326,#1410,.T.);
#2919=EDGE_CURVE('',#2326,#2324,#286,.T.);
#2920=EDGE_CURVE('',#2327,#2325,#287,.T.);
#2921=EDGE_CURVE('',#2327,#2328,#1411,.T.);
#2922=EDGE_CURVE('',#2328,#2326,#288,.T.);
#2923=EDGE_CURVE('',#2329,#2327,#289,.T.);
#2924=EDGE_CURVE('',#2329,#2330,#1412,.T.);
#2925=EDGE_CURVE('',#2330,#2328,#290,.T.);
#2926=EDGE_CURVE('',#2331,#2329,#1413,.T.);
#2927=EDGE_CURVE('',#2331,#2332,#1414,.T.);
#2928=EDGE_CURVE('',#2332,#2330,#1415,.T.);
#2929=EDGE_CURVE('',#2304,#2331,#291,.T.);
#2930=EDGE_CURVE('',#2306,#2332,#292,.T.);
#2931=EDGE_CURVE('',#2333,#2334,#1416,.T.);
#2932=EDGE_CURVE('',#2333,#2335,#1417,.T.);
#2933=EDGE_CURVE('',#2335,#2336,#1418,.T.);
#2934=EDGE_CURVE('',#2334,#2336,#1419,.T.);
#2935=EDGE_CURVE('',#2337,#2333,#1420,.T.);
#2936=EDGE_CURVE('',#2337,#2338,#1421,.T.);
#2937=EDGE_CURVE('',#2338,#2335,#1422,.T.);
#2938=EDGE_CURVE('',#2339,#2337,#1423,.T.);
#2939=EDGE_CURVE('',#2339,#2340,#1424,.T.);
#2940=EDGE_CURVE('',#2340,#2338,#1425,.T.);
#2941=EDGE_CURVE('',#2334,#2339,#1426,.T.);
#2942=EDGE_CURVE('',#2336,#2340,#1427,.T.);
#2943=EDGE_CURVE('',#2341,#2342,#293,.T.);
#2944=EDGE_CURVE('',#2341,#2343,#1428,.T.);
#2945=EDGE_CURVE('',#2343,#2344,#294,.T.);
#2946=EDGE_CURVE('',#2342,#2344,#1429,.T.);
#2947=EDGE_CURVE('',#2345,#2341,#295,.T.);
#2948=EDGE_CURVE('',#2345,#2346,#1430,.T.);
#2949=EDGE_CURVE('',#2346,#2343,#296,.T.);
#2950=EDGE_CURVE('',#2347,#2345,#297,.T.);
#2951=EDGE_CURVE('',#2347,#2348,#1431,.T.);
#2952=EDGE_CURVE('',#2348,#2346,#298,.T.);
#2953=EDGE_CURVE('',#2349,#2347,#1432,.T.);
#2954=EDGE_CURVE('',#2349,#2350,#1433,.T.);
#2955=EDGE_CURVE('',#2350,#2348,#1434,.T.);
#2956=EDGE_CURVE('',#2342,#2349,#299,.T.);
#2957=EDGE_CURVE('',#2344,#2350,#300,.T.);
#2958=EDGE_CURVE('',#2351,#2352,#301,.T.);
#2959=EDGE_CURVE('',#2351,#2353,#1435,.T.);
#2960=EDGE_CURVE('',#2353,#2354,#302,.T.);
#2961=EDGE_CURVE('',#2352,#2354,#1436,.T.);
#2962=EDGE_CURVE('',#2355,#2351,#303,.T.);
#2963=EDGE_CURVE('',#2355,#2356,#1437,.T.);
#2964=EDGE_CURVE('',#2356,#2353,#304,.T.);
#2965=EDGE_CURVE('',#2357,#2355,#305,.T.);
#2966=EDGE_CURVE('',#2357,#2358,#1438,.T.);
#2967=EDGE_CURVE('',#2358,#2356,#306,.T.);
#2968=EDGE_CURVE('',#2359,#2357,#1439,.T.);
#2969=EDGE_CURVE('',#2359,#2360,#1440,.T.);
#2970=EDGE_CURVE('',#2360,#2358,#1441,.T.);
#2971=EDGE_CURVE('',#2361,#2359,#307,.T.);
#2972=EDGE_CURVE('',#2361,#2362,#1442,.T.);
#2973=EDGE_CURVE('',#2362,#2360,#308,.T.);
#2974=EDGE_CURVE('',#2363,#2361,#309,.T.);
#2975=EDGE_CURVE('',#2363,#2364,#1443,.T.);
#2976=EDGE_CURVE('',#2364,#2362,#310,.T.);
#2977=EDGE_CURVE('',#2365,#2363,#311,.T.);
#2978=EDGE_CURVE('',#2365,#2366,#1444,.T.);
#2979=EDGE_CURVE('',#2366,#2364,#312,.T.);
#2980=EDGE_CURVE('',#2367,#2365,#313,.T.);
#2981=EDGE_CURVE('',#2367,#2368,#1445,.T.);
#2982=EDGE_CURVE('',#2368,#2366,#314,.T.);
#2983=EDGE_CURVE('',#2369,#2367,#315,.T.);
#2984=EDGE_CURVE('',#2369,#2370,#1446,.T.);
#2985=EDGE_CURVE('',#2370,#2368,#316,.T.);
#2986=EDGE_CURVE('',#2371,#2369,#317,.T.);
#2987=EDGE_CURVE('',#2371,#2372,#1447,.T.);
#2988=EDGE_CURVE('',#2372,#2370,#318,.T.);
#2989=EDGE_CURVE('',#2373,#2371,#319,.T.);
#2990=EDGE_CURVE('',#2373,#2374,#1448,.T.);
#2991=EDGE_CURVE('',#2374,#2372,#320,.T.);
#2992=EDGE_CURVE('',#2375,#2373,#321,.T.);
#2993=EDGE_CURVE('',#2375,#2376,#1449,.T.);
#2994=EDGE_CURVE('',#2376,#2374,#322,.T.);
#2995=EDGE_CURVE('',#2377,#2375,#323,.T.);
#2996=EDGE_CURVE('',#2377,#2378,#1450,.T.);
#2997=EDGE_CURVE('',#2378,#2376,#324,.T.);
#2998=EDGE_CURVE('',#2379,#2377,#1451,.T.);
#2999=EDGE_CURVE('',#2379,#2380,#1452,.T.);
#3000=EDGE_CURVE('',#2380,#2378,#1453,.T.);
#3001=EDGE_CURVE('',#2352,#2379,#325,.T.);
#3002=EDGE_CURVE('',#2354,#2380,#326,.T.);
#3003=EDGE_CURVE('',#2381,#2382,#327,.T.);
#3004=EDGE_CURVE('',#2381,#2383,#1454,.T.);
#3005=EDGE_CURVE('',#2383,#2384,#328,.T.);
#3006=EDGE_CURVE('',#2382,#2384,#1455,.T.);
#3007=EDGE_CURVE('',#2385,#2381,#329,.T.);
#3008=EDGE_CURVE('',#2385,#2386,#1456,.T.);
#3009=EDGE_CURVE('',#2386,#2383,#330,.T.);
#3010=EDGE_CURVE('',#2387,#2385,#331,.T.);
#3011=EDGE_CURVE('',#2387,#2388,#1457,.T.);
#3012=EDGE_CURVE('',#2388,#2386,#332,.T.);
#3013=EDGE_CURVE('',#2389,#2387,#333,.T.);
#3014=EDGE_CURVE('',#2389,#2390,#1458,.T.);
#3015=EDGE_CURVE('',#2390,#2388,#334,.T.);
#3016=EDGE_CURVE('',#2391,#2389,#335,.T.);
#3017=EDGE_CURVE('',#2391,#2392,#1459,.T.);
#3018=EDGE_CURVE('',#2392,#2390,#336,.T.);
#3019=EDGE_CURVE('',#2393,#2391,#337,.T.);
#3020=EDGE_CURVE('',#2393,#2394,#1460,.T.);
#3021=EDGE_CURVE('',#2394,#2392,#338,.T.);
#3022=EDGE_CURVE('',#2395,#2393,#339,.T.);
#3023=EDGE_CURVE('',#2395,#2396,#1461,.T.);
#3024=EDGE_CURVE('',#2396,#2394,#340,.T.);
#3025=EDGE_CURVE('',#2397,#2395,#341,.T.);
#3026=EDGE_CURVE('',#2397,#2398,#1462,.T.);
#3027=EDGE_CURVE('',#2398,#2396,#342,.T.);
#3028=EDGE_CURVE('',#2399,#2397,#343,.T.);
#3029=EDGE_CURVE('',#2399,#2400,#1463,.T.);
#3030=EDGE_CURVE('',#2400,#2398,#344,.T.);
#3031=EDGE_CURVE('',#2382,#2399,#1464,.T.);
#3032=EDGE_CURVE('',#2384,#2400,#1465,.T.);
#3033=EDGE_CURVE('',#2401,#2402,#1466,.T.);
#3034=EDGE_CURVE('',#2401,#2403,#1467,.T.);
#3035=EDGE_CURVE('',#2403,#2404,#1468,.T.);
#3036=EDGE_CURVE('',#2402,#2404,#1469,.T.);
#3037=EDGE_CURVE('',#2405,#2401,#345,.T.);
#3038=EDGE_CURVE('',#2405,#2406,#1470,.T.);
#3039=EDGE_CURVE('',#2406,#2403,#346,.T.);
#3040=EDGE_CURVE('',#2407,#2405,#347,.T.);
#3041=EDGE_CURVE('',#2407,#2408,#1471,.T.);
#3042=EDGE_CURVE('',#2408,#2406,#348,.T.);
#3043=EDGE_CURVE('',#2409,#2407,#1472,.T.);
#3044=EDGE_CURVE('',#2409,#2410,#1473,.T.);
#3045=EDGE_CURVE('',#2410,#2408,#1474,.T.);
#3046=EDGE_CURVE('',#2411,#2409,#349,.T.);
#3047=EDGE_CURVE('',#2411,#2412,#1475,.T.);
#3048=EDGE_CURVE('',#2412,#2410,#350,.T.);
#3049=EDGE_CURVE('',#2413,#2411,#351,.T.);
#3050=EDGE_CURVE('',#2413,#2414,#1476,.T.);
#3051=EDGE_CURVE('',#2414,#2412,#352,.T.);
#3052=EDGE_CURVE('',#2415,#2413,#353,.T.);
#3053=EDGE_CURVE('',#2415,#2416,#1477,.T.);
#3054=EDGE_CURVE('',#2416,#2414,#354,.T.);
#3055=EDGE_CURVE('',#2417,#2415,#355,.T.);
#3056=EDGE_CURVE('',#2417,#2418,#1478,.T.);
#3057=EDGE_CURVE('',#2418,#2416,#356,.T.);
#3058=EDGE_CURVE('',#2419,#2417,#357,.T.);
#3059=EDGE_CURVE('',#2419,#2420,#1479,.T.);
#3060=EDGE_CURVE('',#2420,#2418,#358,.T.);
#3061=EDGE_CURVE('',#2421,#2419,#359,.T.);
#3062=EDGE_CURVE('',#2421,#2422,#1480,.T.);
#3063=EDGE_CURVE('',#2422,#2420,#360,.T.);
#3064=EDGE_CURVE('',#2423,#2421,#361,.T.);
#3065=EDGE_CURVE('',#2423,#2424,#1481,.T.);
#3066=EDGE_CURVE('',#2424,#2422,#362,.T.);
#3067=EDGE_CURVE('',#2425,#2423,#1482,.T.);
#3068=EDGE_CURVE('',#2425,#2426,#1483,.T.);
#3069=EDGE_CURVE('',#2426,#2424,#1484,.T.);
#3070=EDGE_CURVE('',#2427,#2425,#363,.T.);
#3071=EDGE_CURVE('',#2427,#2428,#1485,.T.);
#3072=EDGE_CURVE('',#2428,#2426,#364,.T.);
#3073=EDGE_CURVE('',#2429,#2427,#365,.T.);
#3074=EDGE_CURVE('',#2429,#2430,#1486,.T.);
#3075=EDGE_CURVE('',#2430,#2428,#366,.T.);
#3076=EDGE_CURVE('',#2431,#2429,#367,.T.);
#3077=EDGE_CURVE('',#2431,#2432,#1487,.T.);
#3078=EDGE_CURVE('',#2432,#2430,#368,.T.);
#3079=EDGE_CURVE('',#2433,#2431,#369,.T.);
#3080=EDGE_CURVE('',#2433,#2434,#1488,.T.);
#3081=EDGE_CURVE('',#2434,#2432,#370,.T.);
#3082=EDGE_CURVE('',#2435,#2433,#371,.T.);
#3083=EDGE_CURVE('',#2435,#2436,#1489,.T.);
#3084=EDGE_CURVE('',#2436,#2434,#372,.T.);
#3085=EDGE_CURVE('',#2437,#2435,#373,.T.);
#3086=EDGE_CURVE('',#2437,#2438,#1490,.T.);
#3087=EDGE_CURVE('',#2438,#2436,#374,.T.);
#3088=EDGE_CURVE('',#2439,#2437,#375,.T.);
#3089=EDGE_CURVE('',#2439,#2440,#1491,.T.);
#3090=EDGE_CURVE('',#2440,#2438,#376,.T.);
#3091=EDGE_CURVE('',#2441,#2439,#377,.T.);
#3092=EDGE_CURVE('',#2441,#2442,#1492,.T.);
#3093=EDGE_CURVE('',#2442,#2440,#378,.T.);
#3094=EDGE_CURVE('',#2443,#2441,#379,.T.);
#3095=EDGE_CURVE('',#2443,#2444,#1493,.T.);
#3096=EDGE_CURVE('',#2444,#2442,#380,.T.);
#3097=EDGE_CURVE('',#2445,#2443,#381,.T.);
#3098=EDGE_CURVE('',#2445,#2446,#1494,.T.);
#3099=EDGE_CURVE('',#2446,#2444,#382,.T.);
#3100=EDGE_CURVE('',#2447,#2445,#383,.T.);
#3101=EDGE_CURVE('',#2447,#2448,#1495,.T.);
#3102=EDGE_CURVE('',#2448,#2446,#384,.T.);
#3103=EDGE_CURVE('',#2449,#2447,#385,.T.);
#3104=EDGE_CURVE('',#2449,#2450,#1496,.T.);
#3105=EDGE_CURVE('',#2450,#2448,#386,.T.);
#3106=EDGE_CURVE('',#2451,#2449,#387,.T.);
#3107=EDGE_CURVE('',#2451,#2452,#1497,.T.);
#3108=EDGE_CURVE('',#2452,#2450,#388,.T.);
#3109=EDGE_CURVE('',#2453,#2451,#389,.T.);
#3110=EDGE_CURVE('',#2453,#2454,#1498,.T.);
#3111=EDGE_CURVE('',#2454,#2452,#390,.T.);
#3112=EDGE_CURVE('',#2402,#2453,#391,.T.);
#3113=EDGE_CURVE('',#2404,#2454,#392,.T.);
#3114=EDGE_CURVE('',#2455,#2456,#1499,.T.);
#3115=EDGE_CURVE('',#2455,#2457,#1500,.T.);
#3116=EDGE_CURVE('',#2457,#2458,#1501,.T.);
#3117=EDGE_CURVE('',#2456,#2458,#1502,.T.);
#3118=EDGE_CURVE('',#2459,#2455,#393,.T.);
#3119=EDGE_CURVE('',#2459,#2460,#1503,.T.);
#3120=EDGE_CURVE('',#2460,#2457,#394,.T.);
#3121=EDGE_CURVE('',#2461,#2459,#395,.T.);
#3122=EDGE_CURVE('',#2461,#2462,#1504,.T.);
#3123=EDGE_CURVE('',#2462,#2460,#396,.T.);
#3124=EDGE_CURVE('',#2463,#2461,#397,.T.);
#3125=EDGE_CURVE('',#2463,#2464,#1505,.T.);
#3126=EDGE_CURVE('',#2464,#2462,#398,.T.);
#3127=EDGE_CURVE('',#2465,#2463,#399,.T.);
#3128=EDGE_CURVE('',#2465,#2466,#1506,.T.);
#3129=EDGE_CURVE('',#2466,#2464,#400,.T.);
#3130=EDGE_CURVE('',#2467,#2465,#401,.T.);
#3131=EDGE_CURVE('',#2467,#2468,#1507,.T.);
#3132=EDGE_CURVE('',#2468,#2466,#402,.T.);
#3133=EDGE_CURVE('',#2469,#2467,#1508,.T.);
#3134=EDGE_CURVE('',#2469,#2470,#1509,.T.);
#3135=EDGE_CURVE('',#2470,#2468,#1510,.T.);
#3136=EDGE_CURVE('',#2471,#2469,#1511,.T.);
#3137=EDGE_CURVE('',#2471,#2472,#1512,.T.);
#3138=EDGE_CURVE('',#2472,#2470,#1513,.T.);
#3139=EDGE_CURVE('',#2473,#2471,#1514,.T.);
#3140=EDGE_CURVE('',#2473,#2474,#1515,.T.);
#3141=EDGE_CURVE('',#2474,#2472,#1516,.T.);
#3142=EDGE_CURVE('',#2475,#2473,#403,.T.);
#3143=EDGE_CURVE('',#2475,#2476,#1517,.T.);
#3144=EDGE_CURVE('',#2476,#2474,#404,.T.);
#3145=EDGE_CURVE('',#2477,#2475,#405,.T.);
#3146=EDGE_CURVE('',#2477,#2478,#1518,.T.);
#3147=EDGE_CURVE('',#2478,#2476,#406,.T.);
#3148=EDGE_CURVE('',#2479,#2477,#407,.T.);
#3149=EDGE_CURVE('',#2479,#2480,#1519,.T.);
#3150=EDGE_CURVE('',#2480,#2478,#408,.T.);
#3151=EDGE_CURVE('',#2481,#2479,#409,.T.);
#3152=EDGE_CURVE('',#2481,#2482,#1520,.T.);
#3153=EDGE_CURVE('',#2482,#2480,#410,.T.);
#3154=EDGE_CURVE('',#2483,#2481,#411,.T.);
#3155=EDGE_CURVE('',#2483,#2484,#1521,.T.);
#3156=EDGE_CURVE('',#2484,#2482,#412,.T.);
#3157=EDGE_CURVE('',#2485,#2483,#1522,.T.);
#3158=EDGE_CURVE('',#2485,#2486,#1523,.T.);
#3159=EDGE_CURVE('',#2486,#2484,#1524,.T.);
#3160=EDGE_CURVE('',#2487,#2485,#1525,.T.);
#3161=EDGE_CURVE('',#2487,#2488,#1526,.T.);
#3162=EDGE_CURVE('',#2488,#2486,#1527,.T.);
#3163=EDGE_CURVE('',#2489,#2487,#1528,.T.);
#3164=EDGE_CURVE('',#2489,#2490,#1529,.T.);
#3165=EDGE_CURVE('',#2490,#2488,#1530,.T.);
#3166=EDGE_CURVE('',#2456,#2489,#1531,.T.);
#3167=EDGE_CURVE('',#2458,#2490,#1532,.T.);
#3168=EDGE_CURVE('',#2491,#2492,#1533,.T.);
#3169=EDGE_CURVE('',#2491,#2493,#1534,.T.);
#3170=EDGE_CURVE('',#2493,#2494,#1535,.T.);
#3171=EDGE_CURVE('',#2492,#2494,#1536,.T.);
#3172=EDGE_CURVE('',#2495,#2491,#413,.T.);
#3173=EDGE_CURVE('',#2495,#2496,#1537,.T.);
#3174=EDGE_CURVE('',#2496,#2493,#414,.T.);
#3175=EDGE_CURVE('',#2497,#2495,#415,.T.);
#3176=EDGE_CURVE('',#2497,#2498,#1538,.T.);
#3177=EDGE_CURVE('',#2498,#2496,#416,.T.);
#3178=EDGE_CURVE('',#2499,#2497,#417,.T.);
#3179=EDGE_CURVE('',#2499,#2500,#1539,.T.);
#3180=EDGE_CURVE('',#2500,#2498,#418,.T.);
#3181=EDGE_CURVE('',#2501,#2499,#419,.T.);
#3182=EDGE_CURVE('',#2501,#2502,#1540,.T.);
#3183=EDGE_CURVE('',#2502,#2500,#420,.T.);
#3184=EDGE_CURVE('',#2503,#2501,#421,.T.);
#3185=EDGE_CURVE('',#2503,#2504,#1541,.T.);
#3186=EDGE_CURVE('',#2504,#2502,#422,.T.);
#3187=EDGE_CURVE('',#2505,#2503,#1542,.T.);
#3188=EDGE_CURVE('',#2505,#2506,#1543,.T.);
#3189=EDGE_CURVE('',#2506,#2504,#1544,.T.);
#3190=EDGE_CURVE('',#2507,#2505,#1545,.T.);
#3191=EDGE_CURVE('',#2507,#2508,#1546,.T.);
#3192=EDGE_CURVE('',#2508,#2506,#1547,.T.);
#3193=EDGE_CURVE('',#2509,#2507,#1548,.T.);
#3194=EDGE_CURVE('',#2509,#2510,#1549,.T.);
#3195=EDGE_CURVE('',#2510,#2508,#1550,.T.);
#3196=EDGE_CURVE('',#2511,#2509,#423,.T.);
#3197=EDGE_CURVE('',#2511,#2512,#1551,.T.);
#3198=EDGE_CURVE('',#2512,#2510,#424,.T.);
#3199=EDGE_CURVE('',#2513,#2511,#425,.T.);
#3200=EDGE_CURVE('',#2513,#2514,#1552,.T.);
#3201=EDGE_CURVE('',#2514,#2512,#426,.T.);
#3202=EDGE_CURVE('',#2515,#2513,#427,.T.);
#3203=EDGE_CURVE('',#2515,#2516,#1553,.T.);
#3204=EDGE_CURVE('',#2516,#2514,#428,.T.);
#3205=EDGE_CURVE('',#2517,#2515,#429,.T.);
#3206=EDGE_CURVE('',#2517,#2518,#1554,.T.);
#3207=EDGE_CURVE('',#2518,#2516,#430,.T.);
#3208=EDGE_CURVE('',#2519,#2517,#431,.T.);
#3209=EDGE_CURVE('',#2519,#2520,#1555,.T.);
#3210=EDGE_CURVE('',#2520,#2518,#432,.T.);
#3211=EDGE_CURVE('',#2521,#2519,#1556,.T.);
#3212=EDGE_CURVE('',#2521,#2522,#1557,.T.);
#3213=EDGE_CURVE('',#2522,#2520,#1558,.T.);
#3214=EDGE_CURVE('',#2523,#2521,#1559,.T.);
#3215=EDGE_CURVE('',#2523,#2524,#1560,.T.);
#3216=EDGE_CURVE('',#2524,#2522,#1561,.T.);
#3217=EDGE_CURVE('',#2525,#2523,#1562,.T.);
#3218=EDGE_CURVE('',#2525,#2526,#1563,.T.);
#3219=EDGE_CURVE('',#2526,#2524,#1564,.T.);
#3220=EDGE_CURVE('',#2492,#2525,#1565,.T.);
#3221=EDGE_CURVE('',#2494,#2526,#1566,.T.);
#3222=EDGE_CURVE('',#2527,#2528,#433,.T.);
#3223=EDGE_CURVE('',#2527,#2529,#1567,.T.);
#3224=EDGE_CURVE('',#2529,#2530,#434,.T.);
#3225=EDGE_CURVE('',#2528,#2530,#1568,.T.);
#3226=EDGE_CURVE('',#2531,#2527,#435,.T.);
#3227=EDGE_CURVE('',#2531,#2532,#1569,.T.);
#3228=EDGE_CURVE('',#2532,#2529,#436,.T.);
#3229=EDGE_CURVE('',#2533,#2531,#437,.T.);
#3230=EDGE_CURVE('',#2533,#2534,#1570,.T.);
#3231=EDGE_CURVE('',#2534,#2532,#438,.T.);
#3232=EDGE_CURVE('',#2535,#2533,#1571,.T.);
#3233=EDGE_CURVE('',#2535,#2536,#1572,.T.);
#3234=EDGE_CURVE('',#2536,#2534,#1573,.T.);
#3235=EDGE_CURVE('',#2528,#2535,#439,.T.);
#3236=EDGE_CURVE('',#2530,#2536,#440,.T.);
#3237=EDGE_CURVE('',#2537,#2538,#441,.T.);
#3238=EDGE_CURVE('',#2537,#2539,#1574,.T.);
#3239=EDGE_CURVE('',#2539,#2540,#442,.T.);
#3240=EDGE_CURVE('',#2538,#2540,#1575,.T.);
#3241=EDGE_CURVE('',#2541,#2537,#443,.T.);
#3242=EDGE_CURVE('',#2541,#2542,#1576,.T.);
#3243=EDGE_CURVE('',#2542,#2539,#444,.T.);
#3244=EDGE_CURVE('',#2543,#2541,#445,.T.);
#3245=EDGE_CURVE('',#2543,#2544,#1577,.T.);
#3246=EDGE_CURVE('',#2544,#2542,#446,.T.);
#3247=EDGE_CURVE('',#2545,#2543,#1578,.T.);
#3248=EDGE_CURVE('',#2545,#2546,#1579,.T.);
#3249=EDGE_CURVE('',#2546,#2544,#1580,.T.);
#3250=EDGE_CURVE('',#2547,#2545,#447,.T.);
#3251=EDGE_CURVE('',#2547,#2548,#1581,.T.);
#3252=EDGE_CURVE('',#2548,#2546,#448,.T.);
#3253=EDGE_CURVE('',#2549,#2547,#449,.T.);
#3254=EDGE_CURVE('',#2549,#2550,#1582,.T.);
#3255=EDGE_CURVE('',#2550,#2548,#450,.T.);
#3256=EDGE_CURVE('',#2551,#2549,#451,.T.);
#3257=EDGE_CURVE('',#2551,#2552,#1583,.T.);
#3258=EDGE_CURVE('',#2552,#2550,#452,.T.);
#3259=EDGE_CURVE('',#2553,#2551,#453,.T.);
#3260=EDGE_CURVE('',#2553,#2554,#1584,.T.);
#3261=EDGE_CURVE('',#2554,#2552,#454,.T.);
#3262=EDGE_CURVE('',#2555,#2553,#455,.T.);
#3263=EDGE_CURVE('',#2555,#2556,#1585,.T.);
#3264=EDGE_CURVE('',#2556,#2554,#456,.T.);
#3265=EDGE_CURVE('',#2557,#2555,#457,.T.);
#3266=EDGE_CURVE('',#2557,#2558,#1586,.T.);
#3267=EDGE_CURVE('',#2558,#2556,#458,.T.);
#3268=EDGE_CURVE('',#2559,#2557,#459,.T.);
#3269=EDGE_CURVE('',#2559,#2560,#1587,.T.);
#3270=EDGE_CURVE('',#2560,#2558,#460,.T.);
#3271=EDGE_CURVE('',#2561,#2559,#461,.T.);
#3272=EDGE_CURVE('',#2561,#2562,#1588,.T.);
#3273=EDGE_CURVE('',#2562,#2560,#462,.T.);
#3274=EDGE_CURVE('',#2563,#2561,#463,.T.);
#3275=EDGE_CURVE('',#2563,#2564,#1589,.T.);
#3276=EDGE_CURVE('',#2564,#2562,#464,.T.);
#3277=EDGE_CURVE('',#2565,#2563,#1590,.T.);
#3278=EDGE_CURVE('',#2565,#2566,#1591,.T.);
#3279=EDGE_CURVE('',#2566,#2564,#1592,.T.);
#3280=EDGE_CURVE('',#2538,#2565,#465,.T.);
#3281=EDGE_CURVE('',#2540,#2566,#466,.T.);
#3282=EDGE_CURVE('',#2567,#2568,#1593,.T.);
#3283=EDGE_CURVE('',#2567,#2569,#1594,.T.);
#3284=EDGE_CURVE('',#2569,#2570,#1595,.T.);
#3285=EDGE_CURVE('',#2568,#2570,#1596,.T.);
#3286=EDGE_CURVE('',#2571,#2567,#1597,.T.);
#3287=EDGE_CURVE('',#2571,#2572,#1598,.T.);
#3288=EDGE_CURVE('',#2572,#2569,#1599,.T.);
#3289=EDGE_CURVE('',#2573,#2571,#1600,.T.);
#3290=EDGE_CURVE('',#2573,#2574,#1601,.T.);
#3291=EDGE_CURVE('',#2574,#2572,#1602,.T.);
#3292=EDGE_CURVE('',#2575,#2573,#1603,.T.);
#3293=EDGE_CURVE('',#2575,#2576,#1604,.T.);
#3294=EDGE_CURVE('',#2576,#2574,#1605,.T.);
#3295=EDGE_CURVE('',#2577,#2575,#1606,.T.);
#3296=EDGE_CURVE('',#2577,#2578,#1607,.T.);
#3297=EDGE_CURVE('',#2578,#2576,#1608,.T.);
#3298=EDGE_CURVE('',#2579,#2577,#1609,.T.);
#3299=EDGE_CURVE('',#2579,#2580,#1610,.T.);
#3300=EDGE_CURVE('',#2580,#2578,#1611,.T.);
#3301=EDGE_CURVE('',#2581,#2579,#1612,.T.);
#3302=EDGE_CURVE('',#2581,#2582,#1613,.T.);
#3303=EDGE_CURVE('',#2582,#2580,#1614,.T.);
#3304=EDGE_CURVE('',#2568,#2581,#1615,.T.);
#3305=EDGE_CURVE('',#2570,#2582,#1616,.T.);
#3306=EDGE_CURVE('',#2583,#2584,#1617,.T.);
#3307=EDGE_CURVE('',#2584,#2585,#1618,.T.);
#3308=EDGE_CURVE('',#2585,#2586,#1619,.T.);
#3309=EDGE_CURVE('',#2586,#2583,#1620,.T.);
#3310=EDGE_CURVE('',#2586,#2587,#1621,.T.);
#3311=EDGE_CURVE('',#2587,#2588,#467,.T.);
#3312=EDGE_CURVE('',#2588,#2583,#1622,.T.);
#3313=EDGE_CURVE('',#2589,#2588,#88,.T.);
#3314=EDGE_CURVE('',#2587,#2590,#89,.T.);
#3315=EDGE_CURVE('',#2590,#2589,#468,.T.);
#3316=EDGE_CURVE('',#2584,#2589,#1623,.T.);
#3317=EDGE_CURVE('',#2590,#2585,#1624,.T.);
#3318=EDGE_CURVE('',#2584,#2591,#1625,.T.);
#3319=EDGE_CURVE('',#2592,#2591,#1626,.T.);
#3320=EDGE_CURVE('',#2589,#2592,#1627,.T.);
#3321=EDGE_CURVE('',#2583,#2593,#1628,.T.);
#3322=EDGE_CURVE('',#2591,#2593,#1629,.T.);
#3323=EDGE_CURVE('',#2594,#2595,#69,.T.);
#3324=EDGE_CURVE('',#2596,#2595,#1630,.T.);
#3325=EDGE_CURVE('',#2597,#2596,#1631,.T.);
#3326=EDGE_CURVE('',#2598,#2597,#1632,.T.);
#3327=EDGE_CURVE('',#2599,#2598,#90,.T.);
#3328=EDGE_CURVE('',#2600,#2599,#1633,.T.);
#3329=EDGE_CURVE('',#2601,#2600,#91,.T.);
#3330=EDGE_CURVE('',#2602,#2601,#1634,.T.);
#3331=EDGE_CURVE('',#2603,#2602,#92,.T.);
#3332=EDGE_CURVE('',#2604,#2603,#1635,.T.);
#3333=EDGE_CURVE('',#2605,#2604,#93,.T.);
#3334=EDGE_CURVE('',#2606,#2605,#1636,.T.);
#3335=EDGE_CURVE('',#2607,#2606,#1637,.T.);
#3336=EDGE_CURVE('',#2608,#2607,#94,.T.);
#3337=EDGE_CURVE('',#2609,#2608,#95,.T.);
#3338=EDGE_CURVE('',#2609,#2594,#1638,.T.);
#3339=EDGE_CURVE('',#2610,#2611,#96,.T.);
#3340=EDGE_CURVE('',#2612,#2610,#1639,.T.);
#3341=EDGE_CURVE('',#2613,#2612,#97,.T.);
#3342=EDGE_CURVE('',#2611,#2613,#1640,.T.);
#3343=EDGE_CURVE('',#2614,#2614,#98,.T.);
#3344=EDGE_CURVE('',#2615,#2615,#99,.T.);
#3345=EDGE_CURVE('',#2616,#2616,#100,.T.);
#3346=EDGE_CURVE('',#2617,#2618,#101,.T.);
#3347=EDGE_CURVE('',#2618,#2610,#469,.T.);
#3348=EDGE_CURVE('',#2611,#2617,#470,.T.);
#3349=EDGE_CURVE('',#2613,#2619,#471,.T.);
#3350=EDGE_CURVE('',#2619,#2617,#1641,.T.);
#3351=EDGE_CURVE('',#2620,#2619,#102,.T.);
#3352=EDGE_CURVE('',#2612,#2620,#472,.T.);
#3353=EDGE_CURVE('',#2618,#2620,#1642,.T.);
#3354=EDGE_CURVE('',#2618,#2621,#1643,.T.);
#3355=EDGE_CURVE('',#2622,#2621,#1644,.T.);
#3356=EDGE_CURVE('',#2620,#2622,#1645,.T.);
#3357=EDGE_CURVE('',#2617,#2623,#1646,.T.);
#3358=EDGE_CURVE('',#2621,#2623,#103,.T.);
#3359=EDGE_CURVE('',#2624,#2625,#104,.T.);
#3360=EDGE_CURVE('',#2625,#2626,#473,.T.);
#3361=EDGE_CURVE('',#2626,#2622,#105,.T.);
#3362=EDGE_CURVE('',#2624,#2622,#474,.T.);
#3363=EDGE_CURVE('',#2625,#2627,#1647,.T.);
#3364=EDGE_CURVE('',#2627,#2623,#475,.T.);
#3365=EDGE_CURVE('',#2623,#2626,#1648,.T.);
#3366=EDGE_CURVE('',#2627,#2628,#106,.T.);
#3367=EDGE_CURVE('',#2628,#2621,#476,.T.);
#3368=EDGE_CURVE('',#2628,#2624,#1649,.T.);
#3369=EDGE_CURVE('',#2619,#2626,#1650,.T.);
#3370=EDGE_CURVE('',#2629,#2630,#1651,.T.);
#3371=EDGE_CURVE('',#2631,#2629,#107,.T.);
#3372=EDGE_CURVE('',#2632,#2631,#1652,.T.);
#3373=EDGE_CURVE('',#2633,#2632,#108,.T.);
#3374=EDGE_CURVE('',#2634,#2633,#1653,.T.);
#3375=EDGE_CURVE('',#2635,#2634,#109,.T.);
#3376=EDGE_CURVE('',#2636,#2635,#1654,.T.);
#3377=EDGE_CURVE('',#2630,#2636,#110,.T.);
#3378=EDGE_CURVE('',#2637,#2637,#111,.T.);
#3379=EDGE_CURVE('',#2638,#2638,#112,.T.);
#3380=EDGE_CURVE('',#2639,#2639,#113,.T.);
#3381=EDGE_CURVE('',#2640,#2640,#114,.T.);
#3382=EDGE_CURVE('',#2641,#2641,#115,.T.);
#3383=EDGE_CURVE('',#2642,#2642,#116,.T.);
#3384=EDGE_CURVE('',#2643,#2644,#1655,.T.);
#3385=EDGE_CURVE('',#2645,#2643,#1656,.T.);
#3386=EDGE_CURVE('',#2646,#2645,#1657,.T.);
#3387=EDGE_CURVE('',#2644,#2646,#1658,.T.);
#3388=EDGE_CURVE('',#2647,#2648,#117,.T.);
#3389=EDGE_CURVE('',#2649,#2647,#1659,.T.);
#3390=EDGE_CURVE('',#2650,#2649,#1660,.T.);
#3391=EDGE_CURVE('',#2648,#2650,#1661,.T.);
#3392=EDGE_CURVE('',#2649,#2591,#1662,.T.);
#3393=EDGE_CURVE('',#2650,#2593,#1663,.T.);
#3394=EDGE_CURVE('',#2647,#2592,#477,.T.);
#3395=EDGE_CURVE('',#2648,#2651,#478,.T.);
#3396=EDGE_CURVE('',#2651,#2592,#118,.T.);
#3397=EDGE_CURVE('',#2593,#2651,#1664,.T.);
#3398=EDGE_CURVE('',#2588,#2651,#1665,.T.);
#3399=EDGE_CURVE('',#2652,#2653,#479,.T.);
#3400=EDGE_CURVE('',#2653,#2654,#480,.T.);
#3401=EDGE_CURVE('',#2654,#2655,#119,.T.);
#3402=EDGE_CURVE('',#2655,#2652,#481,.T.);
#3403=EDGE_CURVE('',#2656,#2657,#120,.T.);
#3404=EDGE_CURVE('',#2657,#2655,#1666,.T.);
#3405=EDGE_CURVE('',#2654,#2656,#1667,.T.);
#3406=EDGE_CURVE('',#2656,#2606,#121,.T.);
#3407=EDGE_CURVE('',#2606,#2657,#122,.T.);
#3408=EDGE_CURVE('',#2656,#2658,#1668,.T.);
#3409=EDGE_CURVE('',#2658,#2607,#482,.T.);
#3410=EDGE_CURVE('',#2659,#2653,#70,.T.);
#3411=EDGE_CURVE('',#2660,#2659,#1669,.T.);
#3412=EDGE_CURVE('',#2661,#2660,#71,.T.);
#3413=EDGE_CURVE('',#2662,#2661,#483,.T.);
#3414=EDGE_CURVE('',#2594,#2662,#1670,.T.);
#3415=EDGE_CURVE('',#2609,#2658,#72,.T.);
#3416=EDGE_CURVE('',#2662,#2663,#123,.T.);
#3417=EDGE_CURVE('',#2663,#2664,#1671,.T.);
#3418=EDGE_CURVE('',#2595,#2664,#73,.T.);
#3419=EDGE_CURVE('',#2661,#2665,#484,.T.);
#3420=EDGE_CURVE('',#2665,#2663,#485,.T.);
#3421=EDGE_CURVE('',#2666,#2596,#124,.F.);
#3422=EDGE_CURVE('',#2667,#2666,#125,.T.);
#3423=EDGE_CURVE('',#2667,#2668,#126,.T.);
#3424=EDGE_CURVE('',#2596,#2668,#127,.T.);
#3425=EDGE_CURVE('',#2669,#2670,#128,.T.);
#3426=EDGE_CURVE('',#2670,#2667,#1672,.T.);
#3427=EDGE_CURVE('',#2666,#2669,#1673,.T.);
#3428=EDGE_CURVE('',#2671,#2672,#129,.T.);
#3429=EDGE_CURVE('',#2672,#2670,#74,.T.);
#3430=EDGE_CURVE('',#2669,#2671,#75,.T.);
#3431=EDGE_CURVE('',#2673,#2674,#130,.T.);
#3432=EDGE_CURVE('',#2674,#2672,#1674,.T.);
#3433=EDGE_CURVE('',#2671,#2673,#1675,.T.);
#3434=EDGE_CURVE('',#2665,#2674,#76,.T.);
#3435=EDGE_CURVE('',#2673,#2663,#77,.T.);
#3436=EDGE_CURVE('',#2597,#2675,#131,.F.);
#3437=EDGE_CURVE('',#2676,#2597,#132,.T.);
#3438=EDGE_CURVE('',#2676,#2677,#133,.T.);
#3439=EDGE_CURVE('',#2675,#2677,#134,.T.);
#3440=EDGE_CURVE('',#2668,#2676,#1676,.T.);
#3441=EDGE_CURVE('',#2655,#2678,#78,.T.);
#3442=EDGE_CURVE('',#2678,#2679,#135,.T.);
#3443=EDGE_CURVE('',#2679,#2652,#79,.T.);
#3444=EDGE_CURVE('',#2680,#2681,#136,.T.);
#3445=EDGE_CURVE('',#2681,#2679,#1677,.T.);
#3446=EDGE_CURVE('',#2678,#2680,#1678,.T.);
#3447=EDGE_CURVE('',#2682,#2683,#137,.T.);
#3448=EDGE_CURVE('',#2683,#2681,#80,.T.);
#3449=EDGE_CURVE('',#2680,#2682,#81,.T.);
#3450=EDGE_CURVE('',#2677,#2683,#1679,.T.);
#3451=EDGE_CURVE('',#2682,#2675,#1680,.T.);
#3452=EDGE_CURVE('',#2684,#2598,#138,.T.);
#3453=EDGE_CURVE('',#2675,#2684,#1681,.T.);
#3454=EDGE_CURVE('',#2664,#2666,#1682,.T.);
#3455=EDGE_CURVE('',#2685,#2686,#139,.T.);
#3456=EDGE_CURVE('',#2686,#2687,#486,.T.);
#3457=EDGE_CURVE('',#2687,#2688,#140,.T.);
#3458=EDGE_CURVE('',#2688,#2685,#487,.T.);
#3459=EDGE_CURVE('',#2689,#2690,#141,.T.);
#3460=EDGE_CURVE('',#2690,#2688,#1683,.T.);
#3461=EDGE_CURVE('',#2687,#2689,#1684,.T.);
#3462=EDGE_CURVE('',#2689,#2691,#488,.T.);
#3463=EDGE_CURVE('',#2691,#2692,#142,.T.);
#3464=EDGE_CURVE('',#2692,#2690,#489,.T.);
#3465=EDGE_CURVE('',#2685,#2598,#490,.T.);
#3466=EDGE_CURVE('',#2684,#2686,#491,.T.);
#3467=EDGE_CURVE('',#2605,#2693,#143,.T.);
#3468=EDGE_CURVE('',#2693,#2657,#1685,.T.);
#3469=EDGE_CURVE('',#2605,#2692,#492,.T.);
#3470=EDGE_CURVE('',#2691,#2693,#493,.T.);
#3471=EDGE_CURVE('',#2672,#2694,#1686,.T.);
#3472=EDGE_CURVE('',#2695,#2694,#144,.T.);
#3473=EDGE_CURVE('',#2695,#2670,#1687,.T.);
#3474=EDGE_CURVE('',#2696,#2674,#1688,.T.);
#3475=EDGE_CURVE('',#2694,#2696,#1689,.T.);
#3476=EDGE_CURVE('',#2660,#2697,#1690,.T.);
#3477=EDGE_CURVE('',#2696,#2697,#145,.T.);
#3478=EDGE_CURVE('',#2685,#2698,#146,.T.);
#3479=EDGE_CURVE('',#2698,#2699,#147,.T.);
#3480=EDGE_CURVE('',#2599,#2699,#148,.T.);
#3481=EDGE_CURVE('',#2688,#2700,#149,.T.);
#3482=EDGE_CURVE('',#2700,#2698,#150,.T.);
#3483=EDGE_CURVE('',#2701,#2690,#151,.T.);
#3484=EDGE_CURVE('',#2701,#2700,#1691,.T.);
#3485=EDGE_CURVE('',#2702,#2692,#152,.T.);
#3486=EDGE_CURVE('',#2702,#2701,#153,.T.);
#3487=EDGE_CURVE('',#2604,#2703,#154,.T.);
#3488=EDGE_CURVE('',#2703,#2702,#155,.T.);
#3489=EDGE_CURVE('',#2695,#2629,#1692,.T.);
#3490=EDGE_CURVE('',#2630,#2704,#1693,.T.);
#3491=EDGE_CURVE('',#2704,#2695,#1694,.T.);
#3492=EDGE_CURVE('',#2694,#2631,#1695,.T.);
#3493=EDGE_CURVE('',#2696,#2632,#1696,.T.);
#3494=EDGE_CURVE('',#2697,#2633,#1697,.T.);
#3495=EDGE_CURVE('',#2705,#2634,#1698,.T.);
#3496=EDGE_CURVE('',#2697,#2705,#1699,.T.);
#3497=EDGE_CURVE('',#2705,#2706,#156,.T.);
#3498=EDGE_CURVE('',#2706,#2635,#1700,.T.);
#3499=EDGE_CURVE('',#2707,#2636,#1701,.T.);
#3500=EDGE_CURVE('',#2706,#2707,#1702,.T.);
#3501=EDGE_CURVE('',#2707,#2704,#157,.T.);
#3502=EDGE_CURVE('',#2683,#2704,#1703,.T.);
#3503=EDGE_CURVE('',#2644,#2708,#1704,.T.);
#3504=EDGE_CURVE('',#2708,#2709,#1705,.T.);
#3505=EDGE_CURVE('',#2643,#2709,#1706,.T.);
#3506=EDGE_CURVE('',#2646,#2710,#1707,.T.);
#3507=EDGE_CURVE('',#2710,#2708,#1708,.T.);
#3508=EDGE_CURVE('',#2645,#2711,#1709,.T.);
#3509=EDGE_CURVE('',#2711,#2710,#1710,.T.);
#3510=EDGE_CURVE('',#2709,#2711,#1711,.T.);
#3511=EDGE_CURVE('',#2712,#2709,#1712,.T.);
#3512=EDGE_CURVE('',#2713,#2712,#1713,.T.);
#3513=EDGE_CURVE('',#2713,#2711,#1714,.T.);
#3514=EDGE_CURVE('',#2708,#2714,#1715,.T.);
#3515=EDGE_CURVE('',#2712,#2714,#1716,.T.);
#3516=EDGE_CURVE('',#2715,#2716,#1717,.T.);
#3517=EDGE_CURVE('',#2716,#2717,#82,.T.);
#3518=EDGE_CURVE('',#2717,#2713,#1718,.T.);
#3519=EDGE_CURVE('',#2715,#2713,#83,.T.);
#3520=EDGE_CURVE('',#2716,#2718,#1719,.T.);
#3521=EDGE_CURVE('',#2718,#2714,#84,.T.);
#3522=EDGE_CURVE('',#2714,#2717,#1720,.T.);
#3523=EDGE_CURVE('',#2718,#2719,#1721,.T.);
#3524=EDGE_CURVE('',#2719,#2712,#85,.T.);
#3525=EDGE_CURVE('',#2719,#2715,#1722,.T.);
#3526=EDGE_CURVE('',#2717,#2710,#1723,.T.);
#3527=EDGE_CURVE('',#2720,#2721,#158,.T.);
#3528=EDGE_CURVE('',#2722,#2720,#1724,.T.);
#3529=EDGE_CURVE('',#2723,#2722,#159,.T.);
#3530=EDGE_CURVE('',#2724,#2723,#1725,.T.);
#3531=EDGE_CURVE('',#2725,#2724,#160,.T.);
#3532=EDGE_CURVE('',#2726,#2725,#1726,.T.);
#3533=EDGE_CURVE('',#2727,#2726,#161,.T.);
#3534=EDGE_CURVE('',#2721,#2727,#1727,.T.);
#3535=EDGE_CURVE('',#2728,#2720,#162,.T.);
#3536=EDGE_CURVE('',#2721,#2729,#163,.T.);
#3537=EDGE_CURVE('',#2729,#2728,#164,.T.);
#3538=EDGE_CURVE('',#2727,#2730,#165,.T.);
#3539=EDGE_CURVE('',#2730,#2729,#1728,.T.);
#3540=EDGE_CURVE('',#2726,#2731,#166,.T.);
#3541=EDGE_CURVE('',#2731,#2730,#167,.T.);
#3542=EDGE_CURVE('',#2725,#2732,#168,.T.);
#3543=EDGE_CURVE('',#2732,#2731,#1729,.T.);
#3544=EDGE_CURVE('',#2724,#2733,#169,.T.);
#3545=EDGE_CURVE('',#2733,#2732,#170,.T.);
#3546=EDGE_CURVE('',#2723,#2734,#171,.T.);
#3547=EDGE_CURVE('',#2734,#2733,#1730,.T.);
#3548=EDGE_CURVE('',#2722,#2735,#172,.T.);
#3549=EDGE_CURVE('',#2735,#2734,#173,.T.);
#3550=EDGE_CURVE('',#2728,#2735,#1731,.T.);
#3551=EDGE_CURVE('',#2736,#2734,#1732,.T.);
#3552=EDGE_CURVE('',#2699,#2736,#1733,.T.);
#3553=EDGE_CURVE('',#2733,#2699,#1734,.T.);
#3554=EDGE_CURVE('',#2735,#2737,#1735,.T.);
#3555=EDGE_CURVE('',#2736,#2737,#174,.T.);
#3556=EDGE_CURVE('',#2738,#2728,#1736,.T.);
#3557=EDGE_CURVE('',#2737,#2738,#1737,.T.);
#3558=EDGE_CURVE('',#2729,#2739,#1738,.T.);
#3559=EDGE_CURVE('',#2738,#2739,#175,.T.);
#3560=EDGE_CURVE('',#2737,#2601,#176,.T.);
#3561=EDGE_CURVE('',#2600,#2736,#177,.T.);
#3562=EDGE_CURVE('',#2603,#2739,#178,.T.);
#3563=EDGE_CURVE('',#2739,#2703,#1739,.T.);
#3564=EDGE_CURVE('',#2602,#2738,#179,.T.);
#3565=EDGE_CURVE('',#2700,#2732,#1740,.T.);
#3566=EDGE_CURVE('',#2731,#2701,#1741,.T.);
#3567=EDGE_CURVE('',#2703,#2730,#1742,.T.);
#3568=EDGE_CURVE('',#2707,#2681,#1743,.T.);
#3569=EDGE_CURVE('',#2740,#2740,#86,.T.);
#3570=EDGE_CURVE('',#2741,#2741,#87,.T.);
#3571=EDGE_CURVE('',#2679,#2706,#1744,.T.);
#3572=EDGE_CURVE('',#2705,#2659,#1745,.T.);
#3573=EDGE_CURVE('',#2637,#2616,#1746,.T.);
#3574=EDGE_CURVE('',#2638,#2608,#1747,.T.);
#3575=EDGE_CURVE('',#2639,#2615,#1748,.T.);
#3576=EDGE_CURVE('',#2640,#2741,#1749,.T.);
#3577=EDGE_CURVE('',#2641,#2740,#1750,.T.);
#3578=EDGE_CURVE('',#2642,#2614,#1751,.T.);
#3579=ORIENTED_EDGE('',*,*,#2742,.F.);
#3580=ORIENTED_EDGE('',*,*,#2743,.T.);
#3581=ORIENTED_EDGE('',*,*,#2744,.T.);
#3582=ORIENTED_EDGE('',*,*,#2745,.F.);
#3583=ORIENTED_EDGE('',*,*,#2746,.F.);
#3584=ORIENTED_EDGE('',*,*,#2747,.T.);
#3585=ORIENTED_EDGE('',*,*,#2748,.T.);
#3586=ORIENTED_EDGE('',*,*,#2743,.F.);
#3587=ORIENTED_EDGE('',*,*,#2749,.F.);
#3588=ORIENTED_EDGE('',*,*,#2750,.T.);
#3589=ORIENTED_EDGE('',*,*,#2751,.T.);
#3590=ORIENTED_EDGE('',*,*,#2747,.F.);
#3591=ORIENTED_EDGE('',*,*,#2752,.F.);
#3592=ORIENTED_EDGE('',*,*,#2753,.T.);
#3593=ORIENTED_EDGE('',*,*,#2754,.T.);
#3594=ORIENTED_EDGE('',*,*,#2750,.F.);
#3595=ORIENTED_EDGE('',*,*,#2755,.F.);
#3596=ORIENTED_EDGE('',*,*,#2756,.T.);
#3597=ORIENTED_EDGE('',*,*,#2757,.T.);
#3598=ORIENTED_EDGE('',*,*,#2753,.F.);
#3599=ORIENTED_EDGE('',*,*,#2758,.F.);
#3600=ORIENTED_EDGE('',*,*,#2759,.T.);
#3601=ORIENTED_EDGE('',*,*,#2760,.T.);
#3602=ORIENTED_EDGE('',*,*,#2756,.F.);
#3603=ORIENTED_EDGE('',*,*,#2761,.F.);
#3604=ORIENTED_EDGE('',*,*,#2762,.T.);
#3605=ORIENTED_EDGE('',*,*,#2763,.T.);
#3606=ORIENTED_EDGE('',*,*,#2759,.F.);
#3607=ORIENTED_EDGE('',*,*,#2764,.F.);
#3608=ORIENTED_EDGE('',*,*,#2765,.T.);
#3609=ORIENTED_EDGE('',*,*,#2766,.T.);
#3610=ORIENTED_EDGE('',*,*,#2762,.F.);
#3611=ORIENTED_EDGE('',*,*,#2767,.F.);
#3612=ORIENTED_EDGE('',*,*,#2768,.T.);
#3613=ORIENTED_EDGE('',*,*,#2769,.T.);
#3614=ORIENTED_EDGE('',*,*,#2765,.F.);
#3615=ORIENTED_EDGE('',*,*,#2770,.F.);
#3616=ORIENTED_EDGE('',*,*,#2771,.T.);
#3617=ORIENTED_EDGE('',*,*,#2772,.T.);
#3618=ORIENTED_EDGE('',*,*,#2768,.F.);
#3619=ORIENTED_EDGE('',*,*,#2773,.F.);
#3620=ORIENTED_EDGE('',*,*,#2774,.T.);
#3621=ORIENTED_EDGE('',*,*,#2775,.T.);
#3622=ORIENTED_EDGE('',*,*,#2771,.F.);
#3623=ORIENTED_EDGE('',*,*,#2776,.F.);
#3624=ORIENTED_EDGE('',*,*,#2777,.T.);
#3625=ORIENTED_EDGE('',*,*,#2778,.T.);
#3626=ORIENTED_EDGE('',*,*,#2774,.F.);
#3627=ORIENTED_EDGE('',*,*,#2779,.F.);
#3628=ORIENTED_EDGE('',*,*,#2780,.T.);
#3629=ORIENTED_EDGE('',*,*,#2781,.T.);
#3630=ORIENTED_EDGE('',*,*,#2777,.F.);
#3631=ORIENTED_EDGE('',*,*,#2782,.F.);
#3632=ORIENTED_EDGE('',*,*,#2783,.T.);
#3633=ORIENTED_EDGE('',*,*,#2784,.T.);
#3634=ORIENTED_EDGE('',*,*,#2780,.F.);
#3635=ORIENTED_EDGE('',*,*,#2785,.F.);
#3636=ORIENTED_EDGE('',*,*,#2786,.T.);
#3637=ORIENTED_EDGE('',*,*,#2787,.T.);
#3638=ORIENTED_EDGE('',*,*,#2783,.F.);
#3639=ORIENTED_EDGE('',*,*,#2788,.F.);
#3640=ORIENTED_EDGE('',*,*,#2789,.T.);
#3641=ORIENTED_EDGE('',*,*,#2790,.T.);
#3642=ORIENTED_EDGE('',*,*,#2786,.F.);
#3643=ORIENTED_EDGE('',*,*,#2791,.F.);
#3644=ORIENTED_EDGE('',*,*,#2745,.T.);
#3645=ORIENTED_EDGE('',*,*,#2792,.T.);
#3646=ORIENTED_EDGE('',*,*,#2789,.F.);
#3647=ORIENTED_EDGE('',*,*,#2792,.F.);
#3648=ORIENTED_EDGE('',*,*,#2744,.F.);
#3649=ORIENTED_EDGE('',*,*,#2748,.F.);
#3650=ORIENTED_EDGE('',*,*,#2751,.F.);
#3651=ORIENTED_EDGE('',*,*,#2754,.F.);
#3652=ORIENTED_EDGE('',*,*,#2757,.F.);
#3653=ORIENTED_EDGE('',*,*,#2760,.F.);
#3654=ORIENTED_EDGE('',*,*,#2763,.F.);
#3655=ORIENTED_EDGE('',*,*,#2766,.F.);
#3656=ORIENTED_EDGE('',*,*,#2769,.F.);
#3657=ORIENTED_EDGE('',*,*,#2772,.F.);
#3658=ORIENTED_EDGE('',*,*,#2775,.F.);
#3659=ORIENTED_EDGE('',*,*,#2778,.F.);
#3660=ORIENTED_EDGE('',*,*,#2781,.F.);
#3661=ORIENTED_EDGE('',*,*,#2784,.F.);
#3662=ORIENTED_EDGE('',*,*,#2787,.F.);
#3663=ORIENTED_EDGE('',*,*,#2790,.F.);
#3664=ORIENTED_EDGE('',*,*,#2793,.F.);
#3665=ORIENTED_EDGE('',*,*,#2794,.T.);
#3666=ORIENTED_EDGE('',*,*,#2795,.T.);
#3667=ORIENTED_EDGE('',*,*,#2796,.F.);
#3668=ORIENTED_EDGE('',*,*,#2797,.F.);
#3669=ORIENTED_EDGE('',*,*,#2798,.T.);
#3670=ORIENTED_EDGE('',*,*,#2799,.T.);
#3671=ORIENTED_EDGE('',*,*,#2794,.F.);
#3672=ORIENTED_EDGE('',*,*,#2800,.F.);
#3673=ORIENTED_EDGE('',*,*,#2801,.T.);
#3674=ORIENTED_EDGE('',*,*,#2802,.T.);
#3675=ORIENTED_EDGE('',*,*,#2798,.F.);
#3676=ORIENTED_EDGE('',*,*,#2803,.F.);
#3677=ORIENTED_EDGE('',*,*,#2804,.T.);
#3678=ORIENTED_EDGE('',*,*,#2805,.T.);
#3679=ORIENTED_EDGE('',*,*,#2801,.F.);
#3680=ORIENTED_EDGE('',*,*,#2806,.F.);
#3681=ORIENTED_EDGE('',*,*,#2796,.T.);
#3682=ORIENTED_EDGE('',*,*,#2807,.T.);
#3683=ORIENTED_EDGE('',*,*,#2804,.F.);
#3684=ORIENTED_EDGE('',*,*,#2808,.F.);
#3685=ORIENTED_EDGE('',*,*,#2809,.T.);
#3686=ORIENTED_EDGE('',*,*,#2810,.T.);
#3687=ORIENTED_EDGE('',*,*,#2811,.F.);
#3688=ORIENTED_EDGE('',*,*,#2812,.F.);
#3689=ORIENTED_EDGE('',*,*,#2813,.T.);
#3690=ORIENTED_EDGE('',*,*,#2814,.T.);
#3691=ORIENTED_EDGE('',*,*,#2809,.F.);
#3692=ORIENTED_EDGE('',*,*,#2815,.F.);
#3693=ORIENTED_EDGE('',*,*,#2816,.T.);
#3694=ORIENTED_EDGE('',*,*,#2817,.T.);
#3695=ORIENTED_EDGE('',*,*,#2813,.F.);
#3696=ORIENTED_EDGE('',*,*,#2818,.F.);
#3697=ORIENTED_EDGE('',*,*,#2819,.T.);
#3698=ORIENTED_EDGE('',*,*,#2820,.T.);
#3699=ORIENTED_EDGE('',*,*,#2816,.F.);
#3700=ORIENTED_EDGE('',*,*,#2821,.F.);
#3701=ORIENTED_EDGE('',*,*,#2822,.T.);
#3702=ORIENTED_EDGE('',*,*,#2823,.T.);
#3703=ORIENTED_EDGE('',*,*,#2819,.F.);
#3704=ORIENTED_EDGE('',*,*,#2824,.F.);
#3705=ORIENTED_EDGE('',*,*,#2825,.T.);
#3706=ORIENTED_EDGE('',*,*,#2826,.T.);
#3707=ORIENTED_EDGE('',*,*,#2822,.F.);
#3708=ORIENTED_EDGE('',*,*,#2827,.F.);
#3709=ORIENTED_EDGE('',*,*,#2828,.T.);
#3710=ORIENTED_EDGE('',*,*,#2829,.T.);
#3711=ORIENTED_EDGE('',*,*,#2825,.F.);
#3712=ORIENTED_EDGE('',*,*,#2830,.F.);
#3713=ORIENTED_EDGE('',*,*,#2811,.T.);
#3714=ORIENTED_EDGE('',*,*,#2831,.T.);
#3715=ORIENTED_EDGE('',*,*,#2828,.F.);
#3716=ORIENTED_EDGE('',*,*,#2831,.F.);
#3717=ORIENTED_EDGE('',*,*,#2810,.F.);
#3718=ORIENTED_EDGE('',*,*,#2814,.F.);
#3719=ORIENTED_EDGE('',*,*,#2817,.F.);
#3720=ORIENTED_EDGE('',*,*,#2820,.F.);
#3721=ORIENTED_EDGE('',*,*,#2823,.F.);
#3722=ORIENTED_EDGE('',*,*,#2826,.F.);
#3723=ORIENTED_EDGE('',*,*,#2829,.F.);
#3724=ORIENTED_EDGE('',*,*,#2807,.F.);
#3725=ORIENTED_EDGE('',*,*,#2795,.F.);
#3726=ORIENTED_EDGE('',*,*,#2799,.F.);
#3727=ORIENTED_EDGE('',*,*,#2802,.F.);
#3728=ORIENTED_EDGE('',*,*,#2805,.F.);
#3729=ORIENTED_EDGE('',*,*,#2832,.F.);
#3730=ORIENTED_EDGE('',*,*,#2833,.T.);
#3731=ORIENTED_EDGE('',*,*,#2834,.T.);
#3732=ORIENTED_EDGE('',*,*,#2835,.F.);
#3733=ORIENTED_EDGE('',*,*,#2836,.F.);
#3734=ORIENTED_EDGE('',*,*,#2837,.T.);
#3735=ORIENTED_EDGE('',*,*,#2838,.T.);
#3736=ORIENTED_EDGE('',*,*,#2833,.F.);
#3737=ORIENTED_EDGE('',*,*,#2839,.F.);
#3738=ORIENTED_EDGE('',*,*,#2840,.T.);
#3739=ORIENTED_EDGE('',*,*,#2841,.T.);
#3740=ORIENTED_EDGE('',*,*,#2837,.F.);
#3741=ORIENTED_EDGE('',*,*,#2842,.F.);
#3742=ORIENTED_EDGE('',*,*,#2843,.T.);
#3743=ORIENTED_EDGE('',*,*,#2844,.T.);
#3744=ORIENTED_EDGE('',*,*,#2840,.F.);
#3745=ORIENTED_EDGE('',*,*,#2845,.F.);
#3746=ORIENTED_EDGE('',*,*,#2846,.T.);
#3747=ORIENTED_EDGE('',*,*,#2847,.T.);
#3748=ORIENTED_EDGE('',*,*,#2843,.F.);
#3749=ORIENTED_EDGE('',*,*,#2848,.F.);
#3750=ORIENTED_EDGE('',*,*,#2849,.T.);
#3751=ORIENTED_EDGE('',*,*,#2850,.T.);
#3752=ORIENTED_EDGE('',*,*,#2846,.F.);
#3753=ORIENTED_EDGE('',*,*,#2851,.F.);
#3754=ORIENTED_EDGE('',*,*,#2852,.T.);
#3755=ORIENTED_EDGE('',*,*,#2853,.T.);
#3756=ORIENTED_EDGE('',*,*,#2849,.F.);
#3757=ORIENTED_EDGE('',*,*,#2854,.F.);
#3758=ORIENTED_EDGE('',*,*,#2855,.T.);
#3759=ORIENTED_EDGE('',*,*,#2856,.T.);
#3760=ORIENTED_EDGE('',*,*,#2852,.F.);
#3761=ORIENTED_EDGE('',*,*,#2857,.F.);
#3762=ORIENTED_EDGE('',*,*,#2858,.T.);
#3763=ORIENTED_EDGE('',*,*,#2859,.T.);
#3764=ORIENTED_EDGE('',*,*,#2855,.F.);
#3765=ORIENTED_EDGE('',*,*,#2860,.F.);
#3766=ORIENTED_EDGE('',*,*,#2861,.T.);
#3767=ORIENTED_EDGE('',*,*,#2862,.T.);
#3768=ORIENTED_EDGE('',*,*,#2858,.F.);
#3769=ORIENTED_EDGE('',*,*,#2863,.F.);
#3770=ORIENTED_EDGE('',*,*,#2864,.T.);
#3771=ORIENTED_EDGE('',*,*,#2865,.T.);
#3772=ORIENTED_EDGE('',*,*,#2861,.F.);
#3773=ORIENTED_EDGE('',*,*,#2866,.F.);
#3774=ORIENTED_EDGE('',*,*,#2867,.T.);
#3775=ORIENTED_EDGE('',*,*,#2868,.T.);
#3776=ORIENTED_EDGE('',*,*,#2864,.F.);
#3777=ORIENTED_EDGE('',*,*,#2869,.F.);
#3778=ORIENTED_EDGE('',*,*,#2835,.T.);
#3779=ORIENTED_EDGE('',*,*,#2870,.T.);
#3780=ORIENTED_EDGE('',*,*,#2867,.F.);
#3781=ORIENTED_EDGE('',*,*,#2870,.F.);
#3782=ORIENTED_EDGE('',*,*,#2834,.F.);
#3783=ORIENTED_EDGE('',*,*,#2838,.F.);
#3784=ORIENTED_EDGE('',*,*,#2841,.F.);
#3785=ORIENTED_EDGE('',*,*,#2844,.F.);
#3786=ORIENTED_EDGE('',*,*,#2847,.F.);
#3787=ORIENTED_EDGE('',*,*,#2850,.F.);
#3788=ORIENTED_EDGE('',*,*,#2853,.F.);
#3789=ORIENTED_EDGE('',*,*,#2856,.F.);
#3790=ORIENTED_EDGE('',*,*,#2859,.F.);
#3791=ORIENTED_EDGE('',*,*,#2862,.F.);
#3792=ORIENTED_EDGE('',*,*,#2865,.F.);
#3793=ORIENTED_EDGE('',*,*,#2868,.F.);
#3794=ORIENTED_EDGE('',*,*,#2871,.F.);
#3795=ORIENTED_EDGE('',*,*,#2872,.T.);
#3796=ORIENTED_EDGE('',*,*,#2873,.T.);
#3797=ORIENTED_EDGE('',*,*,#2874,.F.);
#3798=ORIENTED_EDGE('',*,*,#2875,.F.);
#3799=ORIENTED_EDGE('',*,*,#2876,.T.);
#3800=ORIENTED_EDGE('',*,*,#2877,.T.);
#3801=ORIENTED_EDGE('',*,*,#2872,.F.);
#3802=ORIENTED_EDGE('',*,*,#2878,.F.);
#3803=ORIENTED_EDGE('',*,*,#2879,.T.);
#3804=ORIENTED_EDGE('',*,*,#2880,.T.);
#3805=ORIENTED_EDGE('',*,*,#2876,.F.);
#3806=ORIENTED_EDGE('',*,*,#2881,.F.);
#3807=ORIENTED_EDGE('',*,*,#2882,.T.);
#3808=ORIENTED_EDGE('',*,*,#2883,.T.);
#3809=ORIENTED_EDGE('',*,*,#2879,.F.);
#3810=ORIENTED_EDGE('',*,*,#2884,.F.);
#3811=ORIENTED_EDGE('',*,*,#2874,.T.);
#3812=ORIENTED_EDGE('',*,*,#2885,.T.);
#3813=ORIENTED_EDGE('',*,*,#2882,.F.);
#3814=ORIENTED_EDGE('',*,*,#2886,.F.);
#3815=ORIENTED_EDGE('',*,*,#2887,.T.);
#3816=ORIENTED_EDGE('',*,*,#2888,.T.);
#3817=ORIENTED_EDGE('',*,*,#2889,.F.);
#3818=ORIENTED_EDGE('',*,*,#2890,.F.);
#3819=ORIENTED_EDGE('',*,*,#2891,.T.);
#3820=ORIENTED_EDGE('',*,*,#2892,.T.);
#3821=ORIENTED_EDGE('',*,*,#2887,.F.);
#3822=ORIENTED_EDGE('',*,*,#2893,.F.);
#3823=ORIENTED_EDGE('',*,*,#2894,.T.);
#3824=ORIENTED_EDGE('',*,*,#2895,.T.);
#3825=ORIENTED_EDGE('',*,*,#2891,.F.);
#3826=ORIENTED_EDGE('',*,*,#2896,.F.);
#3827=ORIENTED_EDGE('',*,*,#2897,.T.);
#3828=ORIENTED_EDGE('',*,*,#2898,.T.);
#3829=ORIENTED_EDGE('',*,*,#2894,.F.);
#3830=ORIENTED_EDGE('',*,*,#2899,.F.);
#3831=ORIENTED_EDGE('',*,*,#2900,.T.);
#3832=ORIENTED_EDGE('',*,*,#2901,.T.);
#3833=ORIENTED_EDGE('',*,*,#2897,.F.);
#3834=ORIENTED_EDGE('',*,*,#2902,.F.);
#3835=ORIENTED_EDGE('',*,*,#2903,.T.);
#3836=ORIENTED_EDGE('',*,*,#2904,.T.);
#3837=ORIENTED_EDGE('',*,*,#2900,.F.);
#3838=ORIENTED_EDGE('',*,*,#2905,.F.);
#3839=ORIENTED_EDGE('',*,*,#2906,.T.);
#3840=ORIENTED_EDGE('',*,*,#2907,.T.);
#3841=ORIENTED_EDGE('',*,*,#2903,.F.);
#3842=ORIENTED_EDGE('',*,*,#2908,.F.);
#3843=ORIENTED_EDGE('',*,*,#2909,.T.);
#3844=ORIENTED_EDGE('',*,*,#2910,.T.);
#3845=ORIENTED_EDGE('',*,*,#2906,.F.);
#3846=ORIENTED_EDGE('',*,*,#2911,.F.);
#3847=ORIENTED_EDGE('',*,*,#2912,.T.);
#3848=ORIENTED_EDGE('',*,*,#2913,.T.);
#3849=ORIENTED_EDGE('',*,*,#2909,.F.);
#3850=ORIENTED_EDGE('',*,*,#2914,.F.);
#3851=ORIENTED_EDGE('',*,*,#2915,.T.);
#3852=ORIENTED_EDGE('',*,*,#2916,.T.);
#3853=ORIENTED_EDGE('',*,*,#2912,.F.);
#3854=ORIENTED_EDGE('',*,*,#2917,.F.);
#3855=ORIENTED_EDGE('',*,*,#2918,.T.);
#3856=ORIENTED_EDGE('',*,*,#2919,.T.);
#3857=ORIENTED_EDGE('',*,*,#2915,.F.);
#3858=ORIENTED_EDGE('',*,*,#2920,.F.);
#3859=ORIENTED_EDGE('',*,*,#2921,.T.);
#3860=ORIENTED_EDGE('',*,*,#2922,.T.);
#3861=ORIENTED_EDGE('',*,*,#2918,.F.);
#3862=ORIENTED_EDGE('',*,*,#2923,.F.);
#3863=ORIENTED_EDGE('',*,*,#2924,.T.);
#3864=ORIENTED_EDGE('',*,*,#2925,.T.);
#3865=ORIENTED_EDGE('',*,*,#2921,.F.);
#3866=ORIENTED_EDGE('',*,*,#2926,.F.);
#3867=ORIENTED_EDGE('',*,*,#2927,.T.);
#3868=ORIENTED_EDGE('',*,*,#2928,.T.);
#3869=ORIENTED_EDGE('',*,*,#2924,.F.);
#3870=ORIENTED_EDGE('',*,*,#2929,.F.);
#3871=ORIENTED_EDGE('',*,*,#2889,.T.);
#3872=ORIENTED_EDGE('',*,*,#2930,.T.);
#3873=ORIENTED_EDGE('',*,*,#2927,.F.);
#3874=ORIENTED_EDGE('',*,*,#2930,.F.);
#3875=ORIENTED_EDGE('',*,*,#2888,.F.);
#3876=ORIENTED_EDGE('',*,*,#2892,.F.);
#3877=ORIENTED_EDGE('',*,*,#2895,.F.);
#3878=ORIENTED_EDGE('',*,*,#2898,.F.);
#3879=ORIENTED_EDGE('',*,*,#2901,.F.);
#3880=ORIENTED_EDGE('',*,*,#2904,.F.);
#3881=ORIENTED_EDGE('',*,*,#2907,.F.);
#3882=ORIENTED_EDGE('',*,*,#2910,.F.);
#3883=ORIENTED_EDGE('',*,*,#2913,.F.);
#3884=ORIENTED_EDGE('',*,*,#2916,.F.);
#3885=ORIENTED_EDGE('',*,*,#2919,.F.);
#3886=ORIENTED_EDGE('',*,*,#2922,.F.);
#3887=ORIENTED_EDGE('',*,*,#2925,.F.);
#3888=ORIENTED_EDGE('',*,*,#2928,.F.);
#3889=ORIENTED_EDGE('',*,*,#2885,.F.);
#3890=ORIENTED_EDGE('',*,*,#2873,.F.);
#3891=ORIENTED_EDGE('',*,*,#2877,.F.);
#3892=ORIENTED_EDGE('',*,*,#2880,.F.);
#3893=ORIENTED_EDGE('',*,*,#2883,.F.);
#3894=ORIENTED_EDGE('',*,*,#2931,.F.);
#3895=ORIENTED_EDGE('',*,*,#2932,.T.);
#3896=ORIENTED_EDGE('',*,*,#2933,.T.);
#3897=ORIENTED_EDGE('',*,*,#2934,.F.);
#3898=ORIENTED_EDGE('',*,*,#2935,.F.);
#3899=ORIENTED_EDGE('',*,*,#2936,.T.);
#3900=ORIENTED_EDGE('',*,*,#2937,.T.);
#3901=ORIENTED_EDGE('',*,*,#2932,.F.);
#3902=ORIENTED_EDGE('',*,*,#2938,.F.);
#3903=ORIENTED_EDGE('',*,*,#2939,.T.);
#3904=ORIENTED_EDGE('',*,*,#2940,.T.);
#3905=ORIENTED_EDGE('',*,*,#2936,.F.);
#3906=ORIENTED_EDGE('',*,*,#2941,.F.);
#3907=ORIENTED_EDGE('',*,*,#2934,.T.);
#3908=ORIENTED_EDGE('',*,*,#2942,.T.);
#3909=ORIENTED_EDGE('',*,*,#2939,.F.);
#3910=ORIENTED_EDGE('',*,*,#2942,.F.);
#3911=ORIENTED_EDGE('',*,*,#2933,.F.);
#3912=ORIENTED_EDGE('',*,*,#2937,.F.);
#3913=ORIENTED_EDGE('',*,*,#2940,.F.);
#3914=ORIENTED_EDGE('',*,*,#2943,.F.);
#3915=ORIENTED_EDGE('',*,*,#2944,.T.);
#3916=ORIENTED_EDGE('',*,*,#2945,.T.);
#3917=ORIENTED_EDGE('',*,*,#2946,.F.);
#3918=ORIENTED_EDGE('',*,*,#2947,.F.);
#3919=ORIENTED_EDGE('',*,*,#2948,.T.);
#3920=ORIENTED_EDGE('',*,*,#2949,.T.);
#3921=ORIENTED_EDGE('',*,*,#2944,.F.);
#3922=ORIENTED_EDGE('',*,*,#2950,.F.);
#3923=ORIENTED_EDGE('',*,*,#2951,.T.);
#3924=ORIENTED_EDGE('',*,*,#2952,.T.);
#3925=ORIENTED_EDGE('',*,*,#2948,.F.);
#3926=ORIENTED_EDGE('',*,*,#2953,.F.);
#3927=ORIENTED_EDGE('',*,*,#2954,.T.);
#3928=ORIENTED_EDGE('',*,*,#2955,.T.);
#3929=ORIENTED_EDGE('',*,*,#2951,.F.);
#3930=ORIENTED_EDGE('',*,*,#2956,.F.);
#3931=ORIENTED_EDGE('',*,*,#2946,.T.);
#3932=ORIENTED_EDGE('',*,*,#2957,.T.);
#3933=ORIENTED_EDGE('',*,*,#2954,.F.);
#3934=ORIENTED_EDGE('',*,*,#2958,.F.);
#3935=ORIENTED_EDGE('',*,*,#2959,.T.);
#3936=ORIENTED_EDGE('',*,*,#2960,.T.);
#3937=ORIENTED_EDGE('',*,*,#2961,.F.);
#3938=ORIENTED_EDGE('',*,*,#2962,.F.);
#3939=ORIENTED_EDGE('',*,*,#2963,.T.);
#3940=ORIENTED_EDGE('',*,*,#2964,.T.);
#3941=ORIENTED_EDGE('',*,*,#2959,.F.);
#3942=ORIENTED_EDGE('',*,*,#2965,.F.);
#3943=ORIENTED_EDGE('',*,*,#2966,.T.);
#3944=ORIENTED_EDGE('',*,*,#2967,.T.);
#3945=ORIENTED_EDGE('',*,*,#2963,.F.);
#3946=ORIENTED_EDGE('',*,*,#2968,.F.);
#3947=ORIENTED_EDGE('',*,*,#2969,.T.);
#3948=ORIENTED_EDGE('',*,*,#2970,.T.);
#3949=ORIENTED_EDGE('',*,*,#2966,.F.);
#3950=ORIENTED_EDGE('',*,*,#2971,.F.);
#3951=ORIENTED_EDGE('',*,*,#2972,.T.);
#3952=ORIENTED_EDGE('',*,*,#2973,.T.);
#3953=ORIENTED_EDGE('',*,*,#2969,.F.);
#3954=ORIENTED_EDGE('',*,*,#2974,.F.);
#3955=ORIENTED_EDGE('',*,*,#2975,.T.);
#3956=ORIENTED_EDGE('',*,*,#2976,.T.);
#3957=ORIENTED_EDGE('',*,*,#2972,.F.);
#3958=ORIENTED_EDGE('',*,*,#2977,.F.);
#3959=ORIENTED_EDGE('',*,*,#2978,.T.);
#3960=ORIENTED_EDGE('',*,*,#2979,.T.);
#3961=ORIENTED_EDGE('',*,*,#2975,.F.);
#3962=ORIENTED_EDGE('',*,*,#2980,.F.);
#3963=ORIENTED_EDGE('',*,*,#2981,.T.);
#3964=ORIENTED_EDGE('',*,*,#2982,.T.);
#3965=ORIENTED_EDGE('',*,*,#2978,.F.);
#3966=ORIENTED_EDGE('',*,*,#2983,.F.);
#3967=ORIENTED_EDGE('',*,*,#2984,.T.);
#3968=ORIENTED_EDGE('',*,*,#2985,.T.);
#3969=ORIENTED_EDGE('',*,*,#2981,.F.);
#3970=ORIENTED_EDGE('',*,*,#2986,.F.);
#3971=ORIENTED_EDGE('',*,*,#2987,.T.);
#3972=ORIENTED_EDGE('',*,*,#2988,.T.);
#3973=ORIENTED_EDGE('',*,*,#2984,.F.);
#3974=ORIENTED_EDGE('',*,*,#2989,.F.);
#3975=ORIENTED_EDGE('',*,*,#2990,.T.);
#3976=ORIENTED_EDGE('',*,*,#2991,.T.);
#3977=ORIENTED_EDGE('',*,*,#2987,.F.);
#3978=ORIENTED_EDGE('',*,*,#2992,.F.);
#3979=ORIENTED_EDGE('',*,*,#2993,.T.);
#3980=ORIENTED_EDGE('',*,*,#2994,.T.);
#3981=ORIENTED_EDGE('',*,*,#2990,.F.);
#3982=ORIENTED_EDGE('',*,*,#2995,.F.);
#3983=ORIENTED_EDGE('',*,*,#2996,.T.);
#3984=ORIENTED_EDGE('',*,*,#2997,.T.);
#3985=ORIENTED_EDGE('',*,*,#2993,.F.);
#3986=ORIENTED_EDGE('',*,*,#2998,.F.);
#3987=ORIENTED_EDGE('',*,*,#2999,.T.);
#3988=ORIENTED_EDGE('',*,*,#3000,.T.);
#3989=ORIENTED_EDGE('',*,*,#2996,.F.);
#3990=ORIENTED_EDGE('',*,*,#3001,.F.);
#3991=ORIENTED_EDGE('',*,*,#2961,.T.);
#3992=ORIENTED_EDGE('',*,*,#3002,.T.);
#3993=ORIENTED_EDGE('',*,*,#2999,.F.);
#3994=ORIENTED_EDGE('',*,*,#3002,.F.);
#3995=ORIENTED_EDGE('',*,*,#2960,.F.);
#3996=ORIENTED_EDGE('',*,*,#2964,.F.);
#3997=ORIENTED_EDGE('',*,*,#2967,.F.);
#3998=ORIENTED_EDGE('',*,*,#2970,.F.);
#3999=ORIENTED_EDGE('',*,*,#2973,.F.);
#4000=ORIENTED_EDGE('',*,*,#2976,.F.);
#4001=ORIENTED_EDGE('',*,*,#2979,.F.);
#4002=ORIENTED_EDGE('',*,*,#2982,.F.);
#4003=ORIENTED_EDGE('',*,*,#2985,.F.);
#4004=ORIENTED_EDGE('',*,*,#2988,.F.);
#4005=ORIENTED_EDGE('',*,*,#2991,.F.);
#4006=ORIENTED_EDGE('',*,*,#2994,.F.);
#4007=ORIENTED_EDGE('',*,*,#2997,.F.);
#4008=ORIENTED_EDGE('',*,*,#3000,.F.);
#4009=ORIENTED_EDGE('',*,*,#2957,.F.);
#4010=ORIENTED_EDGE('',*,*,#2945,.F.);
#4011=ORIENTED_EDGE('',*,*,#2949,.F.);
#4012=ORIENTED_EDGE('',*,*,#2952,.F.);
#4013=ORIENTED_EDGE('',*,*,#2955,.F.);
#4014=ORIENTED_EDGE('',*,*,#3003,.F.);
#4015=ORIENTED_EDGE('',*,*,#3004,.T.);
#4016=ORIENTED_EDGE('',*,*,#3005,.T.);
#4017=ORIENTED_EDGE('',*,*,#3006,.F.);
#4018=ORIENTED_EDGE('',*,*,#3007,.F.);
#4019=ORIENTED_EDGE('',*,*,#3008,.T.);
#4020=ORIENTED_EDGE('',*,*,#3009,.T.);
#4021=ORIENTED_EDGE('',*,*,#3004,.F.);
#4022=ORIENTED_EDGE('',*,*,#3010,.F.);
#4023=ORIENTED_EDGE('',*,*,#3011,.T.);
#4024=ORIENTED_EDGE('',*,*,#3012,.T.);
#4025=ORIENTED_EDGE('',*,*,#3008,.F.);
#4026=ORIENTED_EDGE('',*,*,#3013,.F.);
#4027=ORIENTED_EDGE('',*,*,#3014,.T.);
#4028=ORIENTED_EDGE('',*,*,#3015,.T.);
#4029=ORIENTED_EDGE('',*,*,#3011,.F.);
#4030=ORIENTED_EDGE('',*,*,#3016,.F.);
#4031=ORIENTED_EDGE('',*,*,#3017,.T.);
#4032=ORIENTED_EDGE('',*,*,#3018,.T.);
#4033=ORIENTED_EDGE('',*,*,#3014,.F.);
#4034=ORIENTED_EDGE('',*,*,#3019,.F.);
#4035=ORIENTED_EDGE('',*,*,#3020,.T.);
#4036=ORIENTED_EDGE('',*,*,#3021,.T.);
#4037=ORIENTED_EDGE('',*,*,#3017,.F.);
#4038=ORIENTED_EDGE('',*,*,#3022,.F.);
#4039=ORIENTED_EDGE('',*,*,#3023,.T.);
#4040=ORIENTED_EDGE('',*,*,#3024,.T.);
#4041=ORIENTED_EDGE('',*,*,#3020,.F.);
#4042=ORIENTED_EDGE('',*,*,#3025,.F.);
#4043=ORIENTED_EDGE('',*,*,#3026,.T.);
#4044=ORIENTED_EDGE('',*,*,#3027,.T.);
#4045=ORIENTED_EDGE('',*,*,#3023,.F.);
#4046=ORIENTED_EDGE('',*,*,#3028,.F.);
#4047=ORIENTED_EDGE('',*,*,#3029,.T.);
#4048=ORIENTED_EDGE('',*,*,#3030,.T.);
#4049=ORIENTED_EDGE('',*,*,#3026,.F.);
#4050=ORIENTED_EDGE('',*,*,#3031,.F.);
#4051=ORIENTED_EDGE('',*,*,#3006,.T.);
#4052=ORIENTED_EDGE('',*,*,#3032,.T.);
#4053=ORIENTED_EDGE('',*,*,#3029,.F.);
#4054=ORIENTED_EDGE('',*,*,#3033,.F.);
#4055=ORIENTED_EDGE('',*,*,#3034,.T.);
#4056=ORIENTED_EDGE('',*,*,#3035,.T.);
#4057=ORIENTED_EDGE('',*,*,#3036,.F.);
#4058=ORIENTED_EDGE('',*,*,#3037,.F.);
#4059=ORIENTED_EDGE('',*,*,#3038,.T.);
#4060=ORIENTED_EDGE('',*,*,#3039,.T.);
#4061=ORIENTED_EDGE('',*,*,#3034,.F.);
#4062=ORIENTED_EDGE('',*,*,#3040,.F.);
#4063=ORIENTED_EDGE('',*,*,#3041,.T.);
#4064=ORIENTED_EDGE('',*,*,#3042,.T.);
#4065=ORIENTED_EDGE('',*,*,#3038,.F.);
#4066=ORIENTED_EDGE('',*,*,#3043,.F.);
#4067=ORIENTED_EDGE('',*,*,#3044,.T.);
#4068=ORIENTED_EDGE('',*,*,#3045,.T.);
#4069=ORIENTED_EDGE('',*,*,#3041,.F.);
#4070=ORIENTED_EDGE('',*,*,#3046,.F.);
#4071=ORIENTED_EDGE('',*,*,#3047,.T.);
#4072=ORIENTED_EDGE('',*,*,#3048,.T.);
#4073=ORIENTED_EDGE('',*,*,#3044,.F.);
#4074=ORIENTED_EDGE('',*,*,#3049,.F.);
#4075=ORIENTED_EDGE('',*,*,#3050,.T.);
#4076=ORIENTED_EDGE('',*,*,#3051,.T.);
#4077=ORIENTED_EDGE('',*,*,#3047,.F.);
#4078=ORIENTED_EDGE('',*,*,#3052,.F.);
#4079=ORIENTED_EDGE('',*,*,#3053,.T.);
#4080=ORIENTED_EDGE('',*,*,#3054,.T.);
#4081=ORIENTED_EDGE('',*,*,#3050,.F.);
#4082=ORIENTED_EDGE('',*,*,#3055,.F.);
#4083=ORIENTED_EDGE('',*,*,#3056,.T.);
#4084=ORIENTED_EDGE('',*,*,#3057,.T.);
#4085=ORIENTED_EDGE('',*,*,#3053,.F.);
#4086=ORIENTED_EDGE('',*,*,#3058,.F.);
#4087=ORIENTED_EDGE('',*,*,#3059,.T.);
#4088=ORIENTED_EDGE('',*,*,#3060,.T.);
#4089=ORIENTED_EDGE('',*,*,#3056,.F.);
#4090=ORIENTED_EDGE('',*,*,#3061,.F.);
#4091=ORIENTED_EDGE('',*,*,#3062,.T.);
#4092=ORIENTED_EDGE('',*,*,#3063,.T.);
#4093=ORIENTED_EDGE('',*,*,#3059,.F.);
#4094=ORIENTED_EDGE('',*,*,#3064,.F.);
#4095=ORIENTED_EDGE('',*,*,#3065,.T.);
#4096=ORIENTED_EDGE('',*,*,#3066,.T.);
#4097=ORIENTED_EDGE('',*,*,#3062,.F.);
#4098=ORIENTED_EDGE('',*,*,#3067,.F.);
#4099=ORIENTED_EDGE('',*,*,#3068,.T.);
#4100=ORIENTED_EDGE('',*,*,#3069,.T.);
#4101=ORIENTED_EDGE('',*,*,#3065,.F.);
#4102=ORIENTED_EDGE('',*,*,#3070,.F.);
#4103=ORIENTED_EDGE('',*,*,#3071,.T.);
#4104=ORIENTED_EDGE('',*,*,#3072,.T.);
#4105=ORIENTED_EDGE('',*,*,#3068,.F.);
#4106=ORIENTED_EDGE('',*,*,#3073,.F.);
#4107=ORIENTED_EDGE('',*,*,#3074,.T.);
#4108=ORIENTED_EDGE('',*,*,#3075,.T.);
#4109=ORIENTED_EDGE('',*,*,#3071,.F.);
#4110=ORIENTED_EDGE('',*,*,#3076,.F.);
#4111=ORIENTED_EDGE('',*,*,#3077,.T.);
#4112=ORIENTED_EDGE('',*,*,#3078,.T.);
#4113=ORIENTED_EDGE('',*,*,#3074,.F.);
#4114=ORIENTED_EDGE('',*,*,#3079,.F.);
#4115=ORIENTED_EDGE('',*,*,#3080,.T.);
#4116=ORIENTED_EDGE('',*,*,#3081,.T.);
#4117=ORIENTED_EDGE('',*,*,#3077,.F.);
#4118=ORIENTED_EDGE('',*,*,#3082,.F.);
#4119=ORIENTED_EDGE('',*,*,#3083,.T.);
#4120=ORIENTED_EDGE('',*,*,#3084,.T.);
#4121=ORIENTED_EDGE('',*,*,#3080,.F.);
#4122=ORIENTED_EDGE('',*,*,#3085,.F.);
#4123=ORIENTED_EDGE('',*,*,#3086,.T.);
#4124=ORIENTED_EDGE('',*,*,#3087,.T.);
#4125=ORIENTED_EDGE('',*,*,#3083,.F.);
#4126=ORIENTED_EDGE('',*,*,#3088,.F.);
#4127=ORIENTED_EDGE('',*,*,#3089,.T.);
#4128=ORIENTED_EDGE('',*,*,#3090,.T.);
#4129=ORIENTED_EDGE('',*,*,#3086,.F.);
#4130=ORIENTED_EDGE('',*,*,#3091,.F.);
#4131=ORIENTED_EDGE('',*,*,#3092,.T.);
#4132=ORIENTED_EDGE('',*,*,#3093,.T.);
#4133=ORIENTED_EDGE('',*,*,#3089,.F.);
#4134=ORIENTED_EDGE('',*,*,#3094,.F.);
#4135=ORIENTED_EDGE('',*,*,#3095,.T.);
#4136=ORIENTED_EDGE('',*,*,#3096,.T.);
#4137=ORIENTED_EDGE('',*,*,#3092,.F.);
#4138=ORIENTED_EDGE('',*,*,#3097,.F.);
#4139=ORIENTED_EDGE('',*,*,#3098,.T.);
#4140=ORIENTED_EDGE('',*,*,#3099,.T.);
#4141=ORIENTED_EDGE('',*,*,#3095,.F.);
#4142=ORIENTED_EDGE('',*,*,#3100,.F.);
#4143=ORIENTED_EDGE('',*,*,#3101,.T.);
#4144=ORIENTED_EDGE('',*,*,#3102,.T.);
#4145=ORIENTED_EDGE('',*,*,#3098,.F.);
#4146=ORIENTED_EDGE('',*,*,#3103,.F.);
#4147=ORIENTED_EDGE('',*,*,#3104,.T.);
#4148=ORIENTED_EDGE('',*,*,#3105,.T.);
#4149=ORIENTED_EDGE('',*,*,#3101,.F.);
#4150=ORIENTED_EDGE('',*,*,#3106,.F.);
#4151=ORIENTED_EDGE('',*,*,#3107,.T.);
#4152=ORIENTED_EDGE('',*,*,#3108,.T.);
#4153=ORIENTED_EDGE('',*,*,#3104,.F.);
#4154=ORIENTED_EDGE('',*,*,#3109,.F.);
#4155=ORIENTED_EDGE('',*,*,#3110,.T.);
#4156=ORIENTED_EDGE('',*,*,#3111,.T.);
#4157=ORIENTED_EDGE('',*,*,#3107,.F.);
#4158=ORIENTED_EDGE('',*,*,#3112,.F.);
#4159=ORIENTED_EDGE('',*,*,#3036,.T.);
#4160=ORIENTED_EDGE('',*,*,#3113,.T.);
#4161=ORIENTED_EDGE('',*,*,#3110,.F.);
#4162=ORIENTED_EDGE('',*,*,#3113,.F.);
#4163=ORIENTED_EDGE('',*,*,#3035,.F.);
#4164=ORIENTED_EDGE('',*,*,#3039,.F.);
#4165=ORIENTED_EDGE('',*,*,#3042,.F.);
#4166=ORIENTED_EDGE('',*,*,#3045,.F.);
#4167=ORIENTED_EDGE('',*,*,#3048,.F.);
#4168=ORIENTED_EDGE('',*,*,#3051,.F.);
#4169=ORIENTED_EDGE('',*,*,#3054,.F.);
#4170=ORIENTED_EDGE('',*,*,#3057,.F.);
#4171=ORIENTED_EDGE('',*,*,#3060,.F.);
#4172=ORIENTED_EDGE('',*,*,#3063,.F.);
#4173=ORIENTED_EDGE('',*,*,#3066,.F.);
#4174=ORIENTED_EDGE('',*,*,#3069,.F.);
#4175=ORIENTED_EDGE('',*,*,#3072,.F.);
#4176=ORIENTED_EDGE('',*,*,#3075,.F.);
#4177=ORIENTED_EDGE('',*,*,#3078,.F.);
#4178=ORIENTED_EDGE('',*,*,#3081,.F.);
#4179=ORIENTED_EDGE('',*,*,#3084,.F.);
#4180=ORIENTED_EDGE('',*,*,#3087,.F.);
#4181=ORIENTED_EDGE('',*,*,#3090,.F.);
#4182=ORIENTED_EDGE('',*,*,#3093,.F.);
#4183=ORIENTED_EDGE('',*,*,#3096,.F.);
#4184=ORIENTED_EDGE('',*,*,#3099,.F.);
#4185=ORIENTED_EDGE('',*,*,#3102,.F.);
#4186=ORIENTED_EDGE('',*,*,#3105,.F.);
#4187=ORIENTED_EDGE('',*,*,#3108,.F.);
#4188=ORIENTED_EDGE('',*,*,#3111,.F.);
#4189=ORIENTED_EDGE('',*,*,#3032,.F.);
#4190=ORIENTED_EDGE('',*,*,#3005,.F.);
#4191=ORIENTED_EDGE('',*,*,#3009,.F.);
#4192=ORIENTED_EDGE('',*,*,#3012,.F.);
#4193=ORIENTED_EDGE('',*,*,#3015,.F.);
#4194=ORIENTED_EDGE('',*,*,#3018,.F.);
#4195=ORIENTED_EDGE('',*,*,#3021,.F.);
#4196=ORIENTED_EDGE('',*,*,#3024,.F.);
#4197=ORIENTED_EDGE('',*,*,#3027,.F.);
#4198=ORIENTED_EDGE('',*,*,#3030,.F.);
#4199=ORIENTED_EDGE('',*,*,#3114,.F.);
#4200=ORIENTED_EDGE('',*,*,#3115,.T.);
#4201=ORIENTED_EDGE('',*,*,#3116,.T.);
#4202=ORIENTED_EDGE('',*,*,#3117,.F.);
#4203=ORIENTED_EDGE('',*,*,#3118,.F.);
#4204=ORIENTED_EDGE('',*,*,#3119,.T.);
#4205=ORIENTED_EDGE('',*,*,#3120,.T.);
#4206=ORIENTED_EDGE('',*,*,#3115,.F.);
#4207=ORIENTED_EDGE('',*,*,#3121,.F.);
#4208=ORIENTED_EDGE('',*,*,#3122,.T.);
#4209=ORIENTED_EDGE('',*,*,#3123,.T.);
#4210=ORIENTED_EDGE('',*,*,#3119,.F.);
#4211=ORIENTED_EDGE('',*,*,#3124,.F.);
#4212=ORIENTED_EDGE('',*,*,#3125,.T.);
#4213=ORIENTED_EDGE('',*,*,#3126,.T.);
#4214=ORIENTED_EDGE('',*,*,#3122,.F.);
#4215=ORIENTED_EDGE('',*,*,#3127,.F.);
#4216=ORIENTED_EDGE('',*,*,#3128,.T.);
#4217=ORIENTED_EDGE('',*,*,#3129,.T.);
#4218=ORIENTED_EDGE('',*,*,#3125,.F.);
#4219=ORIENTED_EDGE('',*,*,#3130,.F.);
#4220=ORIENTED_EDGE('',*,*,#3131,.T.);
#4221=ORIENTED_EDGE('',*,*,#3132,.T.);
#4222=ORIENTED_EDGE('',*,*,#3128,.F.);
#4223=ORIENTED_EDGE('',*,*,#3133,.F.);
#4224=ORIENTED_EDGE('',*,*,#3134,.T.);
#4225=ORIENTED_EDGE('',*,*,#3135,.T.);
#4226=ORIENTED_EDGE('',*,*,#3131,.F.);
#4227=ORIENTED_EDGE('',*,*,#3136,.F.);
#4228=ORIENTED_EDGE('',*,*,#3137,.T.);
#4229=ORIENTED_EDGE('',*,*,#3138,.T.);
#4230=ORIENTED_EDGE('',*,*,#3134,.F.);
#4231=ORIENTED_EDGE('',*,*,#3139,.F.);
#4232=ORIENTED_EDGE('',*,*,#3140,.T.);
#4233=ORIENTED_EDGE('',*,*,#3141,.T.);
#4234=ORIENTED_EDGE('',*,*,#3137,.F.);
#4235=ORIENTED_EDGE('',*,*,#3142,.F.);
#4236=ORIENTED_EDGE('',*,*,#3143,.T.);
#4237=ORIENTED_EDGE('',*,*,#3144,.T.);
#4238=ORIENTED_EDGE('',*,*,#3140,.F.);
#4239=ORIENTED_EDGE('',*,*,#3145,.F.);
#4240=ORIENTED_EDGE('',*,*,#3146,.T.);
#4241=ORIENTED_EDGE('',*,*,#3147,.T.);
#4242=ORIENTED_EDGE('',*,*,#3143,.F.);
#4243=ORIENTED_EDGE('',*,*,#3148,.F.);
#4244=ORIENTED_EDGE('',*,*,#3149,.T.);
#4245=ORIENTED_EDGE('',*,*,#3150,.T.);
#4246=ORIENTED_EDGE('',*,*,#3146,.F.);
#4247=ORIENTED_EDGE('',*,*,#3151,.F.);
#4248=ORIENTED_EDGE('',*,*,#3152,.T.);
#4249=ORIENTED_EDGE('',*,*,#3153,.T.);
#4250=ORIENTED_EDGE('',*,*,#3149,.F.);
#4251=ORIENTED_EDGE('',*,*,#3154,.F.);
#4252=ORIENTED_EDGE('',*,*,#3155,.T.);
#4253=ORIENTED_EDGE('',*,*,#3156,.T.);
#4254=ORIENTED_EDGE('',*,*,#3152,.F.);
#4255=ORIENTED_EDGE('',*,*,#3157,.F.);
#4256=ORIENTED_EDGE('',*,*,#3158,.T.);
#4257=ORIENTED_EDGE('',*,*,#3159,.T.);
#4258=ORIENTED_EDGE('',*,*,#3155,.F.);
#4259=ORIENTED_EDGE('',*,*,#3160,.F.);
#4260=ORIENTED_EDGE('',*,*,#3161,.T.);
#4261=ORIENTED_EDGE('',*,*,#3162,.T.);
#4262=ORIENTED_EDGE('',*,*,#3158,.F.);
#4263=ORIENTED_EDGE('',*,*,#3163,.F.);
#4264=ORIENTED_EDGE('',*,*,#3164,.T.);
#4265=ORIENTED_EDGE('',*,*,#3165,.T.);
#4266=ORIENTED_EDGE('',*,*,#3161,.F.);
#4267=ORIENTED_EDGE('',*,*,#3166,.F.);
#4268=ORIENTED_EDGE('',*,*,#3117,.T.);
#4269=ORIENTED_EDGE('',*,*,#3167,.T.);
#4270=ORIENTED_EDGE('',*,*,#3164,.F.);
#4271=ORIENTED_EDGE('',*,*,#3167,.F.);
#4272=ORIENTED_EDGE('',*,*,#3116,.F.);
#4273=ORIENTED_EDGE('',*,*,#3120,.F.);
#4274=ORIENTED_EDGE('',*,*,#3123,.F.);
#4275=ORIENTED_EDGE('',*,*,#3126,.F.);
#4276=ORIENTED_EDGE('',*,*,#3129,.F.);
#4277=ORIENTED_EDGE('',*,*,#3132,.F.);
#4278=ORIENTED_EDGE('',*,*,#3135,.F.);
#4279=ORIENTED_EDGE('',*,*,#3138,.F.);
#4280=ORIENTED_EDGE('',*,*,#3141,.F.);
#4281=ORIENTED_EDGE('',*,*,#3144,.F.);
#4282=ORIENTED_EDGE('',*,*,#3147,.F.);
#4283=ORIENTED_EDGE('',*,*,#3150,.F.);
#4284=ORIENTED_EDGE('',*,*,#3153,.F.);
#4285=ORIENTED_EDGE('',*,*,#3156,.F.);
#4286=ORIENTED_EDGE('',*,*,#3159,.F.);
#4287=ORIENTED_EDGE('',*,*,#3162,.F.);
#4288=ORIENTED_EDGE('',*,*,#3165,.F.);
#4289=ORIENTED_EDGE('',*,*,#3168,.F.);
#4290=ORIENTED_EDGE('',*,*,#3169,.T.);
#4291=ORIENTED_EDGE('',*,*,#3170,.T.);
#4292=ORIENTED_EDGE('',*,*,#3171,.F.);
#4293=ORIENTED_EDGE('',*,*,#3172,.F.);
#4294=ORIENTED_EDGE('',*,*,#3173,.T.);
#4295=ORIENTED_EDGE('',*,*,#3174,.T.);
#4296=ORIENTED_EDGE('',*,*,#3169,.F.);
#4297=ORIENTED_EDGE('',*,*,#3175,.F.);
#4298=ORIENTED_EDGE('',*,*,#3176,.T.);
#4299=ORIENTED_EDGE('',*,*,#3177,.T.);
#4300=ORIENTED_EDGE('',*,*,#3173,.F.);
#4301=ORIENTED_EDGE('',*,*,#3178,.F.);
#4302=ORIENTED_EDGE('',*,*,#3179,.T.);
#4303=ORIENTED_EDGE('',*,*,#3180,.T.);
#4304=ORIENTED_EDGE('',*,*,#3176,.F.);
#4305=ORIENTED_EDGE('',*,*,#3181,.F.);
#4306=ORIENTED_EDGE('',*,*,#3182,.T.);
#4307=ORIENTED_EDGE('',*,*,#3183,.T.);
#4308=ORIENTED_EDGE('',*,*,#3179,.F.);
#4309=ORIENTED_EDGE('',*,*,#3184,.F.);
#4310=ORIENTED_EDGE('',*,*,#3185,.T.);
#4311=ORIENTED_EDGE('',*,*,#3186,.T.);
#4312=ORIENTED_EDGE('',*,*,#3182,.F.);
#4313=ORIENTED_EDGE('',*,*,#3187,.F.);
#4314=ORIENTED_EDGE('',*,*,#3188,.T.);
#4315=ORIENTED_EDGE('',*,*,#3189,.T.);
#4316=ORIENTED_EDGE('',*,*,#3185,.F.);
#4317=ORIENTED_EDGE('',*,*,#3190,.F.);
#4318=ORIENTED_EDGE('',*,*,#3191,.T.);
#4319=ORIENTED_EDGE('',*,*,#3192,.T.);
#4320=ORIENTED_EDGE('',*,*,#3188,.F.);
#4321=ORIENTED_EDGE('',*,*,#3193,.F.);
#4322=ORIENTED_EDGE('',*,*,#3194,.T.);
#4323=ORIENTED_EDGE('',*,*,#3195,.T.);
#4324=ORIENTED_EDGE('',*,*,#3191,.F.);
#4325=ORIENTED_EDGE('',*,*,#3196,.F.);
#4326=ORIENTED_EDGE('',*,*,#3197,.T.);
#4327=ORIENTED_EDGE('',*,*,#3198,.T.);
#4328=ORIENTED_EDGE('',*,*,#3194,.F.);
#4329=ORIENTED_EDGE('',*,*,#3199,.F.);
#4330=ORIENTED_EDGE('',*,*,#3200,.T.);
#4331=ORIENTED_EDGE('',*,*,#3201,.T.);
#4332=ORIENTED_EDGE('',*,*,#3197,.F.);
#4333=ORIENTED_EDGE('',*,*,#3202,.F.);
#4334=ORIENTED_EDGE('',*,*,#3203,.T.);
#4335=ORIENTED_EDGE('',*,*,#3204,.T.);
#4336=ORIENTED_EDGE('',*,*,#3200,.F.);
#4337=ORIENTED_EDGE('',*,*,#3205,.F.);
#4338=ORIENTED_EDGE('',*,*,#3206,.T.);
#4339=ORIENTED_EDGE('',*,*,#3207,.T.);
#4340=ORIENTED_EDGE('',*,*,#3203,.F.);
#4341=ORIENTED_EDGE('',*,*,#3208,.F.);
#4342=ORIENTED_EDGE('',*,*,#3209,.T.);
#4343=ORIENTED_EDGE('',*,*,#3210,.T.);
#4344=ORIENTED_EDGE('',*,*,#3206,.F.);
#4345=ORIENTED_EDGE('',*,*,#3211,.F.);
#4346=ORIENTED_EDGE('',*,*,#3212,.T.);
#4347=ORIENTED_EDGE('',*,*,#3213,.T.);
#4348=ORIENTED_EDGE('',*,*,#3209,.F.);
#4349=ORIENTED_EDGE('',*,*,#3214,.F.);
#4350=ORIENTED_EDGE('',*,*,#3215,.T.);
#4351=ORIENTED_EDGE('',*,*,#3216,.T.);
#4352=ORIENTED_EDGE('',*,*,#3212,.F.);
#4353=ORIENTED_EDGE('',*,*,#3217,.F.);
#4354=ORIENTED_EDGE('',*,*,#3218,.T.);
#4355=ORIENTED_EDGE('',*,*,#3219,.T.);
#4356=ORIENTED_EDGE('',*,*,#3215,.F.);
#4357=ORIENTED_EDGE('',*,*,#3220,.F.);
#4358=ORIENTED_EDGE('',*,*,#3171,.T.);
#4359=ORIENTED_EDGE('',*,*,#3221,.T.);
#4360=ORIENTED_EDGE('',*,*,#3218,.F.);
#4361=ORIENTED_EDGE('',*,*,#3221,.F.);
#4362=ORIENTED_EDGE('',*,*,#3170,.F.);
#4363=ORIENTED_EDGE('',*,*,#3174,.F.);
#4364=ORIENTED_EDGE('',*,*,#3177,.F.);
#4365=ORIENTED_EDGE('',*,*,#3180,.F.);
#4366=ORIENTED_EDGE('',*,*,#3183,.F.);
#4367=ORIENTED_EDGE('',*,*,#3186,.F.);
#4368=ORIENTED_EDGE('',*,*,#3189,.F.);
#4369=ORIENTED_EDGE('',*,*,#3192,.F.);
#4370=ORIENTED_EDGE('',*,*,#3195,.F.);
#4371=ORIENTED_EDGE('',*,*,#3198,.F.);
#4372=ORIENTED_EDGE('',*,*,#3201,.F.);
#4373=ORIENTED_EDGE('',*,*,#3204,.F.);
#4374=ORIENTED_EDGE('',*,*,#3207,.F.);
#4375=ORIENTED_EDGE('',*,*,#3210,.F.);
#4376=ORIENTED_EDGE('',*,*,#3213,.F.);
#4377=ORIENTED_EDGE('',*,*,#3216,.F.);
#4378=ORIENTED_EDGE('',*,*,#3219,.F.);
#4379=ORIENTED_EDGE('',*,*,#3222,.F.);
#4380=ORIENTED_EDGE('',*,*,#3223,.T.);
#4381=ORIENTED_EDGE('',*,*,#3224,.T.);
#4382=ORIENTED_EDGE('',*,*,#3225,.F.);
#4383=ORIENTED_EDGE('',*,*,#3226,.F.);
#4384=ORIENTED_EDGE('',*,*,#3227,.T.);
#4385=ORIENTED_EDGE('',*,*,#3228,.T.);
#4386=ORIENTED_EDGE('',*,*,#3223,.F.);
#4387=ORIENTED_EDGE('',*,*,#3229,.F.);
#4388=ORIENTED_EDGE('',*,*,#3230,.T.);
#4389=ORIENTED_EDGE('',*,*,#3231,.T.);
#4390=ORIENTED_EDGE('',*,*,#3227,.F.);
#4391=ORIENTED_EDGE('',*,*,#3232,.F.);
#4392=ORIENTED_EDGE('',*,*,#3233,.T.);
#4393=ORIENTED_EDGE('',*,*,#3234,.T.);
#4394=ORIENTED_EDGE('',*,*,#3230,.F.);
#4395=ORIENTED_EDGE('',*,*,#3235,.F.);
#4396=ORIENTED_EDGE('',*,*,#3225,.T.);
#4397=ORIENTED_EDGE('',*,*,#3236,.T.);
#4398=ORIENTED_EDGE('',*,*,#3233,.F.);
#4399=ORIENTED_EDGE('',*,*,#3237,.F.);
#4400=ORIENTED_EDGE('',*,*,#3238,.T.);
#4401=ORIENTED_EDGE('',*,*,#3239,.T.);
#4402=ORIENTED_EDGE('',*,*,#3240,.F.);
#4403=ORIENTED_EDGE('',*,*,#3241,.F.);
#4404=ORIENTED_EDGE('',*,*,#3242,.T.);
#4405=ORIENTED_EDGE('',*,*,#3243,.T.);
#4406=ORIENTED_EDGE('',*,*,#3238,.F.);
#4407=ORIENTED_EDGE('',*,*,#3244,.F.);
#4408=ORIENTED_EDGE('',*,*,#3245,.T.);
#4409=ORIENTED_EDGE('',*,*,#3246,.T.);
#4410=ORIENTED_EDGE('',*,*,#3242,.F.);
#4411=ORIENTED_EDGE('',*,*,#3247,.F.);
#4412=ORIENTED_EDGE('',*,*,#3248,.T.);
#4413=ORIENTED_EDGE('',*,*,#3249,.T.);
#4414=ORIENTED_EDGE('',*,*,#3245,.F.);
#4415=ORIENTED_EDGE('',*,*,#3250,.F.);
#4416=ORIENTED_EDGE('',*,*,#3251,.T.);
#4417=ORIENTED_EDGE('',*,*,#3252,.T.);
#4418=ORIENTED_EDGE('',*,*,#3248,.F.);
#4419=ORIENTED_EDGE('',*,*,#3253,.F.);
#4420=ORIENTED_EDGE('',*,*,#3254,.T.);
#4421=ORIENTED_EDGE('',*,*,#3255,.T.);
#4422=ORIENTED_EDGE('',*,*,#3251,.F.);
#4423=ORIENTED_EDGE('',*,*,#3256,.F.);
#4424=ORIENTED_EDGE('',*,*,#3257,.T.);
#4425=ORIENTED_EDGE('',*,*,#3258,.T.);
#4426=ORIENTED_EDGE('',*,*,#3254,.F.);
#4427=ORIENTED_EDGE('',*,*,#3259,.F.);
#4428=ORIENTED_EDGE('',*,*,#3260,.T.);
#4429=ORIENTED_EDGE('',*,*,#3261,.T.);
#4430=ORIENTED_EDGE('',*,*,#3257,.F.);
#4431=ORIENTED_EDGE('',*,*,#3262,.F.);
#4432=ORIENTED_EDGE('',*,*,#3263,.T.);
#4433=ORIENTED_EDGE('',*,*,#3264,.T.);
#4434=ORIENTED_EDGE('',*,*,#3260,.F.);
#4435=ORIENTED_EDGE('',*,*,#3265,.F.);
#4436=ORIENTED_EDGE('',*,*,#3266,.T.);
#4437=ORIENTED_EDGE('',*,*,#3267,.T.);
#4438=ORIENTED_EDGE('',*,*,#3263,.F.);
#4439=ORIENTED_EDGE('',*,*,#3268,.F.);
#4440=ORIENTED_EDGE('',*,*,#3269,.T.);
#4441=ORIENTED_EDGE('',*,*,#3270,.T.);
#4442=ORIENTED_EDGE('',*,*,#3266,.F.);
#4443=ORIENTED_EDGE('',*,*,#3271,.F.);
#4444=ORIENTED_EDGE('',*,*,#3272,.T.);
#4445=ORIENTED_EDGE('',*,*,#3273,.T.);
#4446=ORIENTED_EDGE('',*,*,#3269,.F.);
#4447=ORIENTED_EDGE('',*,*,#3274,.F.);
#4448=ORIENTED_EDGE('',*,*,#3275,.T.);
#4449=ORIENTED_EDGE('',*,*,#3276,.T.);
#4450=ORIENTED_EDGE('',*,*,#3272,.F.);
#4451=ORIENTED_EDGE('',*,*,#3277,.F.);
#4452=ORIENTED_EDGE('',*,*,#3278,.T.);
#4453=ORIENTED_EDGE('',*,*,#3279,.T.);
#4454=ORIENTED_EDGE('',*,*,#3275,.F.);
#4455=ORIENTED_EDGE('',*,*,#3280,.F.);
#4456=ORIENTED_EDGE('',*,*,#3240,.T.);
#4457=ORIENTED_EDGE('',*,*,#3281,.T.);
#4458=ORIENTED_EDGE('',*,*,#3278,.F.);
#4459=ORIENTED_EDGE('',*,*,#3281,.F.);
#4460=ORIENTED_EDGE('',*,*,#3239,.F.);
#4461=ORIENTED_EDGE('',*,*,#3243,.F.);
#4462=ORIENTED_EDGE('',*,*,#3246,.F.);
#4463=ORIENTED_EDGE('',*,*,#3249,.F.);
#4464=ORIENTED_EDGE('',*,*,#3252,.F.);
#4465=ORIENTED_EDGE('',*,*,#3255,.F.);
#4466=ORIENTED_EDGE('',*,*,#3258,.F.);
#4467=ORIENTED_EDGE('',*,*,#3261,.F.);
#4468=ORIENTED_EDGE('',*,*,#3264,.F.);
#4469=ORIENTED_EDGE('',*,*,#3267,.F.);
#4470=ORIENTED_EDGE('',*,*,#3270,.F.);
#4471=ORIENTED_EDGE('',*,*,#3273,.F.);
#4472=ORIENTED_EDGE('',*,*,#3276,.F.);
#4473=ORIENTED_EDGE('',*,*,#3279,.F.);
#4474=ORIENTED_EDGE('',*,*,#3236,.F.);
#4475=ORIENTED_EDGE('',*,*,#3224,.F.);
#4476=ORIENTED_EDGE('',*,*,#3228,.F.);
#4477=ORIENTED_EDGE('',*,*,#3231,.F.);
#4478=ORIENTED_EDGE('',*,*,#3234,.F.);
#4479=ORIENTED_EDGE('',*,*,#3282,.F.);
#4480=ORIENTED_EDGE('',*,*,#3283,.T.);
#4481=ORIENTED_EDGE('',*,*,#3284,.T.);
#4482=ORIENTED_EDGE('',*,*,#3285,.F.);
#4483=ORIENTED_EDGE('',*,*,#3286,.F.);
#4484=ORIENTED_EDGE('',*,*,#3287,.T.);
#4485=ORIENTED_EDGE('',*,*,#3288,.T.);
#4486=ORIENTED_EDGE('',*,*,#3283,.F.);
#4487=ORIENTED_EDGE('',*,*,#3289,.F.);
#4488=ORIENTED_EDGE('',*,*,#3290,.T.);
#4489=ORIENTED_EDGE('',*,*,#3291,.T.);
#4490=ORIENTED_EDGE('',*,*,#3287,.F.);
#4491=ORIENTED_EDGE('',*,*,#3292,.F.);
#4492=ORIENTED_EDGE('',*,*,#3293,.T.);
#4493=ORIENTED_EDGE('',*,*,#3294,.T.);
#4494=ORIENTED_EDGE('',*,*,#3290,.F.);
#4495=ORIENTED_EDGE('',*,*,#3295,.F.);
#4496=ORIENTED_EDGE('',*,*,#3296,.T.);
#4497=ORIENTED_EDGE('',*,*,#3297,.T.);
#4498=ORIENTED_EDGE('',*,*,#3293,.F.);
#4499=ORIENTED_EDGE('',*,*,#3298,.F.);
#4500=ORIENTED_EDGE('',*,*,#3299,.T.);
#4501=ORIENTED_EDGE('',*,*,#3300,.T.);
#4502=ORIENTED_EDGE('',*,*,#3296,.F.);
#4503=ORIENTED_EDGE('',*,*,#3301,.F.);
#4504=ORIENTED_EDGE('',*,*,#3302,.T.);
#4505=ORIENTED_EDGE('',*,*,#3303,.T.);
#4506=ORIENTED_EDGE('',*,*,#3299,.F.);
#4507=ORIENTED_EDGE('',*,*,#3304,.F.);
#4508=ORIENTED_EDGE('',*,*,#3285,.T.);
#4509=ORIENTED_EDGE('',*,*,#3305,.T.);
#4510=ORIENTED_EDGE('',*,*,#3302,.F.);
#4511=ORIENTED_EDGE('',*,*,#3305,.F.);
#4512=ORIENTED_EDGE('',*,*,#3284,.F.);
#4513=ORIENTED_EDGE('',*,*,#3288,.F.);
#4514=ORIENTED_EDGE('',*,*,#3291,.F.);
#4515=ORIENTED_EDGE('',*,*,#3294,.F.);
#4516=ORIENTED_EDGE('',*,*,#3297,.F.);
#4517=ORIENTED_EDGE('',*,*,#3300,.F.);
#4518=ORIENTED_EDGE('',*,*,#3303,.F.);
#4519=ORIENTED_EDGE('',*,*,#3222,.T.);
#4520=ORIENTED_EDGE('',*,*,#3235,.T.);
#4521=ORIENTED_EDGE('',*,*,#3232,.T.);
#4522=ORIENTED_EDGE('',*,*,#3229,.T.);
#4523=ORIENTED_EDGE('',*,*,#3226,.T.);
#4524=ORIENTED_EDGE('',*,*,#3003,.T.);
#4525=ORIENTED_EDGE('',*,*,#3031,.T.);
#4526=ORIENTED_EDGE('',*,*,#3028,.T.);
#4527=ORIENTED_EDGE('',*,*,#3025,.T.);
#4528=ORIENTED_EDGE('',*,*,#3022,.T.);
#4529=ORIENTED_EDGE('',*,*,#3019,.T.);
#4530=ORIENTED_EDGE('',*,*,#3016,.T.);
#4531=ORIENTED_EDGE('',*,*,#3013,.T.);
#4532=ORIENTED_EDGE('',*,*,#3010,.T.);
#4533=ORIENTED_EDGE('',*,*,#3007,.T.);
#4534=ORIENTED_EDGE('',*,*,#2943,.T.);
#4535=ORIENTED_EDGE('',*,*,#2956,.T.);
#4536=ORIENTED_EDGE('',*,*,#2953,.T.);
#4537=ORIENTED_EDGE('',*,*,#2950,.T.);
#4538=ORIENTED_EDGE('',*,*,#2947,.T.);
#4539=ORIENTED_EDGE('',*,*,#2871,.T.);
#4540=ORIENTED_EDGE('',*,*,#2884,.T.);
#4541=ORIENTED_EDGE('',*,*,#2881,.T.);
#4542=ORIENTED_EDGE('',*,*,#2878,.T.);
#4543=ORIENTED_EDGE('',*,*,#2875,.T.);
#4544=ORIENTED_EDGE('',*,*,#2793,.T.);
#4545=ORIENTED_EDGE('',*,*,#2806,.T.);
#4546=ORIENTED_EDGE('',*,*,#2803,.T.);
#4547=ORIENTED_EDGE('',*,*,#2800,.T.);
#4548=ORIENTED_EDGE('',*,*,#2797,.T.);
#4549=ORIENTED_EDGE('',*,*,#3306,.T.);
#4550=ORIENTED_EDGE('',*,*,#3307,.T.);
#4551=ORIENTED_EDGE('',*,*,#3308,.T.);
#4552=ORIENTED_EDGE('',*,*,#3309,.T.);
#4553=ORIENTED_EDGE('',*,*,#3310,.T.);
#4554=ORIENTED_EDGE('',*,*,#3311,.T.);
#4555=ORIENTED_EDGE('',*,*,#3312,.T.);
#4556=ORIENTED_EDGE('',*,*,#3309,.F.);
#4557=ORIENTED_EDGE('',*,*,#3313,.T.);
#4558=ORIENTED_EDGE('',*,*,#3311,.F.);
#4559=ORIENTED_EDGE('',*,*,#3314,.T.);
#4560=ORIENTED_EDGE('',*,*,#3315,.T.);
#4561=ORIENTED_EDGE('',*,*,#3316,.T.);
#4562=ORIENTED_EDGE('',*,*,#3315,.F.);
#4563=ORIENTED_EDGE('',*,*,#3317,.T.);
#4564=ORIENTED_EDGE('',*,*,#3307,.F.);
#4565=ORIENTED_EDGE('',*,*,#3316,.F.);
#4566=ORIENTED_EDGE('',*,*,#3318,.T.);
#4567=ORIENTED_EDGE('',*,*,#3319,.F.);
#4568=ORIENTED_EDGE('',*,*,#3320,.F.);
#4569=ORIENTED_EDGE('',*,*,#3306,.F.);
#4570=ORIENTED_EDGE('',*,*,#3321,.T.);
#4571=ORIENTED_EDGE('',*,*,#3322,.F.);
#4572=ORIENTED_EDGE('',*,*,#3318,.F.);
#4573=ORIENTED_EDGE('',*,*,#3323,.T.);
#4574=ORIENTED_EDGE('',*,*,#3324,.F.);
#4575=ORIENTED_EDGE('',*,*,#3325,.F.);
#4576=ORIENTED_EDGE('',*,*,#3326,.F.);
#4577=ORIENTED_EDGE('',*,*,#3327,.F.);
#4578=ORIENTED_EDGE('',*,*,#3328,.F.);
#4579=ORIENTED_EDGE('',*,*,#3329,.F.);
#4580=ORIENTED_EDGE('',*,*,#3330,.F.);
#4581=ORIENTED_EDGE('',*,*,#3331,.F.);
#4582=ORIENTED_EDGE('',*,*,#3332,.F.);
#4583=ORIENTED_EDGE('',*,*,#3333,.F.);
#4584=ORIENTED_EDGE('',*,*,#3334,.F.);
#4585=ORIENTED_EDGE('',*,*,#3335,.F.);
#4586=ORIENTED_EDGE('',*,*,#3336,.F.);
#4587=ORIENTED_EDGE('',*,*,#3337,.F.);
#4588=ORIENTED_EDGE('',*,*,#3338,.T.);
#4589=ORIENTED_EDGE('',*,*,#3339,.F.);
#4590=ORIENTED_EDGE('',*,*,#3340,.F.);
#4591=ORIENTED_EDGE('',*,*,#3341,.F.);
#4592=ORIENTED_EDGE('',*,*,#3342,.F.);
#4593=ORIENTED_EDGE('',*,*,#3343,.F.);
#4594=ORIENTED_EDGE('',*,*,#3344,.F.);
#4595=ORIENTED_EDGE('',*,*,#3345,.F.);
#4596=ORIENTED_EDGE('',*,*,#3314,.F.);
#4597=ORIENTED_EDGE('',*,*,#3310,.F.);
#4598=ORIENTED_EDGE('',*,*,#3308,.F.);
#4599=ORIENTED_EDGE('',*,*,#3317,.F.);
#4600=ORIENTED_EDGE('',*,*,#3346,.T.);
#4601=ORIENTED_EDGE('',*,*,#3347,.T.);
#4602=ORIENTED_EDGE('',*,*,#3339,.T.);
#4603=ORIENTED_EDGE('',*,*,#3348,.T.);
#4604=ORIENTED_EDGE('',*,*,#3342,.T.);
#4605=ORIENTED_EDGE('',*,*,#3349,.T.);
#4606=ORIENTED_EDGE('',*,*,#3350,.T.);
#4607=ORIENTED_EDGE('',*,*,#3348,.F.);
#4608=ORIENTED_EDGE('',*,*,#3351,.T.);
#4609=ORIENTED_EDGE('',*,*,#3349,.F.);
#4610=ORIENTED_EDGE('',*,*,#3341,.T.);
#4611=ORIENTED_EDGE('',*,*,#3352,.T.);
#4612=ORIENTED_EDGE('',*,*,#3353,.T.);
#4613=ORIENTED_EDGE('',*,*,#3352,.F.);
#4614=ORIENTED_EDGE('',*,*,#3340,.T.);
#4615=ORIENTED_EDGE('',*,*,#3347,.F.);
#4616=ORIENTED_EDGE('',*,*,#3353,.F.);
#4617=ORIENTED_EDGE('',*,*,#3354,.T.);
#4618=ORIENTED_EDGE('',*,*,#3355,.F.);
#4619=ORIENTED_EDGE('',*,*,#3356,.F.);
#4620=ORIENTED_EDGE('',*,*,#3346,.F.);
#4621=ORIENTED_EDGE('',*,*,#3357,.T.);
#4622=ORIENTED_EDGE('',*,*,#3358,.F.);
#4623=ORIENTED_EDGE('',*,*,#3354,.F.);
#4624=ORIENTED_EDGE('',*,*,#3359,.T.);
#4625=ORIENTED_EDGE('',*,*,#3360,.T.);
#4626=ORIENTED_EDGE('',*,*,#3361,.T.);
#4627=ORIENTED_EDGE('',*,*,#3362,.F.);
#4628=ORIENTED_EDGE('',*,*,#3363,.T.);
#4629=ORIENTED_EDGE('',*,*,#3364,.T.);
#4630=ORIENTED_EDGE('',*,*,#3365,.T.);
#4631=ORIENTED_EDGE('',*,*,#3360,.F.);
#4632=ORIENTED_EDGE('',*,*,#3366,.T.);
#4633=ORIENTED_EDGE('',*,*,#3367,.T.);
#4634=ORIENTED_EDGE('',*,*,#3358,.T.);
#4635=ORIENTED_EDGE('',*,*,#3364,.F.);
#4636=ORIENTED_EDGE('',*,*,#3355,.T.);
#4637=ORIENTED_EDGE('',*,*,#3367,.F.);
#4638=ORIENTED_EDGE('',*,*,#3368,.T.);
#4639=ORIENTED_EDGE('',*,*,#3362,.T.);
#4640=ORIENTED_EDGE('',*,*,#3351,.F.);
#4641=ORIENTED_EDGE('',*,*,#3356,.T.);
#4642=ORIENTED_EDGE('',*,*,#3361,.F.);
#4643=ORIENTED_EDGE('',*,*,#3369,.F.);
#4644=ORIENTED_EDGE('',*,*,#3370,.F.);
#4645=ORIENTED_EDGE('',*,*,#3371,.F.);
#4646=ORIENTED_EDGE('',*,*,#3372,.F.);
#4647=ORIENTED_EDGE('',*,*,#3373,.F.);
#4648=ORIENTED_EDGE('',*,*,#3374,.F.);
#4649=ORIENTED_EDGE('',*,*,#3375,.F.);
#4650=ORIENTED_EDGE('',*,*,#3376,.F.);
#4651=ORIENTED_EDGE('',*,*,#3377,.F.);
#4652=ORIENTED_EDGE('',*,*,#3359,.F.);
#4653=ORIENTED_EDGE('',*,*,#3368,.F.);
#4654=ORIENTED_EDGE('',*,*,#3366,.F.);
#4655=ORIENTED_EDGE('',*,*,#3363,.F.);
#4656=ORIENTED_EDGE('',*,*,#3378,.T.);
#4657=ORIENTED_EDGE('',*,*,#3379,.T.);
#4658=ORIENTED_EDGE('',*,*,#3380,.T.);
#4659=ORIENTED_EDGE('',*,*,#3381,.T.);
#4660=ORIENTED_EDGE('',*,*,#3382,.T.);
#4661=ORIENTED_EDGE('',*,*,#3383,.T.);
#4662=ORIENTED_EDGE('',*,*,#3384,.F.);
#4663=ORIENTED_EDGE('',*,*,#3385,.F.);
#4664=ORIENTED_EDGE('',*,*,#3386,.F.);
#4665=ORIENTED_EDGE('',*,*,#3387,.F.);
#4666=ORIENTED_EDGE('',*,*,#3388,.F.);
#4667=ORIENTED_EDGE('',*,*,#3389,.F.);
#4668=ORIENTED_EDGE('',*,*,#3390,.F.);
#4669=ORIENTED_EDGE('',*,*,#3391,.F.);
#4670=ORIENTED_EDGE('',*,*,#3282,.T.);
#4671=ORIENTED_EDGE('',*,*,#3304,.T.);
#4672=ORIENTED_EDGE('',*,*,#3301,.T.);
#4673=ORIENTED_EDGE('',*,*,#3298,.T.);
#4674=ORIENTED_EDGE('',*,*,#3295,.T.);
#4675=ORIENTED_EDGE('',*,*,#3292,.T.);
#4676=ORIENTED_EDGE('',*,*,#3289,.T.);
#4677=ORIENTED_EDGE('',*,*,#3286,.T.);
#4678=ORIENTED_EDGE('',*,*,#3237,.T.);
#4679=ORIENTED_EDGE('',*,*,#3280,.T.);
#4680=ORIENTED_EDGE('',*,*,#3277,.T.);
#4681=ORIENTED_EDGE('',*,*,#3274,.T.);
#4682=ORIENTED_EDGE('',*,*,#3271,.T.);
#4683=ORIENTED_EDGE('',*,*,#3268,.T.);
#4684=ORIENTED_EDGE('',*,*,#3265,.T.);
#4685=ORIENTED_EDGE('',*,*,#3262,.T.);
#4686=ORIENTED_EDGE('',*,*,#3259,.T.);
#4687=ORIENTED_EDGE('',*,*,#3256,.T.);
#4688=ORIENTED_EDGE('',*,*,#3253,.T.);
#4689=ORIENTED_EDGE('',*,*,#3250,.T.);
#4690=ORIENTED_EDGE('',*,*,#3247,.T.);
#4691=ORIENTED_EDGE('',*,*,#3244,.T.);
#4692=ORIENTED_EDGE('',*,*,#3241,.T.);
#4693=ORIENTED_EDGE('',*,*,#3168,.T.);
#4694=ORIENTED_EDGE('',*,*,#3220,.T.);
#4695=ORIENTED_EDGE('',*,*,#3217,.T.);
#4696=ORIENTED_EDGE('',*,*,#3214,.T.);
#4697=ORIENTED_EDGE('',*,*,#3211,.T.);
#4698=ORIENTED_EDGE('',*,*,#3208,.T.);
#4699=ORIENTED_EDGE('',*,*,#3205,.T.);
#4700=ORIENTED_EDGE('',*,*,#3202,.T.);
#4701=ORIENTED_EDGE('',*,*,#3199,.T.);
#4702=ORIENTED_EDGE('',*,*,#3196,.T.);
#4703=ORIENTED_EDGE('',*,*,#3193,.T.);
#4704=ORIENTED_EDGE('',*,*,#3190,.T.);
#4705=ORIENTED_EDGE('',*,*,#3187,.T.);
#4706=ORIENTED_EDGE('',*,*,#3184,.T.);
#4707=ORIENTED_EDGE('',*,*,#3181,.T.);
#4708=ORIENTED_EDGE('',*,*,#3178,.T.);
#4709=ORIENTED_EDGE('',*,*,#3175,.T.);
#4710=ORIENTED_EDGE('',*,*,#3172,.T.);
#4711=ORIENTED_EDGE('',*,*,#3114,.T.);
#4712=ORIENTED_EDGE('',*,*,#3166,.T.);
#4713=ORIENTED_EDGE('',*,*,#3163,.T.);
#4714=ORIENTED_EDGE('',*,*,#3160,.T.);
#4715=ORIENTED_EDGE('',*,*,#3157,.T.);
#4716=ORIENTED_EDGE('',*,*,#3154,.T.);
#4717=ORIENTED_EDGE('',*,*,#3151,.T.);
#4718=ORIENTED_EDGE('',*,*,#3148,.T.);
#4719=ORIENTED_EDGE('',*,*,#3145,.T.);
#4720=ORIENTED_EDGE('',*,*,#3142,.T.);
#4721=ORIENTED_EDGE('',*,*,#3139,.T.);
#4722=ORIENTED_EDGE('',*,*,#3136,.T.);
#4723=ORIENTED_EDGE('',*,*,#3133,.T.);
#4724=ORIENTED_EDGE('',*,*,#3130,.T.);
#4725=ORIENTED_EDGE('',*,*,#3127,.T.);
#4726=ORIENTED_EDGE('',*,*,#3124,.T.);
#4727=ORIENTED_EDGE('',*,*,#3121,.T.);
#4728=ORIENTED_EDGE('',*,*,#3118,.T.);
#4729=ORIENTED_EDGE('',*,*,#3033,.T.);
#4730=ORIENTED_EDGE('',*,*,#3112,.T.);
#4731=ORIENTED_EDGE('',*,*,#3109,.T.);
#4732=ORIENTED_EDGE('',*,*,#3106,.T.);
#4733=ORIENTED_EDGE('',*,*,#3103,.T.);
#4734=ORIENTED_EDGE('',*,*,#3100,.T.);
#4735=ORIENTED_EDGE('',*,*,#3097,.T.);
#4736=ORIENTED_EDGE('',*,*,#3094,.T.);
#4737=ORIENTED_EDGE('',*,*,#3091,.T.);
#4738=ORIENTED_EDGE('',*,*,#3088,.T.);
#4739=ORIENTED_EDGE('',*,*,#3085,.T.);
#4740=ORIENTED_EDGE('',*,*,#3082,.T.);
#4741=ORIENTED_EDGE('',*,*,#3079,.T.);
#4742=ORIENTED_EDGE('',*,*,#3076,.T.);
#4743=ORIENTED_EDGE('',*,*,#3073,.T.);
#4744=ORIENTED_EDGE('',*,*,#3070,.T.);
#4745=ORIENTED_EDGE('',*,*,#3067,.T.);
#4746=ORIENTED_EDGE('',*,*,#3064,.T.);
#4747=ORIENTED_EDGE('',*,*,#3061,.T.);
#4748=ORIENTED_EDGE('',*,*,#3058,.T.);
#4749=ORIENTED_EDGE('',*,*,#3055,.T.);
#4750=ORIENTED_EDGE('',*,*,#3052,.T.);
#4751=ORIENTED_EDGE('',*,*,#3049,.T.);
#4752=ORIENTED_EDGE('',*,*,#3046,.T.);
#4753=ORIENTED_EDGE('',*,*,#3043,.T.);
#4754=ORIENTED_EDGE('',*,*,#3040,.T.);
#4755=ORIENTED_EDGE('',*,*,#3037,.T.);
#4756=ORIENTED_EDGE('',*,*,#2958,.T.);
#4757=ORIENTED_EDGE('',*,*,#3001,.T.);
#4758=ORIENTED_EDGE('',*,*,#2998,.T.);
#4759=ORIENTED_EDGE('',*,*,#2995,.T.);
#4760=ORIENTED_EDGE('',*,*,#2992,.T.);
#4761=ORIENTED_EDGE('',*,*,#2989,.T.);
#4762=ORIENTED_EDGE('',*,*,#2986,.T.);
#4763=ORIENTED_EDGE('',*,*,#2983,.T.);
#4764=ORIENTED_EDGE('',*,*,#2980,.T.);
#4765=ORIENTED_EDGE('',*,*,#2977,.T.);
#4766=ORIENTED_EDGE('',*,*,#2974,.T.);
#4767=ORIENTED_EDGE('',*,*,#2971,.T.);
#4768=ORIENTED_EDGE('',*,*,#2968,.T.);
#4769=ORIENTED_EDGE('',*,*,#2965,.T.);
#4770=ORIENTED_EDGE('',*,*,#2962,.T.);
#4771=ORIENTED_EDGE('',*,*,#2931,.T.);
#4772=ORIENTED_EDGE('',*,*,#2941,.T.);
#4773=ORIENTED_EDGE('',*,*,#2938,.T.);
#4774=ORIENTED_EDGE('',*,*,#2935,.T.);
#4775=ORIENTED_EDGE('',*,*,#2886,.T.);
#4776=ORIENTED_EDGE('',*,*,#2929,.T.);
#4777=ORIENTED_EDGE('',*,*,#2926,.T.);
#4778=ORIENTED_EDGE('',*,*,#2923,.T.);
#4779=ORIENTED_EDGE('',*,*,#2920,.T.);
#4780=ORIENTED_EDGE('',*,*,#2917,.T.);
#4781=ORIENTED_EDGE('',*,*,#2914,.T.);
#4782=ORIENTED_EDGE('',*,*,#2911,.T.);
#4783=ORIENTED_EDGE('',*,*,#2908,.T.);
#4784=ORIENTED_EDGE('',*,*,#2905,.T.);
#4785=ORIENTED_EDGE('',*,*,#2902,.T.);
#4786=ORIENTED_EDGE('',*,*,#2899,.T.);
#4787=ORIENTED_EDGE('',*,*,#2896,.T.);
#4788=ORIENTED_EDGE('',*,*,#2893,.T.);
#4789=ORIENTED_EDGE('',*,*,#2890,.T.);
#4790=ORIENTED_EDGE('',*,*,#2832,.T.);
#4791=ORIENTED_EDGE('',*,*,#2869,.T.);
#4792=ORIENTED_EDGE('',*,*,#2866,.T.);
#4793=ORIENTED_EDGE('',*,*,#2863,.T.);
#4794=ORIENTED_EDGE('',*,*,#2860,.T.);
#4795=ORIENTED_EDGE('',*,*,#2857,.T.);
#4796=ORIENTED_EDGE('',*,*,#2854,.T.);
#4797=ORIENTED_EDGE('',*,*,#2851,.T.);
#4798=ORIENTED_EDGE('',*,*,#2848,.T.);
#4799=ORIENTED_EDGE('',*,*,#2845,.T.);
#4800=ORIENTED_EDGE('',*,*,#2842,.T.);
#4801=ORIENTED_EDGE('',*,*,#2839,.T.);
#4802=ORIENTED_EDGE('',*,*,#2836,.T.);
#4803=ORIENTED_EDGE('',*,*,#2808,.T.);
#4804=ORIENTED_EDGE('',*,*,#2830,.T.);
#4805=ORIENTED_EDGE('',*,*,#2827,.T.);
#4806=ORIENTED_EDGE('',*,*,#2824,.T.);
#4807=ORIENTED_EDGE('',*,*,#2821,.T.);
#4808=ORIENTED_EDGE('',*,*,#2818,.T.);
#4809=ORIENTED_EDGE('',*,*,#2815,.T.);
#4810=ORIENTED_EDGE('',*,*,#2812,.T.);
#4811=ORIENTED_EDGE('',*,*,#2742,.T.);
#4812=ORIENTED_EDGE('',*,*,#2791,.T.);
#4813=ORIENTED_EDGE('',*,*,#2788,.T.);
#4814=ORIENTED_EDGE('',*,*,#2785,.T.);
#4815=ORIENTED_EDGE('',*,*,#2782,.T.);
#4816=ORIENTED_EDGE('',*,*,#2779,.T.);
#4817=ORIENTED_EDGE('',*,*,#2776,.T.);
#4818=ORIENTED_EDGE('',*,*,#2773,.T.);
#4819=ORIENTED_EDGE('',*,*,#2770,.T.);
#4820=ORIENTED_EDGE('',*,*,#2767,.T.);
#4821=ORIENTED_EDGE('',*,*,#2764,.T.);
#4822=ORIENTED_EDGE('',*,*,#2761,.T.);
#4823=ORIENTED_EDGE('',*,*,#2758,.T.);
#4824=ORIENTED_EDGE('',*,*,#2755,.T.);
#4825=ORIENTED_EDGE('',*,*,#2752,.T.);
#4826=ORIENTED_EDGE('',*,*,#2749,.T.);
#4827=ORIENTED_EDGE('',*,*,#2746,.T.);
#4828=ORIENTED_EDGE('',*,*,#3390,.T.);
#4829=ORIENTED_EDGE('',*,*,#3392,.T.);
#4830=ORIENTED_EDGE('',*,*,#3322,.T.);
#4831=ORIENTED_EDGE('',*,*,#3393,.F.);
#4832=ORIENTED_EDGE('',*,*,#3389,.T.);
#4833=ORIENTED_EDGE('',*,*,#3394,.T.);
#4834=ORIENTED_EDGE('',*,*,#3319,.T.);
#4835=ORIENTED_EDGE('',*,*,#3392,.F.);
#4836=ORIENTED_EDGE('',*,*,#3388,.T.);
#4837=ORIENTED_EDGE('',*,*,#3395,.T.);
#4838=ORIENTED_EDGE('',*,*,#3396,.T.);
#4839=ORIENTED_EDGE('',*,*,#3394,.F.);
#4840=ORIENTED_EDGE('',*,*,#3397,.T.);
#4841=ORIENTED_EDGE('',*,*,#3395,.F.);
#4842=ORIENTED_EDGE('',*,*,#3391,.T.);
#4843=ORIENTED_EDGE('',*,*,#3393,.T.);
#4844=ORIENTED_EDGE('',*,*,#3312,.F.);
#4845=ORIENTED_EDGE('',*,*,#3398,.T.);
#4846=ORIENTED_EDGE('',*,*,#3397,.F.);
#4847=ORIENTED_EDGE('',*,*,#3321,.F.);
#4848=ORIENTED_EDGE('',*,*,#3399,.T.);
#4849=ORIENTED_EDGE('',*,*,#3400,.T.);
#4850=ORIENTED_EDGE('',*,*,#3401,.T.);
#4851=ORIENTED_EDGE('',*,*,#3402,.T.);
#4852=ORIENTED_EDGE('',*,*,#3403,.T.);
#4853=ORIENTED_EDGE('',*,*,#3404,.T.);
#4854=ORIENTED_EDGE('',*,*,#3401,.F.);
#4855=ORIENTED_EDGE('',*,*,#3405,.T.);
#4856=ORIENTED_EDGE('',*,*,#3403,.F.);
#4857=ORIENTED_EDGE('',*,*,#3406,.T.);
#4858=ORIENTED_EDGE('',*,*,#3407,.T.);
#4859=ORIENTED_EDGE('',*,*,#3406,.F.);
#4860=ORIENTED_EDGE('',*,*,#3408,.T.);
#4861=ORIENTED_EDGE('',*,*,#3409,.T.);
#4862=ORIENTED_EDGE('',*,*,#3335,.T.);
#4863=ORIENTED_EDGE('',*,*,#3405,.F.);
#4864=ORIENTED_EDGE('',*,*,#3400,.F.);
#4865=ORIENTED_EDGE('',*,*,#3410,.F.);
#4866=ORIENTED_EDGE('',*,*,#3411,.F.);
#4867=ORIENTED_EDGE('',*,*,#3412,.F.);
#4868=ORIENTED_EDGE('',*,*,#3413,.F.);
#4869=ORIENTED_EDGE('',*,*,#3414,.F.);
#4870=ORIENTED_EDGE('',*,*,#3338,.F.);
#4871=ORIENTED_EDGE('',*,*,#3415,.T.);
#4872=ORIENTED_EDGE('',*,*,#3408,.F.);
#4873=ORIENTED_EDGE('',*,*,#3323,.F.);
#4874=ORIENTED_EDGE('',*,*,#3414,.T.);
#4875=ORIENTED_EDGE('',*,*,#3416,.T.);
#4876=ORIENTED_EDGE('',*,*,#3417,.T.);
#4877=ORIENTED_EDGE('',*,*,#3418,.F.);
#4878=ORIENTED_EDGE('',*,*,#3419,.T.);
#4879=ORIENTED_EDGE('',*,*,#3420,.T.);
#4880=ORIENTED_EDGE('',*,*,#3416,.F.);
#4881=ORIENTED_EDGE('',*,*,#3413,.T.);
#4882=ORIENTED_EDGE('',*,*,#3421,.F.);
#4883=ORIENTED_EDGE('',*,*,#3422,.F.);
#4884=ORIENTED_EDGE('',*,*,#3423,.T.);
#4885=ORIENTED_EDGE('',*,*,#3424,.F.);
#4886=ORIENTED_EDGE('',*,*,#3425,.T.);
#4887=ORIENTED_EDGE('',*,*,#3426,.T.);
#4888=ORIENTED_EDGE('',*,*,#3422,.T.);
#4889=ORIENTED_EDGE('',*,*,#3427,.T.);
#4890=ORIENTED_EDGE('',*,*,#3428,.T.);
#4891=ORIENTED_EDGE('',*,*,#3429,.T.);
#4892=ORIENTED_EDGE('',*,*,#3425,.F.);
#4893=ORIENTED_EDGE('',*,*,#3430,.T.);
#4894=ORIENTED_EDGE('',*,*,#3431,.T.);
#4895=ORIENTED_EDGE('',*,*,#3432,.T.);
#4896=ORIENTED_EDGE('',*,*,#3428,.F.);
#4897=ORIENTED_EDGE('',*,*,#3433,.T.);
#4898=ORIENTED_EDGE('',*,*,#3420,.F.);
#4899=ORIENTED_EDGE('',*,*,#3434,.T.);
#4900=ORIENTED_EDGE('',*,*,#3431,.F.);
#4901=ORIENTED_EDGE('',*,*,#3435,.T.);
#4902=ORIENTED_EDGE('',*,*,#3436,.F.);
#4903=ORIENTED_EDGE('',*,*,#3437,.F.);
#4904=ORIENTED_EDGE('',*,*,#3438,.T.);
#4905=ORIENTED_EDGE('',*,*,#3439,.F.);
#4906=ORIENTED_EDGE('',*,*,#3424,.T.);
#4907=ORIENTED_EDGE('',*,*,#3440,.T.);
#4908=ORIENTED_EDGE('',*,*,#3437,.T.);
#4909=ORIENTED_EDGE('',*,*,#3325,.T.);
#4910=ORIENTED_EDGE('',*,*,#3402,.F.);
#4911=ORIENTED_EDGE('',*,*,#3441,.T.);
#4912=ORIENTED_EDGE('',*,*,#3442,.T.);
#4913=ORIENTED_EDGE('',*,*,#3443,.T.);
#4914=ORIENTED_EDGE('',*,*,#3444,.T.);
#4915=ORIENTED_EDGE('',*,*,#3445,.T.);
#4916=ORIENTED_EDGE('',*,*,#3442,.F.);
#4917=ORIENTED_EDGE('',*,*,#3446,.T.);
#4918=ORIENTED_EDGE('',*,*,#3447,.T.);
#4919=ORIENTED_EDGE('',*,*,#3448,.T.);
#4920=ORIENTED_EDGE('',*,*,#3444,.F.);
#4921=ORIENTED_EDGE('',*,*,#3449,.T.);
#4922=ORIENTED_EDGE('',*,*,#3439,.T.);
#4923=ORIENTED_EDGE('',*,*,#3450,.T.);
#4924=ORIENTED_EDGE('',*,*,#3447,.F.);
#4925=ORIENTED_EDGE('',*,*,#3451,.T.);
#4926=ORIENTED_EDGE('',*,*,#3452,.T.);
#4927=ORIENTED_EDGE('',*,*,#3326,.T.);
#4928=ORIENTED_EDGE('',*,*,#3436,.T.);
#4929=ORIENTED_EDGE('',*,*,#3453,.T.);
#4930=ORIENTED_EDGE('',*,*,#3418,.T.);
#4931=ORIENTED_EDGE('',*,*,#3454,.T.);
#4932=ORIENTED_EDGE('',*,*,#3421,.T.);
#4933=ORIENTED_EDGE('',*,*,#3324,.T.);
#4934=ORIENTED_EDGE('',*,*,#3455,.T.);
#4935=ORIENTED_EDGE('',*,*,#3456,.T.);
#4936=ORIENTED_EDGE('',*,*,#3457,.T.);
#4937=ORIENTED_EDGE('',*,*,#3458,.T.);
#4938=ORIENTED_EDGE('',*,*,#3459,.T.);
#4939=ORIENTED_EDGE('',*,*,#3460,.T.);
#4940=ORIENTED_EDGE('',*,*,#3457,.F.);
#4941=ORIENTED_EDGE('',*,*,#3461,.T.);
#4942=ORIENTED_EDGE('',*,*,#3459,.F.);
#4943=ORIENTED_EDGE('',*,*,#3462,.T.);
#4944=ORIENTED_EDGE('',*,*,#3463,.T.);
#4945=ORIENTED_EDGE('',*,*,#3464,.T.);
#4946=ORIENTED_EDGE('',*,*,#3455,.F.);
#4947=ORIENTED_EDGE('',*,*,#3465,.T.);
#4948=ORIENTED_EDGE('',*,*,#3452,.F.);
#4949=ORIENTED_EDGE('',*,*,#3466,.T.);
#4950=ORIENTED_EDGE('',*,*,#3407,.F.);
#4951=ORIENTED_EDGE('',*,*,#3334,.T.);
#4952=ORIENTED_EDGE('',*,*,#3467,.T.);
#4953=ORIENTED_EDGE('',*,*,#3468,.T.);
#4954=ORIENTED_EDGE('',*,*,#3467,.F.);
#4955=ORIENTED_EDGE('',*,*,#3469,.T.);
#4956=ORIENTED_EDGE('',*,*,#3463,.F.);
#4957=ORIENTED_EDGE('',*,*,#3470,.T.);
#4958=ORIENTED_EDGE('',*,*,#3429,.F.);
#4959=ORIENTED_EDGE('',*,*,#3471,.T.);
#4960=ORIENTED_EDGE('',*,*,#3472,.F.);
#4961=ORIENTED_EDGE('',*,*,#3473,.T.);
#4962=ORIENTED_EDGE('',*,*,#3432,.F.);
#4963=ORIENTED_EDGE('',*,*,#3474,.F.);
#4964=ORIENTED_EDGE('',*,*,#3475,.F.);
#4965=ORIENTED_EDGE('',*,*,#3471,.F.);
#4966=ORIENTED_EDGE('',*,*,#3419,.F.);
#4967=ORIENTED_EDGE('',*,*,#3412,.T.);
#4968=ORIENTED_EDGE('',*,*,#3476,.T.);
#4969=ORIENTED_EDGE('',*,*,#3477,.F.);
#4970=ORIENTED_EDGE('',*,*,#3474,.T.);
#4971=ORIENTED_EDGE('',*,*,#3434,.F.);
#4972=ORIENTED_EDGE('',*,*,#3417,.F.);
#4973=ORIENTED_EDGE('',*,*,#3435,.F.);
#4974=ORIENTED_EDGE('',*,*,#3433,.F.);
#4975=ORIENTED_EDGE('',*,*,#3430,.F.);
#4976=ORIENTED_EDGE('',*,*,#3427,.F.);
#4977=ORIENTED_EDGE('',*,*,#3454,.F.);
#4978=ORIENTED_EDGE('',*,*,#3465,.F.);
#4979=ORIENTED_EDGE('',*,*,#3478,.T.);
#4980=ORIENTED_EDGE('',*,*,#3479,.T.);
#4981=ORIENTED_EDGE('',*,*,#3480,.F.);
#4982=ORIENTED_EDGE('',*,*,#3327,.T.);
#4983=ORIENTED_EDGE('',*,*,#3458,.F.);
#4984=ORIENTED_EDGE('',*,*,#3481,.T.);
#4985=ORIENTED_EDGE('',*,*,#3482,.T.);
#4986=ORIENTED_EDGE('',*,*,#3478,.F.);
#4987=ORIENTED_EDGE('',*,*,#3460,.F.);
#4988=ORIENTED_EDGE('',*,*,#3483,.F.);
#4989=ORIENTED_EDGE('',*,*,#3484,.T.);
#4990=ORIENTED_EDGE('',*,*,#3481,.F.);
#4991=ORIENTED_EDGE('',*,*,#3464,.F.);
#4992=ORIENTED_EDGE('',*,*,#3485,.F.);
#4993=ORIENTED_EDGE('',*,*,#3486,.T.);
#4994=ORIENTED_EDGE('',*,*,#3483,.T.);
#4995=ORIENTED_EDGE('',*,*,#3469,.F.);
#4996=ORIENTED_EDGE('',*,*,#3333,.T.);
#4997=ORIENTED_EDGE('',*,*,#3487,.T.);
#4998=ORIENTED_EDGE('',*,*,#3488,.T.);
#4999=ORIENTED_EDGE('',*,*,#3485,.T.);
#5000=ORIENTED_EDGE('',*,*,#3489,.T.);
#5001=ORIENTED_EDGE('',*,*,#3370,.T.);
#5002=ORIENTED_EDGE('',*,*,#3490,.T.);
#5003=ORIENTED_EDGE('',*,*,#3491,.T.);
#5004=ORIENTED_EDGE('',*,*,#3489,.F.);
#5005=ORIENTED_EDGE('',*,*,#3472,.T.);
#5006=ORIENTED_EDGE('',*,*,#3492,.T.);
#5007=ORIENTED_EDGE('',*,*,#3371,.T.);
#5008=ORIENTED_EDGE('',*,*,#3493,.T.);
#5009=ORIENTED_EDGE('',*,*,#3372,.T.);
#5010=ORIENTED_EDGE('',*,*,#3492,.F.);
#5011=ORIENTED_EDGE('',*,*,#3475,.T.);
#5012=ORIENTED_EDGE('',*,*,#3493,.F.);
#5013=ORIENTED_EDGE('',*,*,#3477,.T.);
#5014=ORIENTED_EDGE('',*,*,#3494,.T.);
#5015=ORIENTED_EDGE('',*,*,#3373,.T.);
#5016=ORIENTED_EDGE('',*,*,#3495,.T.);
#5017=ORIENTED_EDGE('',*,*,#3374,.T.);
#5018=ORIENTED_EDGE('',*,*,#3494,.F.);
#5019=ORIENTED_EDGE('',*,*,#3496,.T.);
#5020=ORIENTED_EDGE('',*,*,#3495,.F.);
#5021=ORIENTED_EDGE('',*,*,#3497,.T.);
#5022=ORIENTED_EDGE('',*,*,#3498,.T.);
#5023=ORIENTED_EDGE('',*,*,#3375,.T.);
#5024=ORIENTED_EDGE('',*,*,#3499,.T.);
#5025=ORIENTED_EDGE('',*,*,#3376,.T.);
#5026=ORIENTED_EDGE('',*,*,#3498,.F.);
#5027=ORIENTED_EDGE('',*,*,#3500,.T.);
#5028=ORIENTED_EDGE('',*,*,#3499,.F.);
#5029=ORIENTED_EDGE('',*,*,#3501,.T.);
#5030=ORIENTED_EDGE('',*,*,#3490,.F.);
#5031=ORIENTED_EDGE('',*,*,#3377,.T.);
#5032=ORIENTED_EDGE('',*,*,#3426,.F.);
#5033=ORIENTED_EDGE('',*,*,#3473,.F.);
#5034=ORIENTED_EDGE('',*,*,#3491,.F.);
#5035=ORIENTED_EDGE('',*,*,#3502,.F.);
#5036=ORIENTED_EDGE('',*,*,#3450,.F.);
#5037=ORIENTED_EDGE('',*,*,#3438,.F.);
#5038=ORIENTED_EDGE('',*,*,#3440,.F.);
#5039=ORIENTED_EDGE('',*,*,#3423,.F.);
#5040=ORIENTED_EDGE('',*,*,#3384,.T.);
#5041=ORIENTED_EDGE('',*,*,#3503,.T.);
#5042=ORIENTED_EDGE('',*,*,#3504,.T.);
#5043=ORIENTED_EDGE('',*,*,#3505,.F.);
#5044=ORIENTED_EDGE('',*,*,#3387,.T.);
#5045=ORIENTED_EDGE('',*,*,#3506,.T.);
#5046=ORIENTED_EDGE('',*,*,#3507,.T.);
#5047=ORIENTED_EDGE('',*,*,#3503,.F.);
#5048=ORIENTED_EDGE('',*,*,#3386,.T.);
#5049=ORIENTED_EDGE('',*,*,#3508,.T.);
#5050=ORIENTED_EDGE('',*,*,#3509,.T.);
#5051=ORIENTED_EDGE('',*,*,#3506,.F.);
#5052=ORIENTED_EDGE('',*,*,#3510,.T.);
#5053=ORIENTED_EDGE('',*,*,#3508,.F.);
#5054=ORIENTED_EDGE('',*,*,#3385,.T.);
#5055=ORIENTED_EDGE('',*,*,#3505,.T.);
#5056=ORIENTED_EDGE('',*,*,#3510,.F.);
#5057=ORIENTED_EDGE('',*,*,#3511,.F.);
#5058=ORIENTED_EDGE('',*,*,#3512,.F.);
#5059=ORIENTED_EDGE('',*,*,#3513,.T.);
#5060=ORIENTED_EDGE('',*,*,#3504,.F.);
#5061=ORIENTED_EDGE('',*,*,#3514,.T.);
#5062=ORIENTED_EDGE('',*,*,#3515,.F.);
#5063=ORIENTED_EDGE('',*,*,#3511,.T.);
#5064=ORIENTED_EDGE('',*,*,#3516,.T.);
#5065=ORIENTED_EDGE('',*,*,#3517,.T.);
#5066=ORIENTED_EDGE('',*,*,#3518,.T.);
#5067=ORIENTED_EDGE('',*,*,#3519,.F.);
#5068=ORIENTED_EDGE('',*,*,#3520,.T.);
#5069=ORIENTED_EDGE('',*,*,#3521,.T.);
#5070=ORIENTED_EDGE('',*,*,#3522,.T.);
#5071=ORIENTED_EDGE('',*,*,#3517,.F.);
#5072=ORIENTED_EDGE('',*,*,#3523,.T.);
#5073=ORIENTED_EDGE('',*,*,#3524,.T.);
#5074=ORIENTED_EDGE('',*,*,#3515,.T.);
#5075=ORIENTED_EDGE('',*,*,#3521,.F.);
#5076=ORIENTED_EDGE('',*,*,#3512,.T.);
#5077=ORIENTED_EDGE('',*,*,#3524,.F.);
#5078=ORIENTED_EDGE('',*,*,#3525,.T.);
#5079=ORIENTED_EDGE('',*,*,#3519,.T.);
#5080=ORIENTED_EDGE('',*,*,#3509,.F.);
#5081=ORIENTED_EDGE('',*,*,#3513,.F.);
#5082=ORIENTED_EDGE('',*,*,#3518,.F.);
#5083=ORIENTED_EDGE('',*,*,#3526,.T.);
#5084=ORIENTED_EDGE('',*,*,#3527,.F.);
#5085=ORIENTED_EDGE('',*,*,#3528,.F.);
#5086=ORIENTED_EDGE('',*,*,#3529,.F.);
#5087=ORIENTED_EDGE('',*,*,#3530,.F.);
#5088=ORIENTED_EDGE('',*,*,#3531,.F.);
#5089=ORIENTED_EDGE('',*,*,#3532,.F.);
#5090=ORIENTED_EDGE('',*,*,#3533,.F.);
#5091=ORIENTED_EDGE('',*,*,#3534,.F.);
#5092=ORIENTED_EDGE('',*,*,#3516,.F.);
#5093=ORIENTED_EDGE('',*,*,#3525,.F.);
#5094=ORIENTED_EDGE('',*,*,#3523,.F.);
#5095=ORIENTED_EDGE('',*,*,#3520,.F.);
#5096=ORIENTED_EDGE('',*,*,#3535,.T.);
#5097=ORIENTED_EDGE('',*,*,#3527,.T.);
#5098=ORIENTED_EDGE('',*,*,#3536,.T.);
#5099=ORIENTED_EDGE('',*,*,#3537,.T.);
#5100=ORIENTED_EDGE('',*,*,#3538,.T.);
#5101=ORIENTED_EDGE('',*,*,#3539,.T.);
#5102=ORIENTED_EDGE('',*,*,#3536,.F.);
#5103=ORIENTED_EDGE('',*,*,#3534,.T.);
#5104=ORIENTED_EDGE('',*,*,#3540,.T.);
#5105=ORIENTED_EDGE('',*,*,#3541,.T.);
#5106=ORIENTED_EDGE('',*,*,#3538,.F.);
#5107=ORIENTED_EDGE('',*,*,#3533,.T.);
#5108=ORIENTED_EDGE('',*,*,#3542,.T.);
#5109=ORIENTED_EDGE('',*,*,#3543,.T.);
#5110=ORIENTED_EDGE('',*,*,#3540,.F.);
#5111=ORIENTED_EDGE('',*,*,#3532,.T.);
#5112=ORIENTED_EDGE('',*,*,#3544,.T.);
#5113=ORIENTED_EDGE('',*,*,#3545,.T.);
#5114=ORIENTED_EDGE('',*,*,#3542,.F.);
#5115=ORIENTED_EDGE('',*,*,#3531,.T.);
#5116=ORIENTED_EDGE('',*,*,#3546,.T.);
#5117=ORIENTED_EDGE('',*,*,#3547,.T.);
#5118=ORIENTED_EDGE('',*,*,#3544,.F.);
#5119=ORIENTED_EDGE('',*,*,#3530,.T.);
#5120=ORIENTED_EDGE('',*,*,#3548,.T.);
#5121=ORIENTED_EDGE('',*,*,#3549,.T.);
#5122=ORIENTED_EDGE('',*,*,#3546,.F.);
#5123=ORIENTED_EDGE('',*,*,#3529,.T.);
#5124=ORIENTED_EDGE('',*,*,#3548,.F.);
#5125=ORIENTED_EDGE('',*,*,#3528,.T.);
#5126=ORIENTED_EDGE('',*,*,#3535,.F.);
#5127=ORIENTED_EDGE('',*,*,#3550,.T.);
#5128=ORIENTED_EDGE('',*,*,#3547,.F.);
#5129=ORIENTED_EDGE('',*,*,#3551,.F.);
#5130=ORIENTED_EDGE('',*,*,#3552,.F.);
#5131=ORIENTED_EDGE('',*,*,#3553,.F.);
#5132=ORIENTED_EDGE('',*,*,#3549,.F.);
#5133=ORIENTED_EDGE('',*,*,#3554,.T.);
#5134=ORIENTED_EDGE('',*,*,#3555,.F.);
#5135=ORIENTED_EDGE('',*,*,#3551,.T.);
#5136=ORIENTED_EDGE('',*,*,#3550,.F.);
#5137=ORIENTED_EDGE('',*,*,#3556,.F.);
#5138=ORIENTED_EDGE('',*,*,#3557,.F.);
#5139=ORIENTED_EDGE('',*,*,#3554,.F.);
#5140=ORIENTED_EDGE('',*,*,#3537,.F.);
#5141=ORIENTED_EDGE('',*,*,#3558,.T.);
#5142=ORIENTED_EDGE('',*,*,#3559,.F.);
#5143=ORIENTED_EDGE('',*,*,#3556,.T.);
#5144=ORIENTED_EDGE('',*,*,#3560,.T.);
#5145=ORIENTED_EDGE('',*,*,#3329,.T.);
#5146=ORIENTED_EDGE('',*,*,#3561,.T.);
#5147=ORIENTED_EDGE('',*,*,#3555,.T.);
#5148=ORIENTED_EDGE('',*,*,#3480,.T.);
#5149=ORIENTED_EDGE('',*,*,#3552,.T.);
#5150=ORIENTED_EDGE('',*,*,#3561,.F.);
#5151=ORIENTED_EDGE('',*,*,#3328,.T.);
#5152=ORIENTED_EDGE('',*,*,#3562,.T.);
#5153=ORIENTED_EDGE('',*,*,#3563,.T.);
#5154=ORIENTED_EDGE('',*,*,#3487,.F.);
#5155=ORIENTED_EDGE('',*,*,#3332,.T.);
#5156=ORIENTED_EDGE('',*,*,#3564,.T.);
#5157=ORIENTED_EDGE('',*,*,#3559,.T.);
#5158=ORIENTED_EDGE('',*,*,#3562,.F.);
#5159=ORIENTED_EDGE('',*,*,#3331,.T.);
#5160=ORIENTED_EDGE('',*,*,#3564,.F.);
#5161=ORIENTED_EDGE('',*,*,#3330,.T.);
#5162=ORIENTED_EDGE('',*,*,#3560,.F.);
#5163=ORIENTED_EDGE('',*,*,#3557,.T.);
#5164=ORIENTED_EDGE('',*,*,#3545,.F.);
#5165=ORIENTED_EDGE('',*,*,#3553,.T.);
#5166=ORIENTED_EDGE('',*,*,#3479,.F.);
#5167=ORIENTED_EDGE('',*,*,#3482,.F.);
#5168=ORIENTED_EDGE('',*,*,#3565,.T.);
#5169=ORIENTED_EDGE('',*,*,#3543,.F.);
#5170=ORIENTED_EDGE('',*,*,#3565,.F.);
#5171=ORIENTED_EDGE('',*,*,#3484,.F.);
#5172=ORIENTED_EDGE('',*,*,#3566,.F.);
#5173=ORIENTED_EDGE('',*,*,#3541,.F.);
#5174=ORIENTED_EDGE('',*,*,#3566,.T.);
#5175=ORIENTED_EDGE('',*,*,#3486,.F.);
#5176=ORIENTED_EDGE('',*,*,#3488,.F.);
#5177=ORIENTED_EDGE('',*,*,#3567,.T.);
#5178=ORIENTED_EDGE('',*,*,#3448,.F.);
#5179=ORIENTED_EDGE('',*,*,#3502,.T.);
#5180=ORIENTED_EDGE('',*,*,#3501,.F.);
#5181=ORIENTED_EDGE('',*,*,#3568,.T.);
#5182=ORIENTED_EDGE('',*,*,#3404,.F.);
#5183=ORIENTED_EDGE('',*,*,#3468,.F.);
#5184=ORIENTED_EDGE('',*,*,#3470,.F.);
#5185=ORIENTED_EDGE('',*,*,#3462,.F.);
#5186=ORIENTED_EDGE('',*,*,#3461,.F.);
#5187=ORIENTED_EDGE('',*,*,#3456,.F.);
#5188=ORIENTED_EDGE('',*,*,#3466,.F.);
#5189=ORIENTED_EDGE('',*,*,#3453,.F.);
#5190=ORIENTED_EDGE('',*,*,#3451,.F.);
#5191=ORIENTED_EDGE('',*,*,#3449,.F.);
#5192=ORIENTED_EDGE('',*,*,#3446,.F.);
#5193=ORIENTED_EDGE('',*,*,#3441,.F.);
#5194=ORIENTED_EDGE('',*,*,#3569,.T.);
#5195=ORIENTED_EDGE('',*,*,#3570,.T.);
#5196=ORIENTED_EDGE('',*,*,#3445,.F.);
#5197=ORIENTED_EDGE('',*,*,#3568,.F.);
#5198=ORIENTED_EDGE('',*,*,#3500,.F.);
#5199=ORIENTED_EDGE('',*,*,#3571,.F.);
#5200=ORIENTED_EDGE('',*,*,#3443,.F.);
#5201=ORIENTED_EDGE('',*,*,#3571,.T.);
#5202=ORIENTED_EDGE('',*,*,#3497,.F.);
#5203=ORIENTED_EDGE('',*,*,#3572,.T.);
#5204=ORIENTED_EDGE('',*,*,#3410,.T.);
#5205=ORIENTED_EDGE('',*,*,#3399,.F.);
#5206=ORIENTED_EDGE('',*,*,#3539,.F.);
#5207=ORIENTED_EDGE('',*,*,#3567,.F.);
#5208=ORIENTED_EDGE('',*,*,#3563,.F.);
#5209=ORIENTED_EDGE('',*,*,#3558,.F.);
#5210=ORIENTED_EDGE('',*,*,#3378,.F.);
#5211=ORIENTED_EDGE('',*,*,#3573,.T.);
#5212=ORIENTED_EDGE('',*,*,#3345,.T.);
#5213=ORIENTED_EDGE('',*,*,#3573,.F.);
#5214=ORIENTED_EDGE('',*,*,#3350,.F.);
#5215=ORIENTED_EDGE('',*,*,#3369,.T.);
#5216=ORIENTED_EDGE('',*,*,#3365,.F.);
#5217=ORIENTED_EDGE('',*,*,#3357,.F.);
#5218=ORIENTED_EDGE('',*,*,#3313,.F.);
#5219=ORIENTED_EDGE('',*,*,#3320,.T.);
#5220=ORIENTED_EDGE('',*,*,#3396,.F.);
#5221=ORIENTED_EDGE('',*,*,#3398,.F.);
#5222=ORIENTED_EDGE('',*,*,#3379,.F.);
#5223=ORIENTED_EDGE('',*,*,#3574,.T.);
#5224=ORIENTED_EDGE('',*,*,#3336,.T.);
#5225=ORIENTED_EDGE('',*,*,#3409,.F.);
#5226=ORIENTED_EDGE('',*,*,#3415,.F.);
#5227=ORIENTED_EDGE('',*,*,#3337,.T.);
#5228=ORIENTED_EDGE('',*,*,#3574,.F.);
#5229=ORIENTED_EDGE('',*,*,#3380,.F.);
#5230=ORIENTED_EDGE('',*,*,#3575,.T.);
#5231=ORIENTED_EDGE('',*,*,#3344,.T.);
#5232=ORIENTED_EDGE('',*,*,#3575,.F.);
#5233=ORIENTED_EDGE('',*,*,#3381,.F.);
#5234=ORIENTED_EDGE('',*,*,#3576,.T.);
#5235=ORIENTED_EDGE('',*,*,#3570,.F.);
#5236=ORIENTED_EDGE('',*,*,#3576,.F.);
#5237=ORIENTED_EDGE('',*,*,#3382,.F.);
#5238=ORIENTED_EDGE('',*,*,#3577,.T.);
#5239=ORIENTED_EDGE('',*,*,#3569,.F.);
#5240=ORIENTED_EDGE('',*,*,#3577,.F.);
#5241=ORIENTED_EDGE('',*,*,#3507,.F.);
#5242=ORIENTED_EDGE('',*,*,#3526,.F.);
#5243=ORIENTED_EDGE('',*,*,#3522,.F.);
#5244=ORIENTED_EDGE('',*,*,#3514,.F.);
#5245=ORIENTED_EDGE('',*,*,#3383,.F.);
#5246=ORIENTED_EDGE('',*,*,#3578,.T.);
#5247=ORIENTED_EDGE('',*,*,#3343,.T.);
#5248=ORIENTED_EDGE('',*,*,#3578,.F.);
#5249=ORIENTED_EDGE('',*,*,#3496,.F.);
#5250=ORIENTED_EDGE('',*,*,#3476,.F.);
#5251=ORIENTED_EDGE('',*,*,#3411,.T.);
#5252=ORIENTED_EDGE('',*,*,#3572,.F.);
#5253=PLANE('',#5709);
#5254=PLANE('',#5710);
#5255=PLANE('',#5711);
#5256=PLANE('',#5712);
#5257=PLANE('',#5713);
#5258=PLANE('',#5714);
#5259=PLANE('',#5715);
#5260=PLANE('',#5716);
#5261=PLANE('',#5717);
#5262=PLANE('',#5718);
#5263=PLANE('',#5719);
#5264=PLANE('',#5720);
#5265=PLANE('',#5721);
#5266=PLANE('',#5722);
#5267=PLANE('',#5723);
#5268=PLANE('',#5724);
#5269=PLANE('',#5725);
#5270=PLANE('',#5726);
#5271=PLANE('',#5727);
#5272=PLANE('',#5728);
#5273=PLANE('',#5729);
#5274=PLANE('',#5730);
#5275=PLANE('',#5731);
#5276=PLANE('',#5732);
#5277=PLANE('',#5733);
#5278=PLANE('',#5734);
#5279=PLANE('',#5735);
#5280=PLANE('',#5736);
#5281=PLANE('',#5737);
#5282=PLANE('',#5738);
#5283=PLANE('',#5739);
#5284=PLANE('',#5740);
#5285=PLANE('',#5741);
#5286=PLANE('',#5742);
#5287=PLANE('',#5743);
#5288=PLANE('',#5744);
#5289=PLANE('',#5745);
#5290=PLANE('',#5746);
#5291=PLANE('',#5747);
#5292=PLANE('',#5748);
#5293=PLANE('',#5749);
#5294=PLANE('',#5750);
#5295=PLANE('',#5751);
#5296=PLANE('',#5752);
#5297=PLANE('',#5753);
#5298=PLANE('',#5754);
#5299=PLANE('',#5755);
#5300=PLANE('',#5756);
#5301=PLANE('',#5757);
#5302=PLANE('',#5758);
#5303=PLANE('',#5759);
#5304=PLANE('',#5760);
#5305=PLANE('',#5761);
#5306=PLANE('',#5762);
#5307=PLANE('',#5763);
#5308=PLANE('',#5764);
#5309=PLANE('',#5765);
#5310=PLANE('',#5766);
#5311=PLANE('',#5767);
#5312=PLANE('',#5768);
#5313=PLANE('',#5769);
#5314=PLANE('',#5770);
#5315=PLANE('',#5771);
#5316=PLANE('',#5772);
#5317=PLANE('',#5773);
#5318=PLANE('',#5774);
#5319=PLANE('',#5775);
#5320=PLANE('',#5776);
#5321=PLANE('',#5777);
#5322=PLANE('',#5778);
#5323=PLANE('',#5779);
#5324=PLANE('',#5780);
#5325=PLANE('',#5781);
#5326=PLANE('',#5782);
#5327=PLANE('',#5783);
#5328=PLANE('',#5784);
#5329=PLANE('',#5785);
#5330=PLANE('',#5786);
#5331=PLANE('',#5787);
#5332=PLANE('',#5788);
#5333=PLANE('',#5789);
#5334=PLANE('',#5790);
#5335=PLANE('',#5791);
#5336=PLANE('',#5792);
#5337=PLANE('',#5796);
#5338=PLANE('',#5797);
#5339=PLANE('',#5798);
#5340=PLANE('',#5799);
#5341=PLANE('',#5814);
#5342=PLANE('',#5817);
#5343=PLANE('',#5818);
#5344=PLANE('',#5824);
#5345=PLANE('',#5827);
#5346=PLANE('',#5829);
#5347=PLANE('',#5841);
#5348=PLANE('',#5842);
#5349=PLANE('',#5845);
#5350=PLANE('',#5846);
#5351=PLANE('',#5854);
#5352=PLANE('',#5902);
#5353=PLANE('',#5905);
#5354=PLANE('',#5921);
#5355=PLANE('',#5923);
#5356=PLANE('',#5925);
#5357=PLANE('',#5928);
#5358=PLANE('',#5931);
#5359=PLANE('',#5932);
#5360=PLANE('',#5933);
#5361=PLANE('',#5934);
#5362=PLANE('',#5935);
#5363=PLANE('',#5936);
#5364=PLANE('',#5937);
#5365=PLANE('',#5946);
#5366=PLANE('',#5947);
#5367=PLANE('',#5972);
#5368=PLANE('',#5975);
#5369=PLANE('',#5988);
#5370=PLANE('',#5991);
#5371=PLANE('',#5994);
#5372=PLANE('',#5996);
#5373=PLANE('',#5998);
#5374=PLANE('',#6004);
#5375=PLANE('',#6006);
#5376=ADVANCED_FACE('',(#626),#5253,.F.);
#5377=ADVANCED_FACE('',(#627),#494,.F.);
#5378=ADVANCED_FACE('',(#628),#495,.F.);
#5379=ADVANCED_FACE('',(#629),#496,.F.);
#5380=ADVANCED_FACE('',(#630),#497,.F.);
#5381=ADVANCED_FACE('',(#631),#498,.F.);
#5382=ADVANCED_FACE('',(#632),#5254,.F.);
#5383=ADVANCED_FACE('',(#633),#5255,.F.);
#5384=ADVANCED_FACE('',(#634),#5256,.F.);
#5385=ADVANCED_FACE('',(#635),#499,.F.);
#5386=ADVANCED_FACE('',(#636),#500,.F.);
#5387=ADVANCED_FACE('',(#637),#501,.F.);
#5388=ADVANCED_FACE('',(#638),#502,.F.);
#5389=ADVANCED_FACE('',(#639),#5257,.F.);
#5390=ADVANCED_FACE('',(#640),#5258,.F.);
#5391=ADVANCED_FACE('',(#641),#5259,.F.);
#5392=ADVANCED_FACE('',(#642),#5260,.F.);
#5393=ADVANCED_FACE('',(#643),#5261,.T.);
#5394=ADVANCED_FACE('',(#644),#503,.F.);
#5395=ADVANCED_FACE('',(#645),#504,.F.);
#5396=ADVANCED_FACE('',(#646),#5262,.F.);
#5397=ADVANCED_FACE('',(#647),#5263,.F.);
#5398=ADVANCED_FACE('',(#648),#5264,.F.);
#5399=ADVANCED_FACE('',(#649),#5265,.F.);
#5400=ADVANCED_FACE('',(#650),#5266,.F.);
#5401=ADVANCED_FACE('',(#651),#5267,.F.);
#5402=ADVANCED_FACE('',(#652),#5268,.F.);
#5403=ADVANCED_FACE('',(#653),#5269,.F.);
#5404=ADVANCED_FACE('',(#654),#5270,.F.);
#5405=ADVANCED_FACE('',(#655),#5271,.F.);
#5406=ADVANCED_FACE('',(#656),#5272,.F.);
#5407=ADVANCED_FACE('',(#657,#190),#5273,.T.);
#5408=ADVANCED_FACE('',(#658),#5274,.F.);
#5409=ADVANCED_FACE('',(#659),#505,.F.);
#5410=ADVANCED_FACE('',(#660),#506,.F.);
#5411=ADVANCED_FACE('',(#661),#507,.F.);
#5412=ADVANCED_FACE('',(#662),#508,.F.);
#5413=ADVANCED_FACE('',(#663),#5275,.F.);
#5414=ADVANCED_FACE('',(#664),#509,.F.);
#5415=ADVANCED_FACE('',(#665),#510,.F.);
#5416=ADVANCED_FACE('',(#666),#511,.F.);
#5417=ADVANCED_FACE('',(#667),#5276,.F.);
#5418=ADVANCED_FACE('',(#668),#5277,.F.);
#5419=ADVANCED_FACE('',(#669),#5278,.F.);
#5420=ADVANCED_FACE('',(#670),#5279,.F.);
#5421=ADVANCED_FACE('',(#671),#5280,.T.);
#5422=ADVANCED_FACE('',(#672),#512,.F.);
#5423=ADVANCED_FACE('',(#673),#513,.F.);
#5424=ADVANCED_FACE('',(#674),#514,.F.);
#5425=ADVANCED_FACE('',(#675),#5281,.F.);
#5426=ADVANCED_FACE('',(#676),#515,.F.);
#5427=ADVANCED_FACE('',(#677),#516,.F.);
#5428=ADVANCED_FACE('',(#678),#517,.F.);
#5429=ADVANCED_FACE('',(#679),#518,.F.);
#5430=ADVANCED_FACE('',(#680),#5282,.F.);
#5431=ADVANCED_FACE('',(#681),#519,.F.);
#5432=ADVANCED_FACE('',(#682),#520,.F.);
#5433=ADVANCED_FACE('',(#683),#521,.F.);
#5434=ADVANCED_FACE('',(#684),#522,.F.);
#5435=ADVANCED_FACE('',(#685),#523,.F.);
#5436=ADVANCED_FACE('',(#686),#524,.F.);
#5437=ADVANCED_FACE('',(#687),#525,.F.);
#5438=ADVANCED_FACE('',(#688),#526,.F.);
#5439=ADVANCED_FACE('',(#689),#527,.F.);
#5440=ADVANCED_FACE('',(#690),#5283,.F.);
#5441=ADVANCED_FACE('',(#691),#528,.F.);
#5442=ADVANCED_FACE('',(#692,#191),#5284,.T.);
#5443=ADVANCED_FACE('',(#693),#5285,.F.);
#5444=ADVANCED_FACE('',(#694),#5286,.F.);
#5445=ADVANCED_FACE('',(#695),#5287,.F.);
#5446=ADVANCED_FACE('',(#696),#5288,.F.);
#5447=ADVANCED_FACE('',(#697),#5289,.F.);
#5448=ADVANCED_FACE('',(#698),#529,.F.);
#5449=ADVANCED_FACE('',(#699),#530,.F.);
#5450=ADVANCED_FACE('',(#700),#531,.F.);
#5451=ADVANCED_FACE('',(#701),#5290,.F.);
#5452=ADVANCED_FACE('',(#702),#532,.F.);
#5453=ADVANCED_FACE('',(#703),#533,.F.);
#5454=ADVANCED_FACE('',(#704),#534,.F.);
#5455=ADVANCED_FACE('',(#705),#535,.F.);
#5456=ADVANCED_FACE('',(#706),#5291,.F.);
#5457=ADVANCED_FACE('',(#707),#536,.F.);
#5458=ADVANCED_FACE('',(#708),#537,.F.);
#5459=ADVANCED_FACE('',(#709),#538,.F.);
#5460=ADVANCED_FACE('',(#710),#539,.F.);
#5461=ADVANCED_FACE('',(#711),#540,.F.);
#5462=ADVANCED_FACE('',(#712),#541,.F.);
#5463=ADVANCED_FACE('',(#713),#542,.F.);
#5464=ADVANCED_FACE('',(#714),#543,.F.);
#5465=ADVANCED_FACE('',(#715),#544,.F.);
#5466=ADVANCED_FACE('',(#716),#5292,.F.);
#5467=ADVANCED_FACE('',(#717),#545,.F.);
#5468=ADVANCED_FACE('',(#718,#192),#5293,.T.);
#5469=ADVANCED_FACE('',(#719),#546,.F.);
#5470=ADVANCED_FACE('',(#720),#547,.F.);
#5471=ADVANCED_FACE('',(#721),#548,.F.);
#5472=ADVANCED_FACE('',(#722),#549,.F.);
#5473=ADVANCED_FACE('',(#723),#550,.F.);
#5474=ADVANCED_FACE('',(#724),#551,.F.);
#5475=ADVANCED_FACE('',(#725),#552,.F.);
#5476=ADVANCED_FACE('',(#726),#553,.F.);
#5477=ADVANCED_FACE('',(#727),#554,.F.);
#5478=ADVANCED_FACE('',(#728),#5294,.F.);
#5479=ADVANCED_FACE('',(#729),#5295,.F.);
#5480=ADVANCED_FACE('',(#730),#555,.F.);
#5481=ADVANCED_FACE('',(#731),#556,.F.);
#5482=ADVANCED_FACE('',(#732),#5296,.F.);
#5483=ADVANCED_FACE('',(#733),#557,.F.);
#5484=ADVANCED_FACE('',(#734),#558,.F.);
#5485=ADVANCED_FACE('',(#735),#559,.F.);
#5486=ADVANCED_FACE('',(#736),#560,.F.);
#5487=ADVANCED_FACE('',(#737),#561,.F.);
#5488=ADVANCED_FACE('',(#738),#562,.F.);
#5489=ADVANCED_FACE('',(#739),#563,.F.);
#5490=ADVANCED_FACE('',(#740),#5297,.F.);
#5491=ADVANCED_FACE('',(#741),#564,.F.);
#5492=ADVANCED_FACE('',(#742),#565,.F.);
#5493=ADVANCED_FACE('',(#743),#566,.F.);
#5494=ADVANCED_FACE('',(#744),#567,.F.);
#5495=ADVANCED_FACE('',(#745),#568,.F.);
#5496=ADVANCED_FACE('',(#746),#569,.F.);
#5497=ADVANCED_FACE('',(#747),#570,.F.);
#5498=ADVANCED_FACE('',(#748),#571,.F.);
#5499=ADVANCED_FACE('',(#749),#572,.F.);
#5500=ADVANCED_FACE('',(#750),#573,.F.);
#5501=ADVANCED_FACE('',(#751),#574,.F.);
#5502=ADVANCED_FACE('',(#752),#575,.F.);
#5503=ADVANCED_FACE('',(#753),#576,.F.);
#5504=ADVANCED_FACE('',(#754),#577,.F.);
#5505=ADVANCED_FACE('',(#755),#578,.F.);
#5506=ADVANCED_FACE('',(#756,#193),#5298,.T.);
#5507=ADVANCED_FACE('',(#757),#5299,.F.);
#5508=ADVANCED_FACE('',(#758),#579,.F.);
#5509=ADVANCED_FACE('',(#759),#580,.F.);
#5510=ADVANCED_FACE('',(#760),#581,.F.);
#5511=ADVANCED_FACE('',(#761),#582,.F.);
#5512=ADVANCED_FACE('',(#762),#583,.F.);
#5513=ADVANCED_FACE('',(#763),#5300,.F.);
#5514=ADVANCED_FACE('',(#764),#5301,.F.);
#5515=ADVANCED_FACE('',(#765),#5302,.F.);
#5516=ADVANCED_FACE('',(#766),#584,.F.);
#5517=ADVANCED_FACE('',(#767),#585,.F.);
#5518=ADVANCED_FACE('',(#768),#586,.F.);
#5519=ADVANCED_FACE('',(#769),#587,.F.);
#5520=ADVANCED_FACE('',(#770),#588,.F.);
#5521=ADVANCED_FACE('',(#771),#5303,.F.);
#5522=ADVANCED_FACE('',(#772),#5304,.F.);
#5523=ADVANCED_FACE('',(#773),#5305,.F.);
#5524=ADVANCED_FACE('',(#774),#5306,.F.);
#5525=ADVANCED_FACE('',(#775),#5307,.T.);
#5526=ADVANCED_FACE('',(#776),#5308,.F.);
#5527=ADVANCED_FACE('',(#777),#589,.F.);
#5528=ADVANCED_FACE('',(#778),#590,.F.);
#5529=ADVANCED_FACE('',(#779),#591,.F.);
#5530=ADVANCED_FACE('',(#780),#592,.F.);
#5531=ADVANCED_FACE('',(#781),#593,.F.);
#5532=ADVANCED_FACE('',(#782),#5309,.F.);
#5533=ADVANCED_FACE('',(#783),#5310,.F.);
#5534=ADVANCED_FACE('',(#784),#5311,.F.);
#5535=ADVANCED_FACE('',(#785),#594,.F.);
#5536=ADVANCED_FACE('',(#786),#595,.F.);
#5537=ADVANCED_FACE('',(#787),#596,.F.);
#5538=ADVANCED_FACE('',(#788),#597,.F.);
#5539=ADVANCED_FACE('',(#789),#598,.F.);
#5540=ADVANCED_FACE('',(#790),#5312,.F.);
#5541=ADVANCED_FACE('',(#791),#5313,.F.);
#5542=ADVANCED_FACE('',(#792),#5314,.F.);
#5543=ADVANCED_FACE('',(#793),#5315,.F.);
#5544=ADVANCED_FACE('',(#794),#5316,.T.);
#5545=ADVANCED_FACE('',(#795),#599,.F.);
#5546=ADVANCED_FACE('',(#796),#600,.F.);
#5547=ADVANCED_FACE('',(#797),#601,.F.);
#5548=ADVANCED_FACE('',(#798),#5317,.F.);
#5549=ADVANCED_FACE('',(#799),#602,.F.);
#5550=ADVANCED_FACE('',(#800),#603,.F.);
#5551=ADVANCED_FACE('',(#801),#604,.F.);
#5552=ADVANCED_FACE('',(#802),#605,.F.);
#5553=ADVANCED_FACE('',(#803),#5318,.F.);
#5554=ADVANCED_FACE('',(#804),#606,.F.);
#5555=ADVANCED_FACE('',(#805),#607,.F.);
#5556=ADVANCED_FACE('',(#806),#608,.F.);
#5557=ADVANCED_FACE('',(#807),#609,.F.);
#5558=ADVANCED_FACE('',(#808),#610,.F.);
#5559=ADVANCED_FACE('',(#809),#611,.F.);
#5560=ADVANCED_FACE('',(#810),#612,.F.);
#5561=ADVANCED_FACE('',(#811),#613,.F.);
#5562=ADVANCED_FACE('',(#812),#614,.F.);
#5563=ADVANCED_FACE('',(#813),#5319,.F.);
#5564=ADVANCED_FACE('',(#814),#615,.F.);
#5565=ADVANCED_FACE('',(#815,#194),#5320,.T.);
#5566=ADVANCED_FACE('',(#816),#5321,.F.);
#5567=ADVANCED_FACE('',(#817),#5322,.F.);
#5568=ADVANCED_FACE('',(#818),#5323,.F.);
#5569=ADVANCED_FACE('',(#819),#5324,.F.);
#5570=ADVANCED_FACE('',(#820),#5325,.F.);
#5571=ADVANCED_FACE('',(#821),#5326,.F.);
#5572=ADVANCED_FACE('',(#822),#5327,.F.);
#5573=ADVANCED_FACE('',(#823),#5328,.F.);
#5574=ADVANCED_FACE('',(#824),#5329,.F.);
#5575=ADVANCED_FACE('',(#825),#5330,.T.);
#5576=ADVANCED_FACE('',(#826),#5331,.T.);
#5577=ADVANCED_FACE('',(#827),#5332,.T.);
#5578=ADVANCED_FACE('',(#828),#5333,.T.);
#5579=ADVANCED_FACE('',(#829),#5334,.T.);
#5580=ADVANCED_FACE('',(#830),#5335,.T.);
#5581=ADVANCED_FACE('',(#831),#5336,.T.);
#5582=ADVANCED_FACE('',(#832),#180,.F.);
#5583=ADVANCED_FACE('',(#833),#5337,.T.);
#5584=ADVANCED_FACE('',(#834),#5338,.T.);
#5585=ADVANCED_FACE('',(#835),#5339,.T.);
#5586=ADVANCED_FACE('',(#836,#195,#196,#197,#198,#199),#5340,.F.);
#5587=ADVANCED_FACE('',(#837),#181,.F.);
#5588=ADVANCED_FACE('',(#838),#5341,.T.);
#5589=ADVANCED_FACE('',(#839),#182,.F.);
#5590=ADVANCED_FACE('',(#840),#5342,.T.);
#5591=ADVANCED_FACE('',(#841),#5343,.T.);
#5592=ADVANCED_FACE('',(#842),#28,.F.);
#5593=ADVANCED_FACE('',(#843),#183,.F.);
#5594=ADVANCED_FACE('',(#844),#5344,.T.);
#5595=ADVANCED_FACE('',(#845),#184,.F.);
#5596=ADVANCED_FACE('',(#846),#5345,.T.);
#5597=ADVANCED_FACE('',(#847),#29,.F.);
#5598=ADVANCED_FACE('',(#848,#200,#201,#202,#203,#204,#205,#206,#207,#208,
#209,#210,#211,#212,#213,#214,#215,#216,#217,#218,#219),#5346,.T.);
#5599=ADVANCED_FACE('',(#849),#5347,.T.);
#5600=ADVANCED_FACE('',(#850),#5348,.T.);
#5601=ADVANCED_FACE('',(#851),#185,.F.);
#5602=ADVANCED_FACE('',(#852),#5349,.T.);
#5603=ADVANCED_FACE('',(#853),#5350,.T.);
#5604=ADVANCED_FACE('',(#854),#616,.T.);
#5605=ADVANCED_FACE('',(#855),#30,.F.);
#5606=ADVANCED_FACE('',(#856),#27,.F.);
#5607=ADVANCED_FACE('',(#857),#31,.F.);
#5608=ADVANCED_FACE('',(#858),#5351,.T.);
#5609=ADVANCED_FACE('',(#859),#32,.F.);
#5610=ADVANCED_FACE('',(#860),#617,.T.);
#5611=ADVANCED_FACE('',(#861),#15,.T.);
#5612=ADVANCED_FACE('',(#862),#33,.T.);
#5613=ADVANCED_FACE('',(#863),#618,.F.);
#5614=ADVANCED_FACE('',(#864),#34,.T.);
#5615=ADVANCED_FACE('',(#865),#619,.F.);
#5616=ADVANCED_FACE('',(#866),#16,.T.);
#5617=ADVANCED_FACE('',(#867),#35,.T.);
#5618=ADVANCED_FACE('',(#868),#620,.F.);
#5619=ADVANCED_FACE('',(#869),#36,.T.);
#5620=ADVANCED_FACE('',(#870),#621,.F.);
#5621=ADVANCED_FACE('',(#871),#37,.T.);
#5622=ADVANCED_FACE('',(#872),#38,.F.);
#5623=ADVANCED_FACE('',(#873),#39,.F.);
#5624=ADVANCED_FACE('',(#874),#622,.T.);
#5625=ADVANCED_FACE('',(#875),#40,.F.);
#5626=ADVANCED_FACE('',(#876),#623,.T.);
#5627=ADVANCED_FACE('',(#877),#624,.T.);
#5628=ADVANCED_FACE('',(#878),#41,.F.);
#5629=ADVANCED_FACE('',(#879),#625,.T.);
#5630=ADVANCED_FACE('',(#880),#42,.T.);
#5631=ADVANCED_FACE('',(#881),#5352,.T.);
#5632=ADVANCED_FACE('',(#882),#43,.T.);
#5633=ADVANCED_FACE('',(#883),#5353,.T.);
#5634=ADVANCED_FACE('',(#884),#17,.F.);
#5635=ADVANCED_FACE('',(#885),#18,.F.);
#5636=ADVANCED_FACE('',(#886),#44,.F.);
#5637=ADVANCED_FACE('',(#887),#19,.F.);
#5638=ADVANCED_FACE('',(#888),#20,.F.);
#5639=ADVANCED_FACE('',(#889),#5354,.T.);
#5640=ADVANCED_FACE('',(#890),#186,.T.);
#5641=ADVANCED_FACE('',(#891),#5355,.T.);
#5642=ADVANCED_FACE('',(#892),#187,.T.);
#5643=ADVANCED_FACE('',(#893),#5356,.T.);
#5644=ADVANCED_FACE('',(#894),#188,.T.);
#5645=ADVANCED_FACE('',(#895),#5357,.T.);
#5646=ADVANCED_FACE('',(#896),#189,.T.);
#5647=ADVANCED_FACE('',(#897),#5358,.T.);
#5648=ADVANCED_FACE('',(#898),#5359,.T.);
#5649=ADVANCED_FACE('',(#899),#5360,.T.);
#5650=ADVANCED_FACE('',(#900),#5361,.T.);
#5651=ADVANCED_FACE('',(#901),#5362,.T.);
#5652=ADVANCED_FACE('',(#902),#5363,.T.);
#5653=ADVANCED_FACE('',(#903),#5364,.T.);
#5654=ADVANCED_FACE('',(#904),#45,.T.);
#5655=ADVANCED_FACE('',(#905),#46,.T.);
#5656=ADVANCED_FACE('',(#906),#47,.T.);
#5657=ADVANCED_FACE('',(#907),#48,.T.);
#5658=ADVANCED_FACE('',(#908),#5365,.T.);
#5659=ADVANCED_FACE('',(#909,#220),#5366,.T.);
#5660=ADVANCED_FACE('',(#910),#21,.T.);
#5661=ADVANCED_FACE('',(#911),#49,.T.);
#5662=ADVANCED_FACE('',(#912),#22,.T.);
#5663=ADVANCED_FACE('',(#913),#50,.T.);
#5664=ADVANCED_FACE('',(#914),#23,.T.);
#5665=ADVANCED_FACE('',(#915),#51,.T.);
#5666=ADVANCED_FACE('',(#916),#24,.T.);
#5667=ADVANCED_FACE('',(#917),#52,.T.);
#5668=ADVANCED_FACE('',(#918),#5367,.T.);
#5669=ADVANCED_FACE('',(#919),#53,.T.);
#5670=ADVANCED_FACE('',(#920),#5368,.T.);
#5671=ADVANCED_FACE('',(#921),#54,.T.);
#5672=ADVANCED_FACE('',(#922),#25,.F.);
#5673=ADVANCED_FACE('',(#923),#55,.F.);
#5674=ADVANCED_FACE('',(#924),#56,.F.);
#5675=ADVANCED_FACE('',(#925),#26,.F.);
#5676=ADVANCED_FACE('',(#926),#57,.F.);
#5677=ADVANCED_FACE('',(#927),#58,.T.);
#5678=ADVANCED_FACE('',(#928),#5369,.T.);
#5679=ADVANCED_FACE('',(#929),#59,.T.);
#5680=ADVANCED_FACE('',(#930),#60,.T.);
#5681=ADVANCED_FACE('',(#931,#221,#222),#5370,.T.);
#5682=ADVANCED_FACE('',(#932),#5371,.T.);
#5683=ADVANCED_FACE('',(#933),#61,.T.);
#5684=ADVANCED_FACE('',(#934),#5372,.T.);
#5685=ADVANCED_FACE('',(#935),#62,.F.);
#5686=ADVANCED_FACE('',(#936),#5373,.T.);
#5687=ADVANCED_FACE('',(#937),#63,.F.);
#5688=ADVANCED_FACE('',(#938),#64,.F.);
#5689=ADVANCED_FACE('',(#939),#65,.F.);
#5690=ADVANCED_FACE('',(#940),#66,.F.);
#5691=ADVANCED_FACE('',(#941),#67,.F.);
#5692=ADVANCED_FACE('',(#942),#5374,.T.);
#5693=ADVANCED_FACE('',(#943),#68,.F.);
#5694=ADVANCED_FACE('',(#944),#5375,.T.);
#5695=CLOSED_SHELL('',(#5376,#5377,#5378,#5379,#5380,#5381,#5382,#5383,
#5384,#5385,#5386,#5387,#5388,#5389,#5390,#5391,#5392,#5393,#5394,#5395,
#5396,#5397,#5398,#5399,#5400,#5401,#5402,#5403,#5404,#5405,#5406,#5407,
#5408,#5409,#5410,#5411,#5412,#5413,#5414,#5415,#5416,#5417,#5418,#5419,
#5420,#5421,#5422,#5423,#5424,#5425,#5426,#5427,#5428,#5429,#5430,#5431,
#5432,#5433,#5434,#5435,#5436,#5437,#5438,#5439,#5440,#5441,#5442,#5443,
#5444,#5445,#5446,#5447,#5448,#5449,#5450,#5451,#5452,#5453,#5454,#5455,
#5456,#5457,#5458,#5459,#5460,#5461,#5462,#5463,#5464,#5465,#5466,#5467,
#5468,#5469,#5470,#5471,#5472,#5473,#5474,#5475,#5476,#5477,#5478,#5479,
#5480,#5481,#5482,#5483,#5484,#5485,#5486,#5487,#5488,#5489,#5490,#5491,
#5492,#5493,#5494,#5495,#5496,#5497,#5498,#5499,#5500,#5501,#5502,#5503,
#5504,#5505,#5506,#5507,#5508,#5509,#5510,#5511,#5512,#5513,#5514,#5515,
#5516,#5517,#5518,#5519,#5520,#5521,#5522,#5523,#5524,#5525,#5526,#5527,
#5528,#5529,#5530,#5531,#5532,#5533,#5534,#5535,#5536,#5537,#5538,#5539,
#5540,#5541,#5542,#5543,#5544,#5545,#5546,#5547,#5548,#5549,#5550,#5551,
#5552,#5553,#5554,#5555,#5556,#5557,#5558,#5559,#5560,#5561,#5562,#5563,
#5564,#5565,#5566,#5567,#5568,#5569,#5570,#5571,#5572,#5573,#5574,#5575,
#5576,#5577,#5578,#5579,#5580,#5581,#5582,#5583,#5584,#5585,#5586,#5587,
#5588,#5589,#5590,#5591,#5592,#5593,#5594,#5595,#5596,#5597,#5598,#5599,
#5600,#5601,#5602,#5603,#5604,#5605,#5606,#5607,#5608,#5609,#5610,#5611,
#5612,#5613,#5614,#5615,#5616,#5617,#5618,#5619,#5620,#5621,#5622,#5623,
#5624,#5625,#5626,#5627,#5628,#5629,#5630,#5631,#5632,#5633,#5634,#5635,
#5636,#5637,#5638,#5639,#5640,#5641,#5642,#5643,#5644,#5645,#5646,#5647,
#5648,#5649,#5650,#5651,#5652,#5653,#5654,#5655,#5656,#5657,#5658,#5659,
#5660,#5661,#5662,#5663,#5664,#5665,#5666,#5667,#5668,#5669,#5670,#5671,
#5672,#5673,#5674,#5675,#5676,#5677,#5678,#5679,#5680,#5681,#5682,#5683,
#5684,#5685,#5686,#5687,#5688,#5689,#5690,#5691,#5692,#5693,#5694));
#5696=DERIVED_UNIT_ELEMENT(#5698,1.);
#5697=DERIVED_UNIT_ELEMENT(#10223,-3.);
#5698=(
MASS_UNIT()
NAMED_UNIT(*)
SI_UNIT(.KILO.,.GRAM.)
);
#5699=DERIVED_UNIT((#5696,#5697));
#5700=MEASURE_REPRESENTATION_ITEM('density measure',
POSITIVE_RATIO_MEASURE(7850.),#5699);
#5701=PROPERTY_DEFINITION_REPRESENTATION(#5706,#5703);
#5702=PROPERTY_DEFINITION_REPRESENTATION(#5707,#5704);
#5703=REPRESENTATION('material name',(#5705),#10220);
#5704=REPRESENTATION('density',(#5700),#10220);
#5705=DESCRIPTIVE_REPRESENTATION_ITEM('Steel','Steel');
#5706=PROPERTY_DEFINITION('material property','material name',#10230);
#5707=PROPERTY_DEFINITION('material property','density of part',#10230);
#5708=AXIS2_PLACEMENT_3D('',#7060,#6007,#6008);
#5709=AXIS2_PLACEMENT_3D('',#7061,#6009,#6010);
#5710=AXIS2_PLACEMENT_3D('',#7145,#6020,#6021);
#5711=AXIS2_PLACEMENT_3D('',#7151,#6025,#6026);
#5712=AXIS2_PLACEMENT_3D('',#7157,#6030,#6031);
#5713=AXIS2_PLACEMENT_3D('',#7223,#6039,#6040);
#5714=AXIS2_PLACEMENT_3D('',#7229,#6044,#6045);
#5715=AXIS2_PLACEMENT_3D('',#7235,#6049,#6050);
#5716=AXIS2_PLACEMENT_3D('',#7241,#6054,#6055);
#5717=AXIS2_PLACEMENT_3D('',#7244,#6058,#6059);
#5718=AXIS2_PLACEMENT_3D('',#7278,#6063,#6064);
#5719=AXIS2_PLACEMENT_3D('',#7284,#6068,#6069);
#5720=AXIS2_PLACEMENT_3D('',#7290,#6073,#6074);
#5721=AXIS2_PLACEMENT_3D('',#7293,#6077,#6078);
#5722=AXIS2_PLACEMENT_3D('',#7302,#6083,#6084);
#5723=AXIS2_PLACEMENT_3D('',#7308,#6088,#6089);
#5724=AXIS2_PLACEMENT_3D('',#7314,#6093,#6094);
#5725=AXIS2_PLACEMENT_3D('',#7320,#6098,#6099);
#5726=AXIS2_PLACEMENT_3D('',#7326,#6103,#6104);
#5727=AXIS2_PLACEMENT_3D('',#7332,#6108,#6109);
#5728=AXIS2_PLACEMENT_3D('',#7338,#6113,#6114);
#5729=AXIS2_PLACEMENT_3D('',#7341,#6117,#6118);
#5730=AXIS2_PLACEMENT_3D('',#7342,#6119,#6120);
#5731=AXIS2_PLACEMENT_3D('',#7411,#6129,#6130);
#5732=AXIS2_PLACEMENT_3D('',#7462,#6137,#6138);
#5733=AXIS2_PLACEMENT_3D('',#7468,#6142,#6143);
#5734=AXIS2_PLACEMENT_3D('',#7474,#6147,#6148);
#5735=AXIS2_PLACEMENT_3D('',#7480,#6152,#6153);
#5736=AXIS2_PLACEMENT_3D('',#7483,#6156,#6157);
#5737=AXIS2_PLACEMENT_3D('',#7532,#6162,#6163);
#5738=AXIS2_PLACEMENT_3D('',#7598,#6171,#6172);
#5739=AXIS2_PLACEMENT_3D('',#7739,#6185,#6186);
#5740=AXIS2_PLACEMENT_3D('',#7757,#6190,#6191);
#5741=AXIS2_PLACEMENT_3D('',#7758,#6192,#6193);
#5742=AXIS2_PLACEMENT_3D('',#7767,#6198,#6199);
#5743=AXIS2_PLACEMENT_3D('',#7773,#6203,#6204);
#5744=AXIS2_PLACEMENT_3D('',#7779,#6208,#6209);
#5745=AXIS2_PLACEMENT_3D('',#7782,#6212,#6213);
#5746=AXIS2_PLACEMENT_3D('',#7831,#6218,#6219);
#5747=AXIS2_PLACEMENT_3D('',#7897,#6227,#6228);
#5748=AXIS2_PLACEMENT_3D('',#8038,#6241,#6242);
#5749=AXIS2_PLACEMENT_3D('',#8056,#6246,#6247);
#5750=AXIS2_PLACEMENT_3D('',#8195,#6258,#6259);
#5751=AXIS2_PLACEMENT_3D('',#8198,#6262,#6263);
#5752=AXIS2_PLACEMENT_3D('',#8237,#6270,#6271);
#5753=AXIS2_PLACEMENT_3D('',#8348,#6282,#6283);
#5754=AXIS2_PLACEMENT_3D('',#8576,#6301,#6302);
#5755=AXIS2_PLACEMENT_3D('',#8577,#6303,#6304);
#5756=AXIS2_PLACEMENT_3D('',#8661,#6314,#6315);
#5757=AXIS2_PLACEMENT_3D('',#8667,#6319,#6320);
#5758=AXIS2_PLACEMENT_3D('',#8673,#6324,#6325);
#5759=AXIS2_PLACEMENT_3D('',#8754,#6334,#6335);
#5760=AXIS2_PLACEMENT_3D('',#8760,#6339,#6340);
#5761=AXIS2_PLACEMENT_3D('',#8766,#6344,#6345);
#5762=AXIS2_PLACEMENT_3D('',#8772,#6349,#6350);
#5763=AXIS2_PLACEMENT_3D('',#8775,#6353,#6354);
#5764=AXIS2_PLACEMENT_3D('',#8776,#6355,#6356);
#5765=AXIS2_PLACEMENT_3D('',#8860,#6366,#6367);
#5766=AXIS2_PLACEMENT_3D('',#8866,#6371,#6372);
#5767=AXIS2_PLACEMENT_3D('',#8872,#6376,#6377);
#5768=AXIS2_PLACEMENT_3D('',#8953,#6386,#6387);
#5769=AXIS2_PLACEMENT_3D('',#8959,#6391,#6392);
#5770=AXIS2_PLACEMENT_3D('',#8965,#6396,#6397);
#5771=AXIS2_PLACEMENT_3D('',#8971,#6401,#6402);
#5772=AXIS2_PLACEMENT_3D('',#8974,#6405,#6406);
#5773=AXIS2_PLACEMENT_3D('',#9023,#6411,#6412);
#5774=AXIS2_PLACEMENT_3D('',#9089,#6420,#6421);
#5775=AXIS2_PLACEMENT_3D('',#9230,#6434,#6435);
#5776=AXIS2_PLACEMENT_3D('',#9248,#6439,#6440);
#5777=AXIS2_PLACEMENT_3D('',#9249,#6441,#6442);
#5778=AXIS2_PLACEMENT_3D('',#9258,#6447,#6448);
#5779=AXIS2_PLACEMENT_3D('',#9264,#6452,#6453);
#5780=AXIS2_PLACEMENT_3D('',#9270,#6457,#6458);
#5781=AXIS2_PLACEMENT_3D('',#9276,#6462,#6463);
#5782=AXIS2_PLACEMENT_3D('',#9282,#6467,#6468);
#5783=AXIS2_PLACEMENT_3D('',#9288,#6472,#6473);
#5784=AXIS2_PLACEMENT_3D('',#9294,#6477,#6478);
#5785=AXIS2_PLACEMENT_3D('',#9297,#6481,#6482);
#5786=AXIS2_PLACEMENT_3D('',#9298,#6483,#6484);
#5787=AXIS2_PLACEMENT_3D('',#9299,#6485,#6486);
#5788=AXIS2_PLACEMENT_3D('',#9300,#6487,#6488);
#5789=AXIS2_PLACEMENT_3D('',#9301,#6489,#6490);
#5790=AXIS2_PLACEMENT_3D('',#9302,#6491,#6492);
#5791=AXIS2_PLACEMENT_3D('',#9303,#6493,#6494);
#5792=AXIS2_PLACEMENT_3D('',#9312,#6499,#6500);
#5793=AXIS2_PLACEMENT_3D('',#9321,#6503,#6504);
#5794=AXIS2_PLACEMENT_3D('',#9323,#6505,#6506);
#5795=AXIS2_PLACEMENT_3D('',#9325,#6507,#6508);
#5796=AXIS2_PLACEMENT_3D('',#9330,#6509,#6510);
#5797=AXIS2_PLACEMENT_3D('',#9333,#6513,#6514);
#5798=AXIS2_PLACEMENT_3D('',#9339,#6518,#6519);
#5799=AXIS2_PLACEMENT_3D('',#9343,#6522,#6523);
#5800=AXIS2_PLACEMENT_3D('',#9346,#6524,#6525);
#5801=AXIS2_PLACEMENT_3D('',#9354,#6529,#6530);
#5802=AXIS2_PLACEMENT_3D('',#9358,#6532,#6533);
#5803=AXIS2_PLACEMENT_3D('',#9362,#6535,#6536);
#5804=AXIS2_PLACEMENT_3D('',#9366,#6538,#6539);
#5805=AXIS2_PLACEMENT_3D('',#9372,#6542,#6543);
#5806=AXIS2_PLACEMENT_3D('',#9374,#6544,#6545);
#5807=AXIS2_PLACEMENT_3D('',#9378,#6547,#6548);
#5808=AXIS2_PLACEMENT_3D('',#9382,#6550,#6551);
#5809=AXIS2_PLACEMENT_3D('',#9385,#6553,#6554);
#5810=AXIS2_PLACEMENT_3D('',#9387,#6555,#6556);
#5811=AXIS2_PLACEMENT_3D('',#9389,#6557,#6558);
#5812=AXIS2_PLACEMENT_3D('',#9390,#6559,#6560);
#5813=AXIS2_PLACEMENT_3D('',#9393,#6561,#6562);
#5814=AXIS2_PLACEMENT_3D('',#9402,#6563,#6564);
#5815=AXIS2_PLACEMENT_3D('',#9409,#6566,#6567);
#5816=AXIS2_PLACEMENT_3D('',#9411,#6568,#6569);
#5817=AXIS2_PLACEMENT_3D('',#9416,#6570,#6571);
#5818=AXIS2_PLACEMENT_3D('',#9418,#6573,#6574);
#5819=AXIS2_PLACEMENT_3D('',#9424,#6578,#6579);
#5820=AXIS2_PLACEMENT_3D('',#9427,#6581,#6582);
#5821=AXIS2_PLACEMENT_3D('',#9428,#6583,#6584);
#5822=AXIS2_PLACEMENT_3D('',#9431,#6585,#6586);
#5823=AXIS2_PLACEMENT_3D('',#9437,#6587,#6588);
#5824=AXIS2_PLACEMENT_3D('',#9442,#6589,#6590);
#5825=AXIS2_PLACEMENT_3D('',#9450,#6593,#6594);
#5826=AXIS2_PLACEMENT_3D('',#9452,#6595,#6596);
#5827=AXIS2_PLACEMENT_3D('',#9457,#6597,#6598);
#5828=AXIS2_PLACEMENT_3D('',#9459,#6600,#6601);
#5829=AXIS2_PLACEMENT_3D('',#9461,#6603,#6604);
#5830=AXIS2_PLACEMENT_3D('',#9466,#6606,#6607);
#5831=AXIS2_PLACEMENT_3D('',#9470,#6609,#6610);
#5832=AXIS2_PLACEMENT_3D('',#9474,#6612,#6613);
#5833=AXIS2_PLACEMENT_3D('',#9477,#6615,#6616);
#5834=AXIS2_PLACEMENT_3D('',#9479,#6617,#6618);
#5835=AXIS2_PLACEMENT_3D('',#9481,#6619,#6620);
#5836=AXIS2_PLACEMENT_3D('',#9483,#6621,#6622);
#5837=AXIS2_PLACEMENT_3D('',#9485,#6623,#6624);
#5838=AXIS2_PLACEMENT_3D('',#9487,#6625,#6626);
#5839=AXIS2_PLACEMENT_3D('',#9489,#6627,#6628);
#5840=AXIS2_PLACEMENT_3D('',#9500,#6633,#6634);
#5841=AXIS2_PLACEMENT_3D('',#9506,#6638,#6639);
#5842=AXIS2_PLACEMENT_3D('',#9509,#6642,#6643);
#5843=AXIS2_PLACEMENT_3D('',#9514,#6644,#6645);
#5844=AXIS2_PLACEMENT_3D('',#9520,#6646,#6647);
#5845=AXIS2_PLACEMENT_3D('',#9521,#6648,#6649);
#5846=AXIS2_PLACEMENT_3D('',#9523,#6651,#6652);
#5847=AXIS2_PLACEMENT_3D('',#9573,#6654,#6655);
#5848=AXIS2_PLACEMENT_3D('',#9579,#6656,#6657);
#5849=AXIS2_PLACEMENT_3D('',#9582,#6658,#6659);
#5850=AXIS2_PLACEMENT_3D('',#9585,#6662,#6663);
#5851=AXIS2_PLACEMENT_3D('',#9586,#6664,#6665);
#5852=AXIS2_PLACEMENT_3D('',#9587,#6666,#6667);
#5853=AXIS2_PLACEMENT_3D('',#9588,#6668,#6669);
#5854=AXIS2_PLACEMENT_3D('',#9597,#6671,#6672);
#5855=AXIS2_PLACEMENT_3D('',#9599,#6673,#6674);
#5856=AXIS2_PLACEMENT_3D('',#9603,#6676,#6677);
#5857=AXIS2_PLACEMENT_3D('',#9610,#6679,#6680);
#5858=AXIS2_PLACEMENT_3D('',#9611,#6681,#6682);
#5859=AXIS2_PLACEMENT_3D('',#9613,#6683,#6684);
#5860=AXIS2_PLACEMENT_3D('',#9616,#6686,#6687);
#5861=AXIS2_PLACEMENT_3D('',#9670,#6688,#6689);
#5862=AXIS2_PLACEMENT_3D('',#9672,#6690,#6691);
#5863=AXIS2_PLACEMENT_3D('',#9674,#6692,#6693);
#5864=AXIS2_PLACEMENT_3D('',#9676,#6694,#6695);
#5865=AXIS2_PLACEMENT_3D('',#9677,#6696,#6697);
#5866=AXIS2_PLACEMENT_3D('',#9678,#6698,#6699);
#5867=AXIS2_PLACEMENT_3D('',#9681,#6700,#6701);
#5868=AXIS2_PLACEMENT_3D('',#9722,#6704,#6705);
#5869=AXIS2_PLACEMENT_3D('',#9723,#6706,#6707);
#5870=AXIS2_PLACEMENT_3D('',#9724,#6708,#6709);
#5871=AXIS2_PLACEMENT_3D('',#9725,#6710,#6711);
#5872=AXIS2_PLACEMENT_3D('',#9728,#6712,#6713);
#5873=AXIS2_PLACEMENT_3D('',#9761,#6716,#6717);
#5874=AXIS2_PLACEMENT_3D('',#9762,#6718,#6719);
#5875=AXIS2_PLACEMENT_3D('',#9763,#6720,#6721);
#5876=AXIS2_PLACEMENT_3D('',#9765,#6722,#6723);
#5877=AXIS2_PLACEMENT_3D('',#9767,#6724,#6725);
#5878=AXIS2_PLACEMENT_3D('',#9769,#6726,#6727);
#5879=AXIS2_PLACEMENT_3D('',#9770,#6728,#6729);
#5880=AXIS2_PLACEMENT_3D('',#9771,#6730,#6731);
#5881=AXIS2_PLACEMENT_3D('',#9804,#6733,#6734);
#5882=AXIS2_PLACEMENT_3D('',#9806,#6735,#6736);
#5883=AXIS2_PLACEMENT_3D('',#9807,#6737,#6738);
#5884=AXIS2_PLACEMENT_3D('',#9808,#6739,#6740);
#5885=AXIS2_PLACEMENT_3D('',#9811,#6741,#6742);
#5886=AXIS2_PLACEMENT_3D('',#9846,#6745,#6746);
#5887=AXIS2_PLACEMENT_3D('',#9847,#6747,#6748);
#5888=AXIS2_PLACEMENT_3D('',#9848,#6749,#6750);
#5889=AXIS2_PLACEMENT_3D('',#9849,#6751,#6752);
#5890=AXIS2_PLACEMENT_3D('',#9852,#6755,#6756);
#5891=AXIS2_PLACEMENT_3D('',#9854,#6757,#6758);
#5892=AXIS2_PLACEMENT_3D('',#9856,#6760,#6761);
#5893=AXIS2_PLACEMENT_3D('',#9884,#6763,#6764);
#5894=AXIS2_PLACEMENT_3D('',#9893,#6765,#6766);
#5895=AXIS2_PLACEMENT_3D('',#9900,#6767,#6768);
#5896=AXIS2_PLACEMENT_3D('',#9903,#6769,#6770);
#5897=AXIS2_PLACEMENT_3D('',#9938,#6773,#6774);
#5898=AXIS2_PLACEMENT_3D('',#9969,#6775,#6776);
#5899=AXIS2_PLACEMENT_3D('',#9971,#6777,#6778);
#5900=AXIS2_PLACEMENT_3D('',#9997,#6780,#6781);
#5901=AXIS2_PLACEMENT_3D('',#10001,#6783,#6784);
#5902=AXIS2_PLACEMENT_3D('',#10003,#6786,#6787);
#5903=AXIS2_PLACEMENT_3D('',#10007,#6790,#6791);
#5904=AXIS2_PLACEMENT_3D('',#10010,#6793,#6794);
#5905=AXIS2_PLACEMENT_3D('',#10011,#6795,#6796);
#5906=AXIS2_PLACEMENT_3D('',#10012,#6797,#6798);
#5907=AXIS2_PLACEMENT_3D('',#10014,#6799,#6800);
#5908=AXIS2_PLACEMENT_3D('',#10016,#6801,#6802);
#5909=AXIS2_PLACEMENT_3D('',#10017,#6803,#6804);
#5910=AXIS2_PLACEMENT_3D('',#10018,#6805,#6806);
#5911=AXIS2_PLACEMENT_3D('',#10020,#6807,#6808);
#5912=AXIS2_PLACEMENT_3D('',#10021,#6809,#6810);
#5913=AXIS2_PLACEMENT_3D('',#10022,#6811,#6812);
#5914=AXIS2_PLACEMENT_3D('',#10024,#6813,#6814);
#5915=AXIS2_PLACEMENT_3D('',#10026,#6816,#6817);
#5916=AXIS2_PLACEMENT_3D('',#10028,#6818,#6819);
#5917=AXIS2_PLACEMENT_3D('',#10029,#6820,#6821);
#5918=AXIS2_PLACEMENT_3D('',#10030,#6822,#6823);
#5919=AXIS2_PLACEMENT_3D('',#10032,#6824,#6825);
#5920=AXIS2_PLACEMENT_3D('',#10033,#6826,#6827);
#5921=AXIS2_PLACEMENT_3D('',#10034,#6828,#6829);
#5922=AXIS2_PLACEMENT_3D('',#10039,#6833,#6834);
#5923=AXIS2_PLACEMENT_3D('',#10041,#6836,#6837);
#5924=AXIS2_PLACEMENT_3D('',#10043,#6839,#6840);
#5925=AXIS2_PLACEMENT_3D('',#10045,#6842,#6843);
#5926=AXIS2_PLACEMENT_3D('',#10049,#6846,#6847);
#5927=AXIS2_PLACEMENT_3D('',#10051,#6848,#6849);
#5928=AXIS2_PLACEMENT_3D('',#10053,#6851,#6852);
#5929=AXIS2_PLACEMENT_3D('',#10057,#6855,#6856);
#5930=AXIS2_PLACEMENT_3D('',#10058,#6857,#6858);
#5931=AXIS2_PLACEMENT_3D('',#10059,#6859,#6860);
#5932=AXIS2_PLACEMENT_3D('',#10061,#6862,#6863);
#5933=AXIS2_PLACEMENT_3D('',#10067,#6867,#6868);
#5934=AXIS2_PLACEMENT_3D('',#10071,#6871,#6872);
#5935=AXIS2_PLACEMENT_3D('',#10075,#6875,#6876);
#5936=AXIS2_PLACEMENT_3D('',#10077,#6878,#6879);
#5937=AXIS2_PLACEMENT_3D('',#10083,#6883,#6884);
#5938=AXIS2_PLACEMENT_3D('',#10087,#6887,#6888);
#5939=AXIS2_PLACEMENT_3D('',#10092,#6890,#6891);
#5940=AXIS2_PLACEMENT_3D('',#10094,#6893,#6894);
#5941=AXIS2_PLACEMENT_3D('',#10095,#6895,#6896);
#5942=AXIS2_PLACEMENT_3D('',#10098,#6898,#6899);
#5943=AXIS2_PLACEMENT_3D('',#10100,#6901,#6902);
#5944=AXIS2_PLACEMENT_3D('',#10103,#6904,#6905);
#5945=AXIS2_PLACEMENT_3D('',#10104,#6906,#6907);
#5946=AXIS2_PLACEMENT_3D('',#10106,#6909,#6910);
#5947=AXIS2_PLACEMENT_3D('',#10108,#6912,#6913);
#5948=AXIS2_PLACEMENT_3D('',#10111,#6914,#6915);
#5949=AXIS2_PLACEMENT_3D('',#10115,#6917,#6918);
#5950=AXIS2_PLACEMENT_3D('',#10119,#6920,#6921);
#5951=AXIS2_PLACEMENT_3D('',#10123,#6923,#6924);
#5952=AXIS2_PLACEMENT_3D('',#10125,#6926,#6927);
#5953=AXIS2_PLACEMENT_3D('',#10127,#6928,#6929);
#5954=AXIS2_PLACEMENT_3D('',#10129,#6930,#6931);
#5955=AXIS2_PLACEMENT_3D('',#10130,#6932,#6933);
#5956=AXIS2_PLACEMENT_3D('',#10131,#6934,#6935);
#5957=AXIS2_PLACEMENT_3D('',#10133,#6936,#6937);
#5958=AXIS2_PLACEMENT_3D('',#10135,#6939,#6940);
#5959=AXIS2_PLACEMENT_3D('',#10137,#6941,#6942);
#5960=AXIS2_PLACEMENT_3D('',#10138,#6943,#6944);
#5961=AXIS2_PLACEMENT_3D('',#10139,#6945,#6946);
#5962=AXIS2_PLACEMENT_3D('',#10141,#6947,#6948);
#5963=AXIS2_PLACEMENT_3D('',#10143,#6950,#6951);
#5964=AXIS2_PLACEMENT_3D('',#10145,#6952,#6953);
#5965=AXIS2_PLACEMENT_3D('',#10146,#6954,#6955);
#5966=AXIS2_PLACEMENT_3D('',#10147,#6956,#6957);
#5967=AXIS2_PLACEMENT_3D('',#10149,#6958,#6959);
#5968=AXIS2_PLACEMENT_3D('',#10151,#6961,#6962);
#5969=AXIS2_PLACEMENT_3D('',#10153,#6963,#6964);
#5970=AXIS2_PLACEMENT_3D('',#10154,#6965,#6966);
#5971=AXIS2_PLACEMENT_3D('',#10155,#6967,#6968);
#5972=AXIS2_PLACEMENT_3D('',#10157,#6970,#6971);
#5973=AXIS2_PLACEMENT_3D('',#10162,#6975,#6976);
#5974=AXIS2_PLACEMENT_3D('',#10165,#6978,#6979);
#5975=AXIS2_PLACEMENT_3D('',#10166,#6980,#6981);
#5976=AXIS2_PLACEMENT_3D('',#10170,#6984,#6985);
#5977=AXIS2_PLACEMENT_3D('',#10173,#6987,#6988);
#5978=AXIS2_PLACEMENT_3D('',#10174,#6989,#6990);
#5979=AXIS2_PLACEMENT_3D('',#10175,#6991,#6992);
#5980=AXIS2_PLACEMENT_3D('',#10176,#6993,#6994);
#5981=AXIS2_PLACEMENT_3D('',#10177,#6995,#6996);
#5982=AXIS2_PLACEMENT_3D('',#10178,#6997,#6998);
#5983=AXIS2_PLACEMENT_3D('',#10179,#6999,#7000);
#5984=AXIS2_PLACEMENT_3D('',#10181,#7002,#7003);
#5985=AXIS2_PLACEMENT_3D('',#10182,#7004,#7005);
#5986=AXIS2_PLACEMENT_3D('',#10183,#7006,#7007);
#5987=AXIS2_PLACEMENT_3D('',#10184,#7008,#7009);
#5988=AXIS2_PLACEMENT_3D('',#10186,#7011,#7012);
#5989=AXIS2_PLACEMENT_3D('',#10188,#7014,#7015);
#5990=AXIS2_PLACEMENT_3D('',#10190,#7017,#7018);
#5991=AXIS2_PLACEMENT_3D('',#10192,#7020,#7021);
#5992=AXIS2_PLACEMENT_3D('',#10194,#7022,#7023);
#5993=AXIS2_PLACEMENT_3D('',#10196,#7024,#7025);
#5994=AXIS2_PLACEMENT_3D('',#10197,#7026,#7027);
#5995=AXIS2_PLACEMENT_3D('',#10199,#7029,#7030);
#5996=AXIS2_PLACEMENT_3D('',#10201,#7032,#7033);
#5997=AXIS2_PLACEMENT_3D('',#10202,#7034,#7035);
#5998=AXIS2_PLACEMENT_3D('',#10204,#7037,#7038);
#5999=AXIS2_PLACEMENT_3D('',#10205,#7039,#7040);
#6000=AXIS2_PLACEMENT_3D('',#10206,#7041,#7042);
#6001=AXIS2_PLACEMENT_3D('',#10208,#7044,#7045);
#6002=AXIS2_PLACEMENT_3D('',#10210,#7047,#7048);
#6003=AXIS2_PLACEMENT_3D('',#10212,#7050,#7051);
#6004=AXIS2_PLACEMENT_3D('',#10214,#7053,#7054);
#6005=AXIS2_PLACEMENT_3D('',#10215,#7055,#7056);
#6006=AXIS2_PLACEMENT_3D('',#10217,#7058,#7059);
#6007=DIRECTION('axis',(0.,0.,1.));
#6008=DIRECTION('refdir',(1.,0.,0.));
#6009=DIRECTION('center_axis',(1.,0.,0.));
#6010=DIRECTION('ref_axis',(0.,0.,1.));
#6011=DIRECTION('',(0.,0.,1.));
#6012=DIRECTION('',(0.,-1.,0.));
#6013=DIRECTION('',(0.,0.,1.));
#6014=DIRECTION('',(0.,-1.,0.));
#6015=DIRECTION('',(0.,-1.,0.));
#6016=DIRECTION('',(0.,-1.,0.));
#6017=DIRECTION('',(0.,-1.,0.));
#6018=DIRECTION('',(0.,-1.,0.));
#6019=DIRECTION('',(0.,-1.,0.));
#6020=DIRECTION('center_axis',(-1.,0.,0.));
#6021=DIRECTION('ref_axis',(0.,0.,-1.));
#6022=DIRECTION('',(0.,0.,-1.));
#6023=DIRECTION('',(0.,-1.,0.));
#6024=DIRECTION('',(0.,0.,-1.));
#6025=DIRECTION('center_axis',(0.,0.,1.));
#6026=DIRECTION('ref_axis',(-1.,0.,0.));
#6027=DIRECTION('',(-1.,0.,0.));
#6028=DIRECTION('',(0.,-1.,0.));
#6029=DIRECTION('',(-1.,0.,0.));
#6030=DIRECTION('center_axis',(1.,0.,0.));
#6031=DIRECTION('ref_axis',(0.,0.,1.));
#6032=DIRECTION('',(0.,0.,1.));
#6033=DIRECTION('',(0.,-1.,0.));
#6034=DIRECTION('',(0.,0.,1.));
#6035=DIRECTION('',(0.,-1.,0.));
#6036=DIRECTION('',(0.,-1.,0.));
#6037=DIRECTION('',(0.,-1.,0.));
#6038=DIRECTION('',(0.,-1.,0.));
#6039=DIRECTION('center_axis',(1.,0.,0.));
#6040=DIRECTION('ref_axis',(0.,0.,1.));
#6041=DIRECTION('',(0.,0.,1.));
#6042=DIRECTION('',(0.,-1.,0.));
#6043=DIRECTION('',(0.,0.,1.));
#6044=DIRECTION('center_axis',(0.,0.,-1.));
#6045=DIRECTION('ref_axis',(1.,0.,0.));
#6046=DIRECTION('',(1.,0.,0.));
#6047=DIRECTION('',(0.,-1.,0.));
#6048=DIRECTION('',(1.,0.,0.));
#6049=DIRECTION('center_axis',(-1.,0.,0.));
#6050=DIRECTION('ref_axis',(0.,0.,-1.));
#6051=DIRECTION('',(0.,0.,-1.));
#6052=DIRECTION('',(0.,-1.,0.));
#6053=DIRECTION('',(0.,0.,-1.));
#6054=DIRECTION('center_axis',(0.,0.,1.));
#6055=DIRECTION('ref_axis',(-1.,0.,0.));
#6056=DIRECTION('',(-1.,0.,0.));
#6057=DIRECTION('',(-1.,0.,0.));
#6058=DIRECTION('center_axis',(0.,1.,0.));
#6059=DIRECTION('ref_axis',(1.,0.,0.));
#6060=DIRECTION('',(0.,-1.,0.));
#6061=DIRECTION('',(0.,-1.,0.));
#6062=DIRECTION('',(0.,-1.,0.));
#6063=DIRECTION('center_axis',(-0.935759589293763,0.,0.352638612526717));
#6064=DIRECTION('ref_axis',(-0.352638612526717,0.,-0.935759589293763));
#6065=DIRECTION('',(-0.352638612526717,0.,-0.935759589293763));
#6066=DIRECTION('',(0.,-1.,0.));
#6067=DIRECTION('',(-0.352638612526717,0.,-0.935759589293763));
#6068=DIRECTION('center_axis',(0.,0.,-1.));
#6069=DIRECTION('ref_axis',(1.,0.,0.));
#6070=DIRECTION('',(1.,0.,0.));
#6071=DIRECTION('',(0.,-1.,0.));
#6072=DIRECTION('',(1.,0.,0.));
#6073=DIRECTION('center_axis',(0.936508101753906,0.,0.35064594015801));
#6074=DIRECTION('ref_axis',(-0.35064594015801,0.,0.936508101753906));
#6075=DIRECTION('',(-0.35064594015801,0.,0.936508101753906));
#6076=DIRECTION('',(-0.35064594015801,0.,0.936508101753906));
#6077=DIRECTION('center_axis',(0.940102158278698,0.,0.340892845333741));
#6078=DIRECTION('ref_axis',(-0.340892845333741,0.,0.940102158278698));
#6079=DIRECTION('',(-0.340892845333741,0.,0.940102158278698));
#6080=DIRECTION('',(0.,-1.,0.));
#6081=DIRECTION('',(-0.340892845333741,0.,0.940102158278698));
#6082=DIRECTION('',(0.,-1.,0.));
#6083=DIRECTION('center_axis',(0.,0.,1.));
#6084=DIRECTION('ref_axis',(-1.,0.,0.));
#6085=DIRECTION('',(-1.,0.,0.));
#6086=DIRECTION('',(0.,-1.,0.));
#6087=DIRECTION('',(-1.,0.,0.));
#6088=DIRECTION('center_axis',(-0.933183041922073,0.,0.359401461139304));
#6089=DIRECTION('ref_axis',(-0.359401461139304,0.,-0.933183041922073));
#6090=DIRECTION('',(-0.359401461139304,0.,-0.933183041922073));
#6091=DIRECTION('',(0.,-1.,0.));
#6092=DIRECTION('',(-0.359401461139304,0.,-0.933183041922073));
#6093=DIRECTION('center_axis',(0.,0.,1.));
#6094=DIRECTION('ref_axis',(-1.,0.,0.));
#6095=DIRECTION('',(-1.,0.,0.));
#6096=DIRECTION('',(0.,-1.,0.));
#6097=DIRECTION('',(-1.,0.,0.));
#6098=DIRECTION('center_axis',(0.925486602634517,0.,-0.378780343133087));
#6099=DIRECTION('ref_axis',(0.378780343133087,0.,0.925486602634517));
#6100=DIRECTION('',(0.378780343133087,0.,0.925486602634517));
#6101=DIRECTION('',(0.,-1.,0.));
#6102=DIRECTION('',(0.378780343133087,0.,0.925486602634517));
#6103=DIRECTION('center_axis',(0.,0.,-1.));
#6104=DIRECTION('ref_axis',(1.,0.,0.));
#6105=DIRECTION('',(1.,0.,0.));
#6106=DIRECTION('',(0.,-1.,0.));
#6107=DIRECTION('',(1.,0.,0.));
#6108=DIRECTION('center_axis',(-0.933526022115039,0.,-0.358509645663924));
#6109=DIRECTION('ref_axis',(0.358509645663924,0.,-0.933526022115039));
#6110=DIRECTION('',(0.358509645663924,0.,-0.933526022115039));
#6111=DIRECTION('',(0.,-1.,0.));
#6112=DIRECTION('',(0.358509645663924,0.,-0.933526022115039));
#6113=DIRECTION('center_axis',(0.,0.,1.));
#6114=DIRECTION('ref_axis',(-1.,0.,0.));
#6115=DIRECTION('',(-1.,0.,0.));
#6116=DIRECTION('',(-1.,0.,0.));
#6117=DIRECTION('center_axis',(0.,1.,0.));
#6118=DIRECTION('ref_axis',(1.,0.,0.));
#6119=DIRECTION('center_axis',(1.,0.,0.));
#6120=DIRECTION('ref_axis',(0.,0.,1.));
#6121=DIRECTION('',(0.,0.,1.));
#6122=DIRECTION('',(0.,-1.,0.));
#6123=DIRECTION('',(0.,0.,1.));
#6124=DIRECTION('',(0.,-1.,0.));
#6125=DIRECTION('',(0.,-1.,0.));
#6126=DIRECTION('',(0.,-1.,0.));
#6127=DIRECTION('',(0.,-1.,0.));
#6128=DIRECTION('',(0.,-1.,0.));
#6129=DIRECTION('center_axis',(0.937479503617946,0.,0.348040486576275));
#6130=DIRECTION('ref_axis',(-0.348040486576275,0.,0.937479503617946));
#6131=DIRECTION('',(-0.348040486576275,0.,0.937479503617946));
#6132=DIRECTION('',(0.,-1.,0.));
#6133=DIRECTION('',(-0.348040486576275,0.,0.937479503617946));
#6134=DIRECTION('',(0.,-1.,0.));
#6135=DIRECTION('',(0.,-1.,0.));
#6136=DIRECTION('',(0.,-1.,0.));
#6137=DIRECTION('center_axis',(1.,0.,0.));
#6138=DIRECTION('ref_axis',(0.,0.,1.));
#6139=DIRECTION('',(0.,0.,1.));
#6140=DIRECTION('',(0.,-1.,0.));
#6141=DIRECTION('',(0.,0.,1.));
#6142=DIRECTION('center_axis',(0.,0.,-1.));
#6143=DIRECTION('ref_axis',(1.,0.,0.));
#6144=DIRECTION('',(1.,0.,0.));
#6145=DIRECTION('',(0.,-1.,0.));
#6146=DIRECTION('',(1.,0.,0.));
#6147=DIRECTION('center_axis',(-1.,0.,0.));
#6148=DIRECTION('ref_axis',(0.,0.,-1.));
#6149=DIRECTION('',(0.,0.,-1.));
#6150=DIRECTION('',(0.,-1.,0.));
#6151=DIRECTION('',(0.,0.,-1.));
#6152=DIRECTION('center_axis',(0.,0.,1.));
#6153=DIRECTION('ref_axis',(-1.,0.,0.));
#6154=DIRECTION('',(-1.,0.,0.));
#6155=DIRECTION('',(-1.,0.,0.));
#6156=DIRECTION('center_axis',(0.,1.,0.));
#6157=DIRECTION('ref_axis',(1.,0.,0.));
#6158=DIRECTION('',(0.,-1.,0.));
#6159=DIRECTION('',(0.,-1.,0.));
#6160=DIRECTION('',(0.,-1.,0.));
#6161=DIRECTION('',(0.,-1.,0.));
#6162=DIRECTION('center_axis',(0.,0.,-1.));
#6163=DIRECTION('ref_axis',(1.,0.,0.));
#6164=DIRECTION('',(1.,0.,0.));
#6165=DIRECTION('',(0.,-1.,0.));
#6166=DIRECTION('',(1.,0.,0.));
#6167=DIRECTION('',(0.,-1.,0.));
#6168=DIRECTION('',(0.,-1.,0.));
#6169=DIRECTION('',(0.,-1.,0.));
#6170=DIRECTION('',(0.,-1.,0.));
#6171=DIRECTION('center_axis',(0.,0.,1.));
#6172=DIRECTION('ref_axis',(-1.,0.,0.));
#6173=DIRECTION('',(-1.,0.,0.));
#6174=DIRECTION('',(0.,-1.,0.));
#6175=DIRECTION('',(-1.,0.,0.));
#6176=DIRECTION('',(0.,-1.,0.));
#6177=DIRECTION('',(0.,-1.,0.));
#6178=DIRECTION('',(0.,-1.,0.));
#6179=DIRECTION('',(0.,-1.,0.));
#6180=DIRECTION('',(0.,-1.,0.));
#6181=DIRECTION('',(0.,-1.,0.));
#6182=DIRECTION('',(0.,-1.,0.));
#6183=DIRECTION('',(0.,-1.,0.));
#6184=DIRECTION('',(0.,-1.,0.));
#6185=DIRECTION('center_axis',(0.122721704364095,0.,-0.992441123330735));
#6186=DIRECTION('ref_axis',(0.992441123330735,0.,0.122721704364095));
#6187=DIRECTION('',(0.992441123330735,0.,0.122721704364095));
#6188=DIRECTION('',(0.,-1.,0.));
#6189=DIRECTION('',(0.992441123330735,0.,0.122721704364095));
#6190=DIRECTION('center_axis',(0.,1.,0.));
#6191=DIRECTION('ref_axis',(1.,0.,0.));
#6192=DIRECTION('center_axis',(1.,0.,0.));
#6193=DIRECTION('ref_axis',(0.,0.,1.));
#6194=DIRECTION('',(0.,0.,1.));
#6195=DIRECTION('',(0.,-1.,0.));
#6196=DIRECTION('',(0.,0.,1.));
#6197=DIRECTION('',(0.,-1.,0.));
#6198=DIRECTION('center_axis',(0.,0.,-1.));
#6199=DIRECTION('ref_axis',(1.,0.,0.));
#6200=DIRECTION('',(1.,0.,0.));
#6201=DIRECTION('',(0.,-1.,0.));
#6202=DIRECTION('',(1.,0.,0.));
#6203=DIRECTION('center_axis',(-1.,0.,0.));
#6204=DIRECTION('ref_axis',(0.,0.,-1.));
#6205=DIRECTION('',(0.,0.,-1.));
#6206=DIRECTION('',(0.,-1.,0.));
#6207=DIRECTION('',(0.,0.,-1.));
#6208=DIRECTION('center_axis',(0.,0.,1.));
#6209=DIRECTION('ref_axis',(-1.,0.,0.));
#6210=DIRECTION('',(-1.,0.,0.));
#6211=DIRECTION('',(-1.,0.,0.));
#6212=DIRECTION('center_axis',(0.,-1.,0.));
#6213=DIRECTION('ref_axis',(0.,0.,-1.));
#6214=DIRECTION('',(0.,-1.,0.));
#6215=DIRECTION('',(0.,-1.,0.));
#6216=DIRECTION('',(0.,-1.,0.));
#6217=DIRECTION('',(0.,-1.,0.));
#6218=DIRECTION('center_axis',(0.,0.,-1.));
#6219=DIRECTION('ref_axis',(1.,0.,0.));
#6220=DIRECTION('',(1.,0.,0.));
#6221=DIRECTION('',(0.,-1.,0.));
#6222=DIRECTION('',(1.,0.,0.));
#6223=DIRECTION('',(0.,-1.,0.));
#6224=DIRECTION('',(0.,-1.,0.));
#6225=DIRECTION('',(0.,-1.,0.));
#6226=DIRECTION('',(0.,-1.,0.));
#6227=DIRECTION('center_axis',(0.,0.,1.));
#6228=DIRECTION('ref_axis',(-1.,0.,0.));
#6229=DIRECTION('',(-1.,0.,0.));
#6230=DIRECTION('',(0.,-1.,0.));
#6231=DIRECTION('',(-1.,0.,0.));
#6232=DIRECTION('',(0.,-1.,0.));
#6233=DIRECTION('',(0.,-1.,0.));
#6234=DIRECTION('',(0.,-1.,0.));
#6235=DIRECTION('',(0.,-1.,0.));
#6236=DIRECTION('',(0.,-1.,0.));
#6237=DIRECTION('',(0.,-1.,0.));
#6238=DIRECTION('',(0.,-1.,0.));
#6239=DIRECTION('',(0.,-1.,0.));
#6240=DIRECTION('',(0.,-1.,0.));
#6241=DIRECTION('center_axis',(0.122721704364095,0.,-0.992441123330735));
#6242=DIRECTION('ref_axis',(0.992441123330735,0.,0.122721704364095));
#6243=DIRECTION('',(0.992441123330735,0.,0.122721704364095));
#6244=DIRECTION('',(0.,-1.,0.));
#6245=DIRECTION('',(0.992441123330735,0.,0.122721704364095));
#6246=DIRECTION('center_axis',(0.,1.,0.));
#6247=DIRECTION('ref_axis',(1.,0.,0.));
#6248=DIRECTION('',(0.,-1.,0.));
#6249=DIRECTION('',(0.,-1.,0.));
#6250=DIRECTION('',(0.,-1.,0.));
#6251=DIRECTION('',(0.,-1.,0.));
#6252=DIRECTION('',(0.,-1.,0.));
#6253=DIRECTION('',(0.,-1.,0.));
#6254=DIRECTION('',(0.,-1.,0.));
#6255=DIRECTION('',(0.,-1.,0.));
#6256=DIRECTION('',(0.,-1.,0.));
#6257=DIRECTION('',(0.,-1.,0.));
#6258=DIRECTION('center_axis',(-1.,0.,0.));
#6259=DIRECTION('ref_axis',(0.,0.,-1.));
#6260=DIRECTION('',(0.,0.,-1.));
#6261=DIRECTION('',(0.,0.,-1.));
#6262=DIRECTION('center_axis',(0.,0.,1.));
#6263=DIRECTION('ref_axis',(-1.,0.,0.));
#6264=DIRECTION('',(-1.,0.,0.));
#6265=DIRECTION('',(0.,-1.,0.));
#6266=DIRECTION('',(-1.,0.,0.));
#6267=DIRECTION('',(0.,-1.,0.));
#6268=DIRECTION('',(0.,-1.,0.));
#6269=DIRECTION('',(0.,-1.,0.));
#6270=DIRECTION('center_axis',(1.,0.,0.));
#6271=DIRECTION('ref_axis',(0.,0.,1.));
#6272=DIRECTION('',(0.,0.,1.));
#6273=DIRECTION('',(0.,-1.,0.));
#6274=DIRECTION('',(0.,0.,1.));
#6275=DIRECTION('',(0.,-1.,0.));
#6276=DIRECTION('',(0.,-1.,0.));
#6277=DIRECTION('',(0.,-1.,0.));
#6278=DIRECTION('',(0.,-1.,0.));
#6279=DIRECTION('',(0.,-1.,0.));
#6280=DIRECTION('',(0.,-1.,0.));
#6281=DIRECTION('',(0.,-1.,0.));
#6282=DIRECTION('center_axis',(-0.135113692557879,0.,0.990830101522645));
#6283=DIRECTION('ref_axis',(-0.990830101522645,0.,-0.135113692557879));
#6284=DIRECTION('',(-0.990830101522645,0.,-0.135113692557879));
#6285=DIRECTION('',(0.,-1.,0.));
#6286=DIRECTION('',(-0.990830101522645,0.,-0.135113692557879));
#6287=DIRECTION('',(0.,-1.,0.));
#6288=DIRECTION('',(0.,-1.,0.));
#6289=DIRECTION('',(0.,-1.,0.));
#6290=DIRECTION('',(0.,-1.,0.));
#6291=DIRECTION('',(0.,-1.,0.));
#6292=DIRECTION('',(0.,-1.,0.));
#6293=DIRECTION('',(0.,-1.,0.));
#6294=DIRECTION('',(0.,-1.,0.));
#6295=DIRECTION('',(0.,-1.,0.));
#6296=DIRECTION('',(0.,-1.,0.));
#6297=DIRECTION('',(0.,-1.,0.));
#6298=DIRECTION('',(0.,-1.,0.));
#6299=DIRECTION('',(0.,-1.,0.));
#6300=DIRECTION('',(0.,-1.,0.));
#6301=DIRECTION('center_axis',(0.,1.,0.));
#6302=DIRECTION('ref_axis',(1.,0.,0.));
#6303=DIRECTION('center_axis',(1.,0.,0.));
#6304=DIRECTION('ref_axis',(0.,0.,1.));
#6305=DIRECTION('',(0.,0.,1.));
#6306=DIRECTION('',(0.,-1.,0.));
#6307=DIRECTION('',(0.,0.,1.));
#6308=DIRECTION('',(0.,-1.,0.));
#6309=DIRECTION('',(0.,-1.,0.));
#6310=DIRECTION('',(0.,-1.,0.));
#6311=DIRECTION('',(0.,-1.,0.));
#6312=DIRECTION('',(0.,-1.,0.));
#6313=DIRECTION('',(0.,-1.,0.));
#6314=DIRECTION('center_axis',(-1.,0.,0.));
#6315=DIRECTION('ref_axis',(0.,0.,-1.));
#6316=DIRECTION('',(0.,0.,-1.));
#6317=DIRECTION('',(0.,-1.,0.));
#6318=DIRECTION('',(0.,0.,-1.));
#6319=DIRECTION('center_axis',(0.,0.,1.));
#6320=DIRECTION('ref_axis',(-1.,0.,0.));
#6321=DIRECTION('',(-1.,0.,0.));
#6322=DIRECTION('',(0.,-1.,0.));
#6323=DIRECTION('',(-1.,0.,0.));
#6324=DIRECTION('center_axis',(1.,0.,0.));
#6325=DIRECTION('ref_axis',(0.,0.,1.));
#6326=DIRECTION('',(0.,0.,1.));
#6327=DIRECTION('',(0.,-1.,0.));
#6328=DIRECTION('',(0.,0.,1.));
#6329=DIRECTION('',(0.,-1.,0.));
#6330=DIRECTION('',(0.,-1.,0.));
#6331=DIRECTION('',(0.,-1.,0.));
#6332=DIRECTION('',(0.,-1.,0.));
#6333=DIRECTION('',(0.,-1.,0.));
#6334=DIRECTION('center_axis',(1.,0.,0.));
#6335=DIRECTION('ref_axis',(0.,0.,1.));
#6336=DIRECTION('',(0.,0.,1.));
#6337=DIRECTION('',(0.,-1.,0.));
#6338=DIRECTION('',(0.,0.,1.));
#6339=DIRECTION('center_axis',(0.,0.,-1.));
#6340=DIRECTION('ref_axis',(1.,0.,0.));
#6341=DIRECTION('',(1.,0.,0.));
#6342=DIRECTION('',(0.,-1.,0.));
#6343=DIRECTION('',(1.,0.,0.));
#6344=DIRECTION('center_axis',(-1.,0.,0.));
#6345=DIRECTION('ref_axis',(0.,0.,-1.));
#6346=DIRECTION('',(0.,0.,-1.));
#6347=DIRECTION('',(0.,-1.,0.));
#6348=DIRECTION('',(0.,0.,-1.));
#6349=DIRECTION('center_axis',(0.,0.,1.));
#6350=DIRECTION('ref_axis',(-1.,0.,0.));
#6351=DIRECTION('',(-1.,0.,0.));
#6352=DIRECTION('',(-1.,0.,0.));
#6353=DIRECTION('center_axis',(0.,1.,0.));
#6354=DIRECTION('ref_axis',(1.,0.,0.));
#6355=DIRECTION('center_axis',(1.,0.,0.));
#6356=DIRECTION('ref_axis',(0.,0.,1.));
#6357=DIRECTION('',(0.,0.,1.));
#6358=DIRECTION('',(0.,-1.,0.));
#6359=DIRECTION('',(0.,0.,1.));
#6360=DIRECTION('',(0.,-1.,0.));
#6361=DIRECTION('',(0.,-1.,0.));
#6362=DIRECTION('',(0.,-1.,0.));
#6363=DIRECTION('',(0.,-1.,0.));
#6364=DIRECTION('',(0.,-1.,0.));
#6365=DIRECTION('',(0.,-1.,0.));
#6366=DIRECTION('center_axis',(-1.,0.,0.));
#6367=DIRECTION('ref_axis',(0.,0.,-1.));
#6368=DIRECTION('',(0.,0.,-1.));
#6369=DIRECTION('',(0.,-1.,0.));
#6370=DIRECTION('',(0.,0.,-1.));
#6371=DIRECTION('center_axis',(0.,0.,1.));
#6372=DIRECTION('ref_axis',(-1.,0.,0.));
#6373=DIRECTION('',(-1.,0.,0.));
#6374=DIRECTION('',(0.,-1.,0.));
#6375=DIRECTION('',(-1.,0.,0.));
#6376=DIRECTION('center_axis',(1.,0.,0.));
#6377=DIRECTION('ref_axis',(0.,0.,1.));
#6378=DIRECTION('',(0.,0.,1.));
#6379=DIRECTION('',(0.,-1.,0.));
#6380=DIRECTION('',(0.,0.,1.));
#6381=DIRECTION('',(0.,-1.,0.));
#6382=DIRECTION('',(0.,-1.,0.));
#6383=DIRECTION('',(0.,-1.,0.));
#6384=DIRECTION('',(0.,-1.,0.));
#6385=DIRECTION('',(0.,-1.,0.));
#6386=DIRECTION('center_axis',(1.,0.,0.));
#6387=DIRECTION('ref_axis',(0.,0.,1.));
#6388=DIRECTION('',(0.,0.,1.));
#6389=DIRECTION('',(0.,-1.,0.));
#6390=DIRECTION('',(0.,0.,1.));
#6391=DIRECTION('center_axis',(0.,0.,-1.));
#6392=DIRECTION('ref_axis',(1.,0.,0.));
#6393=DIRECTION('',(1.,0.,0.));
#6394=DIRECTION('',(0.,-1.,0.));
#6395=DIRECTION('',(1.,0.,0.));
#6396=DIRECTION('center_axis',(-1.,0.,0.));
#6397=DIRECTION('ref_axis',(0.,0.,-1.));
#6398=DIRECTION('',(0.,0.,-1.));
#6399=DIRECTION('',(0.,-1.,0.));
#6400=DIRECTION('',(0.,0.,-1.));
#6401=DIRECTION('center_axis',(0.,0.,1.));
#6402=DIRECTION('ref_axis',(-1.,0.,0.));
#6403=DIRECTION('',(-1.,0.,0.));
#6404=DIRECTION('',(-1.,0.,0.));
#6405=DIRECTION('center_axis',(0.,1.,0.));
#6406=DIRECTION('ref_axis',(1.,0.,0.));
#6407=DIRECTION('',(0.,-1.,0.));
#6408=DIRECTION('',(0.,-1.,0.));
#6409=DIRECTION('',(0.,-1.,0.));
#6410=DIRECTION('',(0.,-1.,0.));
#6411=DIRECTION('center_axis',(0.,0.,-1.));
#6412=DIRECTION('ref_axis',(1.,0.,0.));
#6413=DIRECTION('',(1.,0.,0.));
#6414=DIRECTION('',(0.,-1.,0.));
#6415=DIRECTION('',(1.,0.,0.));
#6416=DIRECTION('',(0.,-1.,0.));
#6417=DIRECTION('',(0.,-1.,0.));
#6418=DIRECTION('',(0.,-1.,0.));
#6419=DIRECTION('',(0.,-1.,0.));
#6420=DIRECTION('center_axis',(0.,0.,1.));
#6421=DIRECTION('ref_axis',(-1.,0.,0.));
#6422=DIRECTION('',(-1.,0.,0.));
#6423=DIRECTION('',(0.,-1.,0.));
#6424=DIRECTION('',(-1.,0.,0.));
#6425=DIRECTION('',(0.,-1.,0.));
#6426=DIRECTION('',(0.,-1.,0.));
#6427=DIRECTION('',(0.,-1.,0.));
#6428=DIRECTION('',(0.,-1.,0.));
#6429=DIRECTION('',(0.,-1.,0.));
#6430=DIRECTION('',(0.,-1.,0.));
#6431=DIRECTION('',(0.,-1.,0.));
#6432=DIRECTION('',(0.,-1.,0.));
#6433=DIRECTION('',(0.,-1.,0.));
#6434=DIRECTION('center_axis',(0.12272119412563,0.,-0.992441186424858));
#6435=DIRECTION('ref_axis',(0.992441186424858,0.,0.12272119412563));
#6436=DIRECTION('',(0.992441186424858,0.,0.12272119412563));
#6437=DIRECTION('',(0.,-1.,0.));
#6438=DIRECTION('',(0.992441186424858,0.,0.12272119412563));
#6439=DIRECTION('center_axis',(0.,1.,0.));
#6440=DIRECTION('ref_axis',(1.,0.,0.));
#6441=DIRECTION('center_axis',(1.,0.,0.));
#6442=DIRECTION('ref_axis',(0.,0.,1.));
#6443=DIRECTION('',(0.,0.,1.));
#6444=DIRECTION('',(0.,-1.,0.));
#6445=DIRECTION('',(0.,0.,1.));
#6446=DIRECTION('',(0.,-1.,0.));
#6447=DIRECTION('center_axis',(0.,0.,1.));
#6448=DIRECTION('ref_axis',(-1.,0.,0.));
#6449=DIRECTION('',(-1.,0.,0.));
#6450=DIRECTION('',(0.,-1.,0.));
#6451=DIRECTION('',(-1.,0.,0.));
#6452=DIRECTION('center_axis',(1.,0.,0.));
#6453=DIRECTION('ref_axis',(0.,0.,1.));
#6454=DIRECTION('',(0.,0.,1.));
#6455=DIRECTION('',(0.,-1.,0.));
#6456=DIRECTION('',(0.,0.,1.));
#6457=DIRECTION('center_axis',(0.,0.,-1.));
#6458=DIRECTION('ref_axis',(1.,0.,0.));
#6459=DIRECTION('',(1.,0.,0.));
#6460=DIRECTION('',(0.,-1.,0.));
#6461=DIRECTION('',(1.,0.,0.));
#6462=DIRECTION('center_axis',(-1.,0.,0.));
#6463=DIRECTION('ref_axis',(0.,0.,-1.));
#6464=DIRECTION('',(0.,0.,-1.));
#6465=DIRECTION('',(0.,-1.,0.));
#6466=DIRECTION('',(0.,0.,-1.));
#6467=DIRECTION('center_axis',(0.,0.,1.));
#6468=DIRECTION('ref_axis',(-1.,0.,0.));
#6469=DIRECTION('',(-1.,0.,0.));
#6470=DIRECTION('',(0.,-1.,0.));
#6471=DIRECTION('',(-1.,0.,0.));
#6472=DIRECTION('center_axis',(-1.,0.,0.));
#6473=DIRECTION('ref_axis',(0.,0.,-1.));
#6474=DIRECTION('',(0.,0.,-1.));
#6475=DIRECTION('',(0.,-1.,0.));
#6476=DIRECTION('',(0.,0.,-1.));
#6477=DIRECTION('center_axis',(0.,0.,1.));
#6478=DIRECTION('ref_axis',(-1.,0.,0.));
#6479=DIRECTION('',(-1.,0.,0.));
#6480=DIRECTION('',(-1.,0.,0.));
#6481=DIRECTION('center_axis',(0.,-1.,0.));
#6482=DIRECTION('ref_axis',(0.,0.,-1.));
#6483=DIRECTION('center_axis',(0.,1.,0.));
#6484=DIRECTION('ref_axis',(1.,0.,0.));
#6485=DIRECTION('center_axis',(0.,1.,0.));
#6486=DIRECTION('ref_axis',(1.,0.,0.));
#6487=DIRECTION('center_axis',(0.,1.,0.));
#6488=DIRECTION('ref_axis',(1.,0.,0.));
#6489=DIRECTION('center_axis',(0.,1.,0.));
#6490=DIRECTION('ref_axis',(1.,0.,0.));
#6491=DIRECTION('center_axis',(0.,1.,0.));
#6492=DIRECTION('ref_axis',(1.,0.,0.));
#6493=DIRECTION('center_axis',(0.,-0.707106781186546,-0.707106781186549));
#6494=DIRECTION('ref_axis',(-1.,0.,0.));
#6495=DIRECTION('',(1.,0.,0.));
#6496=DIRECTION('',(-0.577350269189626,-0.577350269189627,0.577350269189624));
#6497=DIRECTION('',(-1.,0.,0.));
#6498=DIRECTION('',(-0.577350269189626,0.577350269189627,-0.577350269189624));
#6499=DIRECTION('center_axis',(-0.707106781186548,-0.707106781186547,0.));
#6500=DIRECTION('ref_axis',(0.,0.,1.));
#6501=DIRECTION('',(0.,0.,1.));
#6502=DIRECTION('',(0.,0.,-1.));
#6503=DIRECTION('center_axis',(0.,-1.,0.));
#6504=DIRECTION('ref_axis',(5.0532154980743E-16,0.,-1.));
#6505=DIRECTION('center_axis',(0.,1.,0.));
#6506=DIRECTION('ref_axis',(1.,0.,0.));
#6507=DIRECTION('center_axis',(0.,-1.,0.));
#6508=DIRECTION('ref_axis',(1.,0.,0.));
#6509=DIRECTION('center_axis',(0.707106781186548,-0.707106781186547,0.));
#6510=DIRECTION('ref_axis',(0.,0.,-1.));
#6511=DIRECTION('',(0.,0.,1.));
#6512=DIRECTION('',(0.,0.,-1.));
#6513=DIRECTION('center_axis',(1.,0.,0.));
#6514=DIRECTION('ref_axis',(0.,0.,-1.));
#6515=DIRECTION('',(0.,1.,0.));
#6516=DIRECTION('',(0.,0.,-1.));
#6517=DIRECTION('',(0.,1.,0.));
#6518=DIRECTION('center_axis',(0.,0.,-1.));
#6519=DIRECTION('ref_axis',(-1.,0.,0.));
#6520=DIRECTION('',(0.,1.,0.));
#6521=DIRECTION('',(-1.,0.,0.));
#6522=DIRECTION('center_axis',(0.,1.,0.));
#6523=DIRECTION('ref_axis',(1.,0.,0.));
#6524=DIRECTION('center_axis',(0.,-1.,0.));
#6525=DIRECTION('ref_axis',(0.461215394615675,0.,0.887288205584582));
#6526=DIRECTION('',(1.,0.,0.));
#6527=DIRECTION('',(0.,0.,1.));
#6528=DIRECTION('',(-1.,0.,0.));
#6529=DIRECTION('center_axis',(0.,-1.,0.));
#6530=DIRECTION('ref_axis',(-0.707106781186546,0.,-0.707106781186549));
#6531=DIRECTION('',(0.,0.,-1.));
#6532=DIRECTION('center_axis',(0.,-1.,0.));
#6533=DIRECTION('ref_axis',(-0.707106781186547,0.,0.707106781186547));
#6534=DIRECTION('',(-1.,0.,0.));
#6535=DIRECTION('center_axis',(0.,-1.,0.));
#6536=DIRECTION('ref_axis',(0.707106781186547,0.,0.707106781186547));
#6537=DIRECTION('',(0.,0.,1.));
#6538=DIRECTION('center_axis',(0.,-1.,0.));
#6539=DIRECTION('ref_axis',(0.707106781186549,0.,-0.707106781186546));
#6540=DIRECTION('',(-1.,0.,0.));
#6541=DIRECTION('',(0.,0.,-1.));
#6542=DIRECTION('center_axis',(0.,-1.,0.));
#6543=DIRECTION('ref_axis',(1.,0.,0.));
#6544=DIRECTION('center_axis',(0.,-1.,0.));
#6545=DIRECTION('ref_axis',(1.,0.,0.));
#6546=DIRECTION('',(0.,0.,1.));
#6547=DIRECTION('center_axis',(0.,-1.,0.));
#6548=DIRECTION('ref_axis',(-1.,0.,0.));
#6549=DIRECTION('',(-1.,0.,0.));
#6550=DIRECTION('center_axis',(0.,-1.,0.));
#6551=DIRECTION('ref_axis',(1.,0.,0.));
#6552=DIRECTION('',(1.,0.,0.));
#6553=DIRECTION('center_axis',(0.,-1.,0.));
#6554=DIRECTION('ref_axis',(1.,0.,0.));
#6555=DIRECTION('center_axis',(0.,-1.,0.));
#6556=DIRECTION('ref_axis',(1.,0.,0.));
#6557=DIRECTION('center_axis',(0.,-1.,0.));
#6558=DIRECTION('ref_axis',(1.,0.,0.));
#6559=DIRECTION('center_axis',(0.,-1.,0.));
#6560=DIRECTION('ref_axis',(-1.,0.,0.));
#6561=DIRECTION('center_axis',(0.,1.,0.));
#6562=DIRECTION('ref_axis',(-1.,0.,0.));
#6563=DIRECTION('center_axis',(0.,-0.707106781186548,0.707106781186547));
#6564=DIRECTION('ref_axis',(1.,0.,0.));
#6565=DIRECTION('',(-1.,0.,0.));
#6566=DIRECTION('center_axis',(0.,-1.,0.));
#6567=DIRECTION('ref_axis',(1.,0.,0.));
#6568=DIRECTION('center_axis',(0.,1.,0.));
#6569=DIRECTION('ref_axis',(1.,0.,0.));
#6570=DIRECTION('center_axis',(0.,-0.707106781186548,-0.707106781186547));
#6571=DIRECTION('ref_axis',(-1.,0.,0.));
#6572=DIRECTION('',(1.,0.,0.));
#6573=DIRECTION('center_axis',(0.,0.,-1.));
#6574=DIRECTION('ref_axis',(-1.,0.,0.));
#6575=DIRECTION('',(0.,1.,0.));
#6576=DIRECTION('',(-1.,0.,0.));
#6577=DIRECTION('',(0.,1.,0.));
#6578=DIRECTION('center_axis',(0.,1.,0.));
#6579=DIRECTION('ref_axis',(-1.,0.,7.6571373978539E-16));
#6580=DIRECTION('',(0.,1.,0.));
#6581=DIRECTION('center_axis',(0.,-1.,0.));
#6582=DIRECTION('ref_axis',(-1.,0.,0.));
#6583=DIRECTION('center_axis',(0.,1.,0.));
#6584=DIRECTION('ref_axis',(1.,0.,0.));
#6585=DIRECTION('center_axis',(0.,1.,0.));
#6586=DIRECTION('ref_axis',(1.,0.,0.));
#6587=DIRECTION('center_axis',(0.,-1.,0.));
#6588=DIRECTION('ref_axis',(1.,0.,0.));
#6589=DIRECTION('center_axis',(0.,0.707106781186548,0.707106781186547));
#6590=DIRECTION('ref_axis',(1.,0.,0.));
#6591=DIRECTION('',(-1.,0.,0.));
#6592=DIRECTION('',(1.,0.,0.));
#6593=DIRECTION('center_axis',(0.,1.,0.));
#6594=DIRECTION('ref_axis',(-1.,0.,0.));
#6595=DIRECTION('center_axis',(0.,1.,0.));
#6596=DIRECTION('ref_axis',(-1.,0.,0.));
#6597=DIRECTION('center_axis',(0.,0.707106781186548,-0.707106781186547));
#6598=DIRECTION('ref_axis',(-1.,0.,0.));
#6599=DIRECTION('',(1.,0.,0.));
#6600=DIRECTION('center_axis',(0.,1.,0.));
#6601=DIRECTION('ref_axis',(1.,0.,0.));
#6602=DIRECTION('',(0.,1.,0.));
#6603=DIRECTION('center_axis',(0.,1.,0.));
#6604=DIRECTION('ref_axis',(1.,0.,0.));
#6605=DIRECTION('',(0.,0.,-1.));
#6606=DIRECTION('center_axis',(0.,-1.,0.));
#6607=DIRECTION('ref_axis',(-0.707106781186549,0.,0.707106781186546));
#6608=DIRECTION('',(-1.,0.,0.));
#6609=DIRECTION('center_axis',(0.,-1.,0.));
#6610=DIRECTION('ref_axis',(0.707106781186549,0.,0.707106781186546));
#6611=DIRECTION('',(0.,0.,1.));
#6612=DIRECTION('center_axis',(0.,-1.,0.));
#6613=DIRECTION('ref_axis',(0.707106781186549,0.,-0.707106781186546));
#6614=DIRECTION('',(1.,0.,0.));
#6615=DIRECTION('center_axis',(0.,-1.,0.));
#6616=DIRECTION('ref_axis',(-0.707106781186546,0.,-0.707106781186549));
#6617=DIRECTION('center_axis',(0.,-1.,0.));
#6618=DIRECTION('ref_axis',(1.,0.,0.));
#6619=DIRECTION('center_axis',(0.,-1.,0.));
#6620=DIRECTION('ref_axis',(1.,0.,0.));
#6621=DIRECTION('center_axis',(0.,-1.,0.));
#6622=DIRECTION('ref_axis',(1.,0.,0.));
#6623=DIRECTION('center_axis',(0.,-1.,0.));
#6624=DIRECTION('ref_axis',(1.,0.,0.));
#6625=DIRECTION('center_axis',(0.,-1.,0.));
#6626=DIRECTION('ref_axis',(1.,0.,0.));
#6627=DIRECTION('center_axis',(0.,-1.,0.));
#6628=DIRECTION('ref_axis',(1.,0.,0.));
#6629=DIRECTION('',(0.,0.,-1.));
#6630=DIRECTION('',(1.,0.,0.));
#6631=DIRECTION('',(0.,0.,1.));
#6632=DIRECTION('',(-1.,0.,0.));
#6633=DIRECTION('center_axis',(0.,1.,0.));
#6634=DIRECTION('ref_axis',(1.,0.,0.));
#6635=DIRECTION('',(0.,0.,1.));
#6636=DIRECTION('',(1.,0.,0.));
#6637=DIRECTION('',(0.,0.,-1.));
#6638=DIRECTION('center_axis',(0.,0.707106781186546,-0.707106781186549));
#6639=DIRECTION('ref_axis',(-1.,0.,0.));
#6640=DIRECTION('',(0.577350269189626,-0.577350269189626,-0.577350269189624));
#6641=DIRECTION('',(-0.577350269189626,-0.577350269189626,-0.577350269189624));
#6642=DIRECTION('center_axis',(0.707106781186548,0.707106781186548,0.));
#6643=DIRECTION('ref_axis',(0.,0.,-1.));
#6644=DIRECTION('center_axis',(0.,1.,0.));
#6645=DIRECTION('ref_axis',(6.12323399573677E-17,0.,-1.));
#6646=DIRECTION('center_axis',(0.,-1.,0.));
#6647=DIRECTION('ref_axis',(1.,0.,0.));
#6648=DIRECTION('center_axis',(-0.707106781186548,0.707106781186548,0.));
#6649=DIRECTION('ref_axis',(0.,0.,1.));
#6650=DIRECTION('',(0.,0.,1.));
#6651=DIRECTION('center_axis',(-1.,0.,0.));
#6652=DIRECTION('ref_axis',(0.,0.,1.));
#6653=DIRECTION('',(0.,1.,0.));
#6654=DIRECTION('center_axis',(-0.346705173629484,0.242765576111707,0.90601346437771));
#6655=DIRECTION('ref_axis',(0.573576436351041,0.819152044288995,-3.55271367880051E-14));
#6656=DIRECTION('center_axis',(-0.346705173629561,0.242765576111722,0.906013464377677));
#6657=DIRECTION('ref_axis',(0.303039611197259,0.943116330402618,-0.136742756200518));
#6658=DIRECTION('center_axis',(-0.346705173629547,0.242765576111665,0.906013464377697));
#6659=DIRECTION('ref_axis',(0.573576436351029,0.819152044289004,3.55271367880049E-14));
#6660=DIRECTION('',(0.346705173629561,-0.242765576111723,-0.906013464377677));
#6661=DIRECTION('',(-0.346705173629561,0.242765576111722,0.906013464377677));
#6662=DIRECTION('center_axis',(0.,0.,1.));
#6663=DIRECTION('ref_axis',(1.,0.,0.));
#6664=DIRECTION('center_axis',(0.,0.,1.));
#6665=DIRECTION('ref_axis',(0.300705799504266,0.953716950748229,0.));
#6666=DIRECTION('center_axis',(-1.,0.,0.));
#6667=DIRECTION('ref_axis',(0.,0.991444861373806,-0.130526192220088));
#6668=DIRECTION('center_axis',(0.,0.,1.));
#6669=DIRECTION('ref_axis',(0.30070579950427,0.953716950748228,0.));
#6670=DIRECTION('',(0.,0.,1.));
#6671=DIRECTION('center_axis',(-0.573576436351042,-0.819152044288994,0.));
#6672=DIRECTION('ref_axis',(-0.819152044288994,0.573576436351042,0.));
#6673=DIRECTION('center_axis',(0.573576436351042,0.819152044288994,0.));
#6674=DIRECTION('ref_axis',(0.819152044288994,-0.573576436351042,0.));
#6675=DIRECTION('',(0.,0.,-1.));
#6676=DIRECTION('center_axis',(0.573576436351042,0.819152044288994,0.));
#6677=DIRECTION('ref_axis',(0.819152044288994,-0.573576436351042,0.));
#6678=DIRECTION('',(0.438895726599745,-0.307318096253166,0.844349530045355));
#6679=DIRECTION('center_axis',(0.573576436351042,0.819152044288994,0.));
#6680=DIRECTION('ref_axis',(0.819152044288994,-0.573576436351042,0.));
#6681=DIRECTION('center_axis',(0.438895726599744,-0.307318096253166,0.844349530045355));
#6682=DIRECTION('ref_axis',(0.304873870404199,0.934881118709315,0.181794436178845));
#6683=DIRECTION('center_axis',(0.438895726599763,-0.307318096253177,0.844349530045341));
#6684=DIRECTION('ref_axis',(0.57357643635104,0.819152044288996,0.));
#6685=DIRECTION('',(-0.438895726599745,0.307318096253166,-0.844349530045355));
#6686=DIRECTION('center_axis',(0.848202725355125,-0.181158399440716,0.497728611807897));
#6687=DIRECTION('ref_axis',(0.529671725411257,0.290102417695177,-0.79704984194671));
#6688=DIRECTION('center_axis',(1.,0.,0.));
#6689=DIRECTION('ref_axis',(0.,0.,-1.));
#6690=DIRECTION('center_axis',(1.,0.,0.));
#6691=DIRECTION('ref_axis',(0.,0.939692620785905,0.342020143325677));
#6692=DIRECTION('center_axis',(0.,-0.342020143325686,0.939692620785902));
#6693=DIRECTION('ref_axis',(-1.,0.,0.));
#6694=DIRECTION('center_axis',(-1.,0.,0.));
#6695=DIRECTION('ref_axis',(0.,0.984807753012207,0.173648177666938));
#6696=DIRECTION('center_axis',(0.,0.,-1.));
#6697=DIRECTION('ref_axis',(0.,-1.,0.));
#6698=DIRECTION('center_axis',(0.,-0.342020143325669,0.939692620785908));
#6699=DIRECTION('ref_axis',(-0.707106781186551,-0.664463024388671,-0.241844762647976));
#6700=DIRECTION('center_axis',(3.96499458044348E-14,0.342020143325646,-0.939692620785917));
#6701=DIRECTION('ref_axis',(0.,-0.939692620785917,-0.342020143325646));
#6702=DIRECTION('',(0.,0.342020143325669,-0.939692620785908));
#6703=DIRECTION('',(0.,-0.342020143325669,0.939692620785908));
#6704=DIRECTION('center_axis',(-1.,0.,0.));
#6705=DIRECTION('ref_axis',(0.,-0.939692620785906,-0.342020143325675));
#6706=DIRECTION('center_axis',(1.32233851567176E-16,-0.952845319429918,
-0.303456417365817));
#6707=DIRECTION('ref_axis',(0.,-0.303456417365817,0.952845319429918));
#6708=DIRECTION('center_axis',(0.,0.939692620785908,0.342020143325669));
#6709=DIRECTION('ref_axis',(2.23557510785758E-16,-0.342020143325669,0.939692620785908));
#6710=DIRECTION('center_axis',(-1.,0.,0.));
#6711=DIRECTION('ref_axis',(0.,-0.819152044289004,0.573576436351028));
#6712=DIRECTION('center_axis',(-1.,0.,0.));
#6713=DIRECTION('ref_axis',(0.,-0.939692620785906,-0.342020143325675));
#6714=DIRECTION('',(-1.,0.,0.));
#6715=DIRECTION('',(1.,0.,0.));
#6716=DIRECTION('center_axis',(0.,-0.952845319429918,-0.303456417365817));
#6717=DIRECTION('ref_axis',(0.,-0.303456417365817,0.952845319429918));
#6718=DIRECTION('center_axis',(0.,0.939692620785908,0.342020143325669));
#6719=DIRECTION('ref_axis',(-2.23557510785758E-16,-0.342020143325669,0.939692620785908));
#6720=DIRECTION('center_axis',(1.,0.,0.));
#6721=DIRECTION('ref_axis',(0.,0.,-1.));
#6722=DIRECTION('center_axis',(1.,0.,0.));
#6723=DIRECTION('ref_axis',(0.,1.,0.));
#6724=DIRECTION('center_axis',(0.,0.,1.));
#6725=DIRECTION('ref_axis',(-1.,0.,0.));
#6726=DIRECTION('center_axis',(-1.,0.,0.));
#6727=DIRECTION('ref_axis',(0.,0.99144486137381,-0.130526192220052));
#6728=DIRECTION('center_axis',(0.,-0.258819045102532,-0.965925826289065));
#6729=DIRECTION('ref_axis',(0.,-0.965925826289065,0.258819045102532));
#6730=DIRECTION('center_axis',(0.,0.,1.));
#6731=DIRECTION('ref_axis',(-0.707106781186546,-0.707106781186549,0.));
#6732=DIRECTION('',(0.,0.,-1.));
#6733=DIRECTION('center_axis',(0.,0.965925826289068,-0.258819045102521));
#6734=DIRECTION('ref_axis',(-9.1919407922246E-16,-0.258819045102521,-0.965925826289068));
#6735=DIRECTION('center_axis',(1.,0.,0.));
#6736=DIRECTION('ref_axis',(0.,-0.965925826289065,0.258819045102532));
#6737=DIRECTION('center_axis',(-1.3511398746722E-16,-0.973598885775862,
0.228265655796048));
#6738=DIRECTION('ref_axis',(-1.08091189973776E-15,-0.228265655796048,-0.973598885775862));
#6739=DIRECTION('center_axis',(-1.,0.,0.));
#6740=DIRECTION('ref_axis',(0.,-0.793353340291222,-0.608761429008738));
#6741=DIRECTION('center_axis',(1.,0.,0.));
#6742=DIRECTION('ref_axis',(0.,-0.965925826289065,0.258819045102532));
#6743=DIRECTION('',(1.,0.,0.));
#6744=DIRECTION('',(-1.,0.,0.));
#6745=DIRECTION('center_axis',(-4.3102029462649E-16,-0.258819045102532,
-0.965925826289065));
#6746=DIRECTION('ref_axis',(0.,-0.965925826289065,0.258819045102532));
#6747=DIRECTION('center_axis',(-2.0267098120083E-16,-0.973598885775862,
0.228265655796048));
#6748=DIRECTION('ref_axis',(-1.08091189973776E-15,-0.228265655796048,-0.973598885775862));
#6749=DIRECTION('center_axis',(0.,0.965925826289068,-0.258819045102521));
#6750=DIRECTION('ref_axis',(-9.1919407922246E-16,-0.258819045102521,-0.965925826289068));
#6751=DIRECTION('center_axis',(0.,0.258819045102521,0.965925826289068));
#6752=DIRECTION('ref_axis',(-0.707106781186546,-0.683012701892225,0.183012701892204));
#6753=DIRECTION('',(0.,-0.258819045102521,-0.965925826289068));
#6754=DIRECTION('',(0.,0.258819045102521,0.965925826289068));
#6755=DIRECTION('center_axis',(1.,0.,0.));
#6756=DIRECTION('ref_axis',(0.,0.991444861373807,-0.130526192220075));
#6757=DIRECTION('center_axis',(1.,0.,0.));
#6758=DIRECTION('ref_axis',(0.,0.965925826289066,-0.258819045102532));
#6759=DIRECTION('',(1.,0.,0.));
#6760=DIRECTION('center_axis',(-1.,0.,0.));
#6761=DIRECTION('ref_axis',(0.,0.98480775301221,0.173648177666917));
#6762=DIRECTION('',(-1.,0.,0.));
#6763=DIRECTION('center_axis',(-0.995343378177829,0.0249482758379675,0.093108232988601));
#6764=DIRECTION('ref_axis',(0.0287244490755256,0.998809012951284,0.0394393416855365));
#6765=DIRECTION('center_axis',(1.,1.53587822866879E-14,-1.13134020789686E-14));
#6766=DIRECTION('ref_axis',(-1.77635683940025E-14,0.965925826289065,-0.258819045102534));
#6767=DIRECTION('center_axis',(-1.,0.,0.));
#6768=DIRECTION('ref_axis',(0.,0.995500212074154,0.0947593148999882));
#6769=DIRECTION('center_axis',(1.,0.,0.));
#6770=DIRECTION('ref_axis',(0.,0.965925826289065,-0.258819045102532));
#6771=DIRECTION('',(-1.,0.,0.));
#6772=DIRECTION('',(1.,0.,0.));
#6773=DIRECTION('center_axis',(0.995343378177834,0.0249482758379728,0.0931082329885525));
#6774=DIRECTION('ref_axis',(0.,0.965925826289065,-0.258819045102534));
#6775=DIRECTION('center_axis',(1.,0.,0.));
#6776=DIRECTION('ref_axis',(0.,0.991444861373807,-0.130526192220075));
#6777=DIRECTION('center_axis',(-1.,0.,0.));
#6778=DIRECTION('ref_axis',(0.,1.,0.));
#6779=DIRECTION('',(1.,0.,0.));
#6780=DIRECTION('center_axis',(0.,1.,0.));
#6781=DIRECTION('ref_axis',(-0.707106781186549,0.,0.707106781186546));
#6782=DIRECTION('',(0.,1.,0.));
#6783=DIRECTION('center_axis',(0.,1.,0.));
#6784=DIRECTION('ref_axis',(-0.707106781186549,0.,0.707106781186546));
#6785=DIRECTION('',(0.,-1.,0.));
#6786=DIRECTION('center_axis',(0.,0.,1.));
#6787=DIRECTION('ref_axis',(1.,0.,0.));
#6788=DIRECTION('',(0.,-1.,0.));
#6789=DIRECTION('',(1.,0.,0.));
#6790=DIRECTION('center_axis',(0.,1.,0.));
#6791=DIRECTION('ref_axis',(0.707106781186549,0.,0.707106781186546));
#6792=DIRECTION('',(0.,1.,0.));
#6793=DIRECTION('center_axis',(0.,1.,0.));
#6794=DIRECTION('ref_axis',(0.707106781186549,0.,0.707106781186546));
#6795=DIRECTION('center_axis',(0.,-0.939692620785908,-0.342020143325669));
#6796=DIRECTION('ref_axis',(0.,-0.342020143325669,0.939692620785908));
#6797=DIRECTION('center_axis',(0.,-1.,0.));
#6798=DIRECTION('ref_axis',(0.,0.,-1.));
#6799=DIRECTION('center_axis',(0.808333333333327,-5.22892913003531E-15,
-0.588725082039344));
#6800=DIRECTION('ref_axis',(0.,1.,-8.88178419700125E-15));
#6801=DIRECTION('center_axis',(0.,1.,0.));
#6802=DIRECTION('ref_axis',(-0.707106781186546,0.,-0.707106781186549));
#6803=DIRECTION('center_axis',(0.,0.,-1.));
#6804=DIRECTION('ref_axis',(0.,1.,0.));
#6805=DIRECTION('center_axis',(0.,-1.,0.));
#6806=DIRECTION('ref_axis',(0.,0.,-1.));
#6807=DIRECTION('center_axis',(1.,0.,0.));
#6808=DIRECTION('ref_axis',(0.,1.,0.));
#6809=DIRECTION('center_axis',(0.,1.,0.));
#6810=DIRECTION('ref_axis',(0.,0.,-1.));
#6811=DIRECTION('center_axis',(-1.,0.,0.));
#6812=DIRECTION('ref_axis',(0.,0.707106781186549,0.707106781186546));
#6813=DIRECTION('center_axis',(-1.,0.,0.));
#6814=DIRECTION('ref_axis',(0.,0.,1.));
#6815=DIRECTION('',(-1.,0.,0.));
#6816=DIRECTION('center_axis',(0.,-1.,0.));
#6817=DIRECTION('ref_axis',(0.,0.,-1.));
#6818=DIRECTION('center_axis',(-0.808333333333328,0.,-0.588725082039342));
#6819=DIRECTION('ref_axis',(-0.588725082039342,0.,0.808333333333328));
#6820=DIRECTION('center_axis',(0.,1.,0.));
#6821=DIRECTION('ref_axis',(0.,0.,-1.));
#6822=DIRECTION('center_axis',(0.,-1.,0.));
#6823=DIRECTION('ref_axis',(0.,0.,-1.));
#6824=DIRECTION('center_axis',(0.,0.,1.));
#6825=DIRECTION('ref_axis',(0.,1.,0.));
#6826=DIRECTION('center_axis',(0.,1.,0.));
#6827=DIRECTION('ref_axis',(0.707106781186549,0.,-0.707106781186546));
#6828=DIRECTION('center_axis',(-0.707106781186547,0.707106781186548,0.));
#6829=DIRECTION('ref_axis',(0.,0.,1.));
#6830=DIRECTION('',(0.707106781186548,0.707106781186547,0.));
#6831=DIRECTION('',(-0.707106781186548,-0.707106781186547,0.));
#6832=DIRECTION('',(0.,0.,1.));
#6833=DIRECTION('center_axis',(0.,-1.,0.));
#6834=DIRECTION('ref_axis',(-0.707106781186549,0.,0.707106781186546));
#6835=DIRECTION('',(0.,0.707106781186552,-0.707106781186543));
#6836=DIRECTION('center_axis',(0.,0.707106781186546,0.707106781186549));
#6837=DIRECTION('ref_axis',(1.,0.,0.));
#6838=DIRECTION('',(0.,0.707106781186549,-0.707106781186546));
#6839=DIRECTION('center_axis',(0.,-1.,0.));
#6840=DIRECTION('ref_axis',(0.707106781186549,0.,0.707106781186546));
#6841=DIRECTION('',(-0.707106781186548,0.707106781186547,0.));
#6842=DIRECTION('center_axis',(0.707106781186547,0.707106781186548,0.));
#6843=DIRECTION('ref_axis',(0.,0.,-1.));
#6844=DIRECTION('',(-0.707106781186548,0.707106781186547,0.));
#6845=DIRECTION('',(0.,0.,-1.));
#6846=DIRECTION('center_axis',(0.,-1.,0.));
#6847=DIRECTION('ref_axis',(0.707106781186549,0.,-0.707106781186546));
#6848=DIRECTION('center_axis',(0.,1.,0.));
#6849=DIRECTION('ref_axis',(0.707106781186549,0.,-0.707106781186546));
#6850=DIRECTION('',(0.,0.707106781186552,0.707106781186543));
#6851=DIRECTION('center_axis',(0.,0.707106781186546,-0.707106781186549));
#6852=DIRECTION('ref_axis',(-1.,0.,0.));
#6853=DIRECTION('',(0.,0.707106781186549,0.707106781186546));
#6854=DIRECTION('',(-1.,0.,0.));
#6855=DIRECTION('center_axis',(0.,-1.,0.));
#6856=DIRECTION('ref_axis',(-0.707106781186546,0.,-0.707106781186549));
#6857=DIRECTION('center_axis',(0.,1.,0.));
#6858=DIRECTION('ref_axis',(-0.707106781186546,0.,-0.707106781186549));
#6859=DIRECTION('center_axis',(-1.,0.,0.));
#6860=DIRECTION('ref_axis',(0.,0.,1.));
#6861=DIRECTION('',(0.,1.,0.));
#6862=DIRECTION('center_axis',(-0.707106781186547,0.707106781186548,0.));
#6863=DIRECTION('ref_axis',(0.,0.,1.));
#6864=DIRECTION('',(-0.577350269189625,-0.577350269189624,0.577350269189629));
#6865=DIRECTION('',(0.,0.,1.));
#6866=DIRECTION('',(-0.577350269189627,-0.577350269189627,-0.577350269189623));
#6867=DIRECTION('center_axis',(0.,0.70710678118655,0.707106781186545));
#6868=DIRECTION('ref_axis',(1.,0.,0.));
#6869=DIRECTION('',(0.577350269189625,-0.577350269189624,0.577350269189629));
#6870=DIRECTION('',(1.,0.,0.));
#6871=DIRECTION('center_axis',(0.707106781186547,0.707106781186548,0.));
#6872=DIRECTION('ref_axis',(0.,0.,-1.));
#6873=DIRECTION('',(0.577350269189627,-0.577350269189627,-0.577350269189623));
#6874=DIRECTION('',(0.,0.,-1.));
#6875=DIRECTION('center_axis',(0.,0.707106781186545,-0.70710678118655));
#6876=DIRECTION('ref_axis',(-1.,0.,0.));
#6877=DIRECTION('',(-1.,0.,0.));
#6878=DIRECTION('center_axis',(0.,0.,-1.));
#6879=DIRECTION('ref_axis',(-1.,0.,0.));
#6880=DIRECTION('',(0.,1.,0.));
#6881=DIRECTION('',(1.,0.,0.));
#6882=DIRECTION('',(0.,1.,0.));
#6883=DIRECTION('center_axis',(-1.,0.,0.));
#6884=DIRECTION('ref_axis',(0.,0.,1.));
#6885=DIRECTION('',(0.,-1.,0.));
#6886=DIRECTION('',(0.,0.,-1.));
#6887=DIRECTION('center_axis',(0.,0.,1.));
#6888=DIRECTION('ref_axis',(0.70710678118655,-0.707106781186545,0.));
#6889=DIRECTION('',(0.,0.,-1.));
#6890=DIRECTION('center_axis',(-0.70710678118655,0.,0.707106781186545));
#6891=DIRECTION('ref_axis',(-0.707106781186545,0.,-0.70710678118655));
#6892=DIRECTION('',(0.,0.,1.));
#6893=DIRECTION('center_axis',(0.707106781186545,0.,0.70710678118655));
#6894=DIRECTION('ref_axis',(-0.70710678118655,0.,0.707106781186545));
#6895=DIRECTION('center_axis',(-1.,0.,0.));
#6896=DIRECTION('ref_axis',(0.,-0.707106781186555,0.70710678118654));
#6897=DIRECTION('',(1.,0.,0.));
#6898=DIRECTION('center_axis',(-0.70710678118655,0.,-0.707106781186545));
#6899=DIRECTION('ref_axis',(0.707106781186545,0.,-0.70710678118655));
#6900=DIRECTION('',(-1.,0.,0.));
#6901=DIRECTION('center_axis',(0.,0.,-1.));
#6902=DIRECTION('ref_axis',(-0.70710678118655,-0.707106781186545,0.));
#6903=DIRECTION('',(0.,0.,1.));
#6904=DIRECTION('center_axis',(0.707106781186545,0.,-0.70710678118655));
#6905=DIRECTION('ref_axis',(0.70710678118655,0.,0.707106781186545));
#6906=DIRECTION('center_axis',(1.,0.,0.));
#6907=DIRECTION('ref_axis',(0.,-0.707106781186545,-0.70710678118655));
#6908=DIRECTION('',(-1.,0.,0.));
#6909=DIRECTION('center_axis',(1.,0.,0.));
#6910=DIRECTION('ref_axis',(0.,0.,-1.));
#6911=DIRECTION('',(0.,1.,0.));
#6912=DIRECTION('center_axis',(0.,-1.,0.));
#6913=DIRECTION('ref_axis',(0.,0.,-1.));
#6914=DIRECTION('center_axis',(0.,1.,0.));
#6915=DIRECTION('ref_axis',(0.707106781186548,0.,0.707106781186548));
#6916=DIRECTION('',(1.,0.,0.));
#6917=DIRECTION('center_axis',(0.,1.,0.));
#6918=DIRECTION('ref_axis',(-0.707106781186548,0.,0.707106781186548));
#6919=DIRECTION('',(0.,0.,1.));
#6920=DIRECTION('center_axis',(0.,1.,0.));
#6921=DIRECTION('ref_axis',(-0.707106781186546,0.,-0.707106781186549));
#6922=DIRECTION('',(-1.,0.,0.));
#6923=DIRECTION('center_axis',(0.,1.,0.));
#6924=DIRECTION('ref_axis',(0.707106781186549,0.,-0.707106781186546));
#6925=DIRECTION('',(0.,0.,-1.));
#6926=DIRECTION('center_axis',(0.,1.,0.));
#6927=DIRECTION('ref_axis',(0.,0.,1.));
#6928=DIRECTION('center_axis',(1.,0.,0.));
#6929=DIRECTION('ref_axis',(0.,0.,1.));
#6930=DIRECTION('center_axis',(0.,0.,1.));
#6931=DIRECTION('ref_axis',(0.,-1.,0.));
#6932=DIRECTION('center_axis',(0.,-1.,0.));
#6933=DIRECTION('ref_axis',(0.707106781186548,0.,0.707106781186548));
#6934=DIRECTION('center_axis',(0.,0.,1.));
#6935=DIRECTION('ref_axis',(0.70710678118655,-0.707106781186545,0.));
#6936=DIRECTION('center_axis',(0.,0.,1.));
#6937=DIRECTION('ref_axis',(0.,-1.,0.));
#6938=DIRECTION('',(0.,0.,1.));
#6939=DIRECTION('center_axis',(0.,1.,0.));
#6940=DIRECTION('ref_axis',(0.,0.,1.));
#6941=DIRECTION('center_axis',(1.,0.,0.));
#6942=DIRECTION('ref_axis',(0.,-1.,0.));
#6943=DIRECTION('center_axis',(0.,-1.,0.));
#6944=DIRECTION('ref_axis',(0.707106781186549,0.,-0.707106781186546));
#6945=DIRECTION('center_axis',(1.,0.,0.));
#6946=DIRECTION('ref_axis',(0.,-0.707106781186555,-0.70710678118654));
#6947=DIRECTION('center_axis',(1.,0.,0.));
#6948=DIRECTION('ref_axis',(0.,-1.,0.));
#6949=DIRECTION('',(1.,0.,0.));
#6950=DIRECTION('center_axis',(0.,1.,0.));
#6951=DIRECTION('ref_axis',(0.,0.,1.));
#6952=DIRECTION('center_axis',(0.,0.,-1.));
#6953=DIRECTION('ref_axis',(0.,-1.,0.));
#6954=DIRECTION('center_axis',(0.,-1.,0.));
#6955=DIRECTION('ref_axis',(-0.707106781186546,0.,-0.707106781186549));
#6956=DIRECTION('center_axis',(0.,0.,-1.));
#6957=DIRECTION('ref_axis',(-0.70710678118655,-0.707106781186545,0.));
#6958=DIRECTION('center_axis',(0.,0.,-1.));
#6959=DIRECTION('ref_axis',(0.,-1.,0.));
#6960=DIRECTION('',(0.,0.,-1.));
#6961=DIRECTION('center_axis',(0.,1.,0.));
#6962=DIRECTION('ref_axis',(0.,0.,1.));
#6963=DIRECTION('center_axis',(-1.,0.,0.));
#6964=DIRECTION('ref_axis',(0.,-1.,0.));
#6965=DIRECTION('center_axis',(0.,-1.,0.));
#6966=DIRECTION('ref_axis',(-0.707106781186548,0.,0.707106781186548));
#6967=DIRECTION('center_axis',(-1.,0.,0.));
#6968=DIRECTION('ref_axis',(0.,-0.707106781186545,0.70710678118655));
#6969=DIRECTION('',(-1.,0.,0.));
#6970=DIRECTION('center_axis',(-1.,0.,0.));
#6971=DIRECTION('ref_axis',(0.,0.,-1.));
#6972=DIRECTION('',(0.,-1.,0.));
#6973=DIRECTION('',(0.,0.,1.));
#6974=DIRECTION('',(0.,1.,0.));
#6975=DIRECTION('center_axis',(0.,-1.,0.));
#6976=DIRECTION('ref_axis',(-0.707106781186548,0.,0.707106781186548));
#6977=DIRECTION('',(0.,1.,0.));
#6978=DIRECTION('center_axis',(0.,1.,0.));
#6979=DIRECTION('ref_axis',(-0.707106781186548,0.,0.707106781186548));
#6980=DIRECTION('center_axis',(0.,0.,1.));
#6981=DIRECTION('ref_axis',(-1.,0.,0.));
#6982=DIRECTION('',(0.,-1.,0.));
#6983=DIRECTION('',(1.,0.,0.));
#6984=DIRECTION('center_axis',(0.,-1.,0.));
#6985=DIRECTION('ref_axis',(0.707106781186548,0.,0.707106781186548));
#6986=DIRECTION('',(0.,1.,0.));
#6987=DIRECTION('center_axis',(0.,1.,0.));
#6988=DIRECTION('ref_axis',(0.707106781186548,0.,0.707106781186548));
#6989=DIRECTION('center_axis',(0.,-1.,0.));
#6990=DIRECTION('ref_axis',(0.,0.,-1.));
#6991=DIRECTION('center_axis',(1.,0.,0.));
#6992=DIRECTION('ref_axis',(0.,0.,-1.));
#6993=DIRECTION('center_axis',(0.,0.,-1.));
#6994=DIRECTION('ref_axis',(0.,1.,0.));
#6995=DIRECTION('center_axis',(0.,0.,1.));
#6996=DIRECTION('ref_axis',(0.707106781186548,0.707106781186547,0.));
#6997=DIRECTION('center_axis',(0.,0.,-1.));
#6998=DIRECTION('ref_axis',(-0.707106781186548,0.707106781186547,0.));
#6999=DIRECTION('center_axis',(0.,0.,1.));
#7000=DIRECTION('ref_axis',(0.,1.,0.));
#7001=DIRECTION('',(0.,0.,-1.));
#7002=DIRECTION('center_axis',(0.,-1.,0.));
#7003=DIRECTION('ref_axis',(0.,0.,-1.));
#7004=DIRECTION('center_axis',(-1.,0.,0.));
#7005=DIRECTION('ref_axis',(0.,1.,0.));
#7006=DIRECTION('center_axis',(1.,0.,0.));
#7007=DIRECTION('ref_axis',(0.,0.707106781186547,-0.707106781186548));
#7008=DIRECTION('center_axis',(0.,-1.,0.));
#7009=DIRECTION('ref_axis',(-0.707106781186546,0.,-0.707106781186549));
#7010=DIRECTION('',(0.,-1.,0.));
#7011=DIRECTION('center_axis',(0.,0.,-1.));
#7012=DIRECTION('ref_axis',(1.,0.,0.));
#7013=DIRECTION('',(0.,1.,0.));
#7014=DIRECTION('center_axis',(0.,-1.,0.));
#7015=DIRECTION('ref_axis',(0.707106781186549,0.,-0.707106781186546));
#7016=DIRECTION('',(0.,-1.,0.));
#7017=DIRECTION('center_axis',(0.,-1.,0.));
#7018=DIRECTION('ref_axis',(-0.707106781186546,0.,-0.707106781186549));
#7019=DIRECTION('',(0.,-1.,0.));
#7020=DIRECTION('center_axis',(0.,-0.965925826289068,0.258819045102521));
#7021=DIRECTION('ref_axis',(0.,0.258819045102521,0.965925826289068));
#7022=DIRECTION('center_axis',(0.,0.965925826289068,-0.258819045102521));
#7023=DIRECTION('ref_axis',(0.,0.258819045102521,0.965925826289068));
#7024=DIRECTION('center_axis',(0.,0.965925826289068,-0.258819045102521));
#7025=DIRECTION('ref_axis',(0.,0.258819045102521,0.965925826289068));
#7026=DIRECTION('center_axis',(0.,0.,-1.));
#7027=DIRECTION('ref_axis',(-1.,0.,0.));
#7028=DIRECTION('',(0.,1.,0.));
#7029=DIRECTION('center_axis',(0.,1.,0.));
#7030=DIRECTION('ref_axis',(0.707106781186549,0.,-0.707106781186546));
#7031=DIRECTION('',(0.,-1.,0.));
#7032=DIRECTION('center_axis',(1.,0.,0.));
#7033=DIRECTION('ref_axis',(0.,0.,1.));
#7034=DIRECTION('center_axis',(0.,1.,0.));
#7035=DIRECTION('ref_axis',(1.,0.,0.));
#7036=DIRECTION('',(0.,-1.,0.));
#7037=DIRECTION('center_axis',(0.,0.,1.));
#7038=DIRECTION('ref_axis',(1.,0.,0.));
#7039=DIRECTION('center_axis',(0.,1.,0.));
#7040=DIRECTION('ref_axis',(6.12323399573677E-17,0.,-1.));
#7041=DIRECTION('center_axis',(0.,1.,0.));
#7042=DIRECTION('ref_axis',(1.,0.,0.));
#7043=DIRECTION('',(0.,-1.,0.));
#7044=DIRECTION('center_axis',(0.,1.,0.));
#7045=DIRECTION('ref_axis',(1.,0.,0.));
#7046=DIRECTION('',(0.,-1.,0.));
#7047=DIRECTION('center_axis',(0.,1.,0.));
#7048=DIRECTION('ref_axis',(1.,0.,0.));
#7049=DIRECTION('',(0.,-1.,0.));
#7050=DIRECTION('center_axis',(0.,1.,0.));
#7051=DIRECTION('ref_axis',(1.,0.,0.));
#7052=DIRECTION('',(0.,-1.,0.));
#7053=DIRECTION('center_axis',(0.,0.,1.));
#7054=DIRECTION('ref_axis',(1.,0.,0.));
#7055=DIRECTION('center_axis',(0.,1.,0.));
#7056=DIRECTION('ref_axis',(1.,0.,0.));
#7057=DIRECTION('',(0.,-1.,0.));
#7058=DIRECTION('center_axis',(1.,0.,0.));
#7059=DIRECTION('ref_axis',(0.,0.,-1.));
#7060=CARTESIAN_POINT('',(0.,0.,0.));
#7061=CARTESIAN_POINT('Origin',(-1.29536189255305,3.5,-28.3604302135274));
#7062=CARTESIAN_POINT('',(-1.29536189255305,3.5,-28.3604302135274));
#7063=CARTESIAN_POINT('',(-1.29536189255305,3.5,-24.7935821739004));
#7064=CARTESIAN_POINT('',(-1.29536189255305,3.5,-14.1802151067637));
#7065=CARTESIAN_POINT('',(-1.29536189255305,3.1,-28.3604302135274));
#7066=CARTESIAN_POINT('',(-1.29536189255305,3.5,-28.3604302135274));
#7067=CARTESIAN_POINT('',(-1.29536189255305,3.1,-24.7935821739004));
#7068=CARTESIAN_POINT('',(-1.29536189255305,3.1,-28.3604302135274));
#7069=CARTESIAN_POINT('',(-1.29536189255305,3.5,-24.7935821739004));
#7070=CARTESIAN_POINT('Ctrl Pts',(-1.11118592438288,3.5,-29.5637049403951));
#7071=CARTESIAN_POINT('Ctrl Pts',(-1.11118592438288,3.1,-29.5637049403951));
#7072=CARTESIAN_POINT('Ctrl Pts',(-1.29536189255305,3.5,-29.1278245178029));
#7073=CARTESIAN_POINT('Ctrl Pts',(-1.29536189255305,3.1,-29.1278245178029));
#7074=CARTESIAN_POINT('Ctrl Pts',(-1.29536189255305,3.5,-28.3604302135274));
#7075=CARTESIAN_POINT('Ctrl Pts',(-1.29536189255305,3.1,-28.3604302135274));
#7076=CARTESIAN_POINT('',(-1.11118592438288,3.5,-29.5637049403951));
#7077=CARTESIAN_POINT('Ctrl Pts',(-1.11118592438288,3.5,-29.5637049403951));
#7078=CARTESIAN_POINT('Ctrl Pts',(-1.29536189255305,3.5,-29.1278245178029));
#7079=CARTESIAN_POINT('Ctrl Pts',(-1.29536189255305,3.5,-28.3604302135274));
#7080=CARTESIAN_POINT('',(-1.11118592438288,3.1,-29.5637049403951));
#7081=CARTESIAN_POINT('',(-1.11118592438288,3.5,-29.5637049403951));
#7082=CARTESIAN_POINT('Ctrl Pts',(-1.11118592438288,3.1,-29.5637049403951));
#7083=CARTESIAN_POINT('Ctrl Pts',(-1.29536189255305,3.1,-29.1278245178029));
#7084=CARTESIAN_POINT('Ctrl Pts',(-1.29536189255305,3.1,-28.3604302135274));
#7085=CARTESIAN_POINT('Ctrl Pts',(-0.494201557012275,3.5,-30.2543594566152));
#7086=CARTESIAN_POINT('Ctrl Pts',(-0.494201557012275,3.1,-30.2543594566152));
#7087=CARTESIAN_POINT('Ctrl Pts',(-0.927012340398505,3.5,-29.9995847669408));
#7088=CARTESIAN_POINT('Ctrl Pts',(-0.927012340398505,3.1,-29.9995847669408));
#7089=CARTESIAN_POINT('Ctrl Pts',(-1.11118592438288,3.5,-29.5637049403951));
#7090=CARTESIAN_POINT('Ctrl Pts',(-1.11118592438288,3.1,-29.5637049403951));
#7091=CARTESIAN_POINT('',(-0.494201557012275,3.5,-30.2543594566152));
#7092=CARTESIAN_POINT('Ctrl Pts',(-0.494201557012275,3.5,-30.2543594566152));
#7093=CARTESIAN_POINT('Ctrl Pts',(-0.927012340398505,3.5,-29.9995847669408));
#7094=CARTESIAN_POINT('Ctrl Pts',(-1.11118592438288,3.5,-29.5637049403951));
#7095=CARTESIAN_POINT('',(-0.494201557012275,3.1,-30.2543594566152));
#7096=CARTESIAN_POINT('',(-0.494201557012275,3.5,-30.2543594566152));
#7097=CARTESIAN_POINT('Ctrl Pts',(-0.494201557012275,3.1,-30.2543594566152));
#7098=CARTESIAN_POINT('Ctrl Pts',(-0.927012340398505,3.1,-29.9995847669408));
#7099=CARTESIAN_POINT('Ctrl Pts',(-1.11118592438288,3.1,-29.5637049403951));
#7100=CARTESIAN_POINT('Ctrl Pts',(0.42974196258001,3.5,-30.5091341462896));
#7101=CARTESIAN_POINT('Ctrl Pts',(0.42974196258001,3.1,-30.5091341462896));
#7102=CARTESIAN_POINT('Ctrl Pts',(-0.0613907736260444,3.5,-30.5091341462896));
#7103=CARTESIAN_POINT('Ctrl Pts',(-0.0613907736260444,3.1,-30.5091341462896));
#7104=CARTESIAN_POINT('Ctrl Pts',(-0.494201557012275,3.5,-30.2543594566152));
#7105=CARTESIAN_POINT('Ctrl Pts',(-0.494201557012275,3.1,-30.2543594566152));
#7106=CARTESIAN_POINT('',(0.42974196258001,3.5,-30.5091341462896));
#7107=CARTESIAN_POINT('Ctrl Pts',(0.42974196258001,3.5,-30.5091341462896));
#7108=CARTESIAN_POINT('Ctrl Pts',(-0.0613907736260444,3.5,-30.5091341462896));
#7109=CARTESIAN_POINT('Ctrl Pts',(-0.494201557012275,3.5,-30.2543594566152));
#7110=CARTESIAN_POINT('',(0.42974196258001,3.1,-30.5091341462896));
#7111=CARTESIAN_POINT('',(0.42974196258001,3.5,-30.5091341462896));
#7112=CARTESIAN_POINT('Ctrl Pts',(0.42974196258001,3.1,-30.5091341462896));
#7113=CARTESIAN_POINT('Ctrl Pts',(-0.0613907736260444,3.1,-30.5091341462896));
#7114=CARTESIAN_POINT('Ctrl Pts',(-0.494201557012275,3.1,-30.2543594566152));
#7115=CARTESIAN_POINT('Ctrl Pts',(1.44577227416448,3.5,-30.1315762725637));
#7116=CARTESIAN_POINT('Ctrl Pts',(1.44577227416448,3.1,-30.1315762725637));
#7117=CARTESIAN_POINT('Ctrl Pts',(1.08663044753484,3.5,-30.5091341462896));
#7118=CARTESIAN_POINT('Ctrl Pts',(1.08663044753484,3.1,-30.5091341462896));
#7119=CARTESIAN_POINT('Ctrl Pts',(0.42974196258001,3.5,-30.5091341462896));
#7120=CARTESIAN_POINT('Ctrl Pts',(0.42974196258001,3.1,-30.5091341462896));
#7121=CARTESIAN_POINT('',(1.44577227416448,3.5,-30.1315762725637));
#7122=CARTESIAN_POINT('Ctrl Pts',(1.44577227416448,3.5,-30.1315762725637));
#7123=CARTESIAN_POINT('Ctrl Pts',(1.08663044753484,3.5,-30.5091341462896));
#7124=CARTESIAN_POINT('Ctrl Pts',(0.42974196258001,3.5,-30.5091341462896));
#7125=CARTESIAN_POINT('',(1.44577227416448,3.1,-30.1315762725637));
#7126=CARTESIAN_POINT('',(1.44577227416448,3.5,-30.1315762725637));
#7127=CARTESIAN_POINT('Ctrl Pts',(1.44577227416448,3.1,-30.1315762725637));
#7128=CARTESIAN_POINT('Ctrl Pts',(1.08663044753484,3.1,-30.5091341462896));
#7129=CARTESIAN_POINT('Ctrl Pts',(0.42974196258001,3.1,-30.5091341462896));
#7130=CARTESIAN_POINT('Ctrl Pts',(1.80491171660833,3.5,-28.925233098583));
#7131=CARTESIAN_POINT('Ctrl Pts',(1.80491171660833,3.1,-28.925233098583));
#7132=CARTESIAN_POINT('Ctrl Pts',(1.80491171660833,3.5,-29.7540183988378));
#7133=CARTESIAN_POINT('Ctrl Pts',(1.80491171660833,3.1,-29.7540183988378));
#7134=CARTESIAN_POINT('Ctrl Pts',(1.44577227416448,3.5,-30.1315762725637));
#7135=CARTESIAN_POINT('Ctrl Pts',(1.44577227416448,3.1,-30.1315762725637));
#7136=CARTESIAN_POINT('',(1.80491171660833,3.5,-28.925233098583));
#7137=CARTESIAN_POINT('Ctrl Pts',(1.80491171660833,3.5,-28.925233098583));
#7138=CARTESIAN_POINT('Ctrl Pts',(1.80491171660833,3.5,-29.7540183988378));
#7139=CARTESIAN_POINT('Ctrl Pts',(1.44577227416448,3.5,-30.1315762725637));
#7140=CARTESIAN_POINT('',(1.80491171660833,3.1,-28.925233098583));
#7141=CARTESIAN_POINT('',(1.80491171660833,3.5,-28.925233098583));
#7142=CARTESIAN_POINT('Ctrl Pts',(1.80491171660833,3.1,-28.925233098583));
#7143=CARTESIAN_POINT('Ctrl Pts',(1.80491171660833,3.1,-29.7540183988378));
#7144=CARTESIAN_POINT('Ctrl Pts',(1.44577227416448,3.1,-30.1315762725637));
#7145=CARTESIAN_POINT('Origin',(1.80491171660833,3.5,-24.7935821739004));
#7146=CARTESIAN_POINT('',(1.80491171660833,3.5,-24.7935821739004));
#7147=CARTESIAN_POINT('',(1.80491171660833,3.5,-12.3967910869502));
#7148=CARTESIAN_POINT('',(1.80491171660833,3.1,-24.7935821739004));
#7149=CARTESIAN_POINT('',(1.80491171660833,3.5,-24.7935821739004));
#7150=CARTESIAN_POINT('',(1.80491171660833,3.1,-24.7935821739004));
#7151=CARTESIAN_POINT('Origin',(2.90995798888616,3.5,-24.7935821739004));
#7152=CARTESIAN_POINT('',(2.90995798888616,3.5,-24.7935821739004));
#7153=CARTESIAN_POINT('',(1.45497899444308,3.5,-24.7935821739004));
#7154=CARTESIAN_POINT('',(2.90995798888616,3.1,-24.7935821739004));
#7155=CARTESIAN_POINT('',(2.90995798888616,3.5,-24.7935821739004));
#7156=CARTESIAN_POINT('',(2.90995798888616,3.1,-24.7935821739004));
#7157=CARTESIAN_POINT('Origin',(2.90995798888616,3.5,-28.925233098583));
#7158=CARTESIAN_POINT('',(2.90995798888616,3.5,-28.925233098583));
#7159=CARTESIAN_POINT('',(2.90995798888616,3.5,-14.4626165492915));
#7160=CARTESIAN_POINT('',(2.90995798888616,3.1,-28.925233098583));
#7161=CARTESIAN_POINT('',(2.90995798888616,3.5,-28.925233098583));
#7162=CARTESIAN_POINT('',(2.90995798888616,3.1,-28.925233098583));
#7163=CARTESIAN_POINT('Ctrl Pts',(2.67974100890569,3.5,-30.3863515582845));
#7164=CARTESIAN_POINT('Ctrl Pts',(2.67974100890569,3.1,-30.3863515582845));
#7165=CARTESIAN_POINT('Ctrl Pts',(2.90995798888616,3.5,-29.8829408613012));
#7166=CARTESIAN_POINT('Ctrl Pts',(2.90995798888616,3.1,-29.8829408613012));
#7167=CARTESIAN_POINT('Ctrl Pts',(2.90995798888616,3.5,-28.925233098583));
#7168=CARTESIAN_POINT('Ctrl Pts',(2.90995798888616,3.1,-28.925233098583));
#7169=CARTESIAN_POINT('',(2.67974100890569,3.5,-30.3863515582845));
#7170=CARTESIAN_POINT('Ctrl Pts',(2.67974100890569,3.5,-30.3863515582845));
#7171=CARTESIAN_POINT('Ctrl Pts',(2.90995798888616,3.5,-29.8829408613012));
#7172=CARTESIAN_POINT('Ctrl Pts',(2.90995798888616,3.5,-28.925233098583));
#7173=CARTESIAN_POINT('',(2.67974100890569,3.1,-30.3863515582845));
#7174=CARTESIAN_POINT('',(2.67974100890569,3.5,-30.3863515582845));
#7175=CARTESIAN_POINT('Ctrl Pts',(2.67974100890569,3.1,-30.3863515582845));
#7176=CARTESIAN_POINT('Ctrl Pts',(2.90995798888616,3.1,-29.8829408613012));
#7177=CARTESIAN_POINT('Ctrl Pts',(2.90995798888616,3.1,-28.925233098583));
#7178=CARTESIAN_POINT('Ctrl Pts',(1.91541634383611,3.5,-31.1752327409551));
#7179=CARTESIAN_POINT('Ctrl Pts',(1.91541634383611,3.1,-31.1752327409551));
#7180=CARTESIAN_POINT('Ctrl Pts',(2.44952402892523,3.5,-30.8897616592214));
#7181=CARTESIAN_POINT('Ctrl Pts',(2.44952402892523,3.1,-30.8897616592214));
#7182=CARTESIAN_POINT('Ctrl Pts',(2.67974100890569,3.5,-30.3863515582845));
#7183=CARTESIAN_POINT('Ctrl Pts',(2.67974100890569,3.1,-30.3863515582845));
#7184=CARTESIAN_POINT('',(1.91541634383611,3.5,-31.1752327409551));
#7185=CARTESIAN_POINT('Ctrl Pts',(1.91541634383611,3.5,-31.1752327409551));
#7186=CARTESIAN_POINT('Ctrl Pts',(2.44952402892523,3.5,-30.8897616592214));
#7187=CARTESIAN_POINT('Ctrl Pts',(2.67974100890569,3.5,-30.3863515582845));
#7188=CARTESIAN_POINT('',(1.91541634383611,3.1,-31.1752327409551));
#7189=CARTESIAN_POINT('',(1.91541634383611,3.5,-31.1752327409551));
#7190=CARTESIAN_POINT('Ctrl Pts',(1.91541634383611,3.1,-31.1752327409551));
#7191=CARTESIAN_POINT('Ctrl Pts',(2.44952402892523,3.1,-30.8897616592214));
#7192=CARTESIAN_POINT('Ctrl Pts',(2.67974100890569,3.1,-30.3863515582845));
#7193=CARTESIAN_POINT('Ctrl Pts',(0.656890495447442,3.5,-31.4607032266424));
#7194=CARTESIAN_POINT('Ctrl Pts',(0.656890495447442,3.1,-31.4607032266424));
#7195=CARTESIAN_POINT('Ctrl Pts',(1.381308658747,3.5,-31.4607032266424));
#7196=CARTESIAN_POINT('Ctrl Pts',(1.381308658747,3.1,-31.4607032266424));
#7197=CARTESIAN_POINT('Ctrl Pts',(1.91541634383611,3.5,-31.1752327409551));
#7198=CARTESIAN_POINT('Ctrl Pts',(1.91541634383611,3.1,-31.1752327409551));
#7199=CARTESIAN_POINT('',(0.656890495447442,3.5,-31.4607032266424));
#7200=CARTESIAN_POINT('Ctrl Pts',(0.656890495447442,3.5,-31.4607032266424));
#7201=CARTESIAN_POINT('Ctrl Pts',(1.381308658747,3.5,-31.4607032266424));
#7202=CARTESIAN_POINT('Ctrl Pts',(1.91541634383611,3.5,-31.1752327409551));
#7203=CARTESIAN_POINT('',(0.656890495447442,3.1,-31.4607032266424));
#7204=CARTESIAN_POINT('',(0.656890495447442,3.5,-31.4607032266424));
#7205=CARTESIAN_POINT('Ctrl Pts',(0.656890495447442,3.1,-31.4607032266424));
#7206=CARTESIAN_POINT('Ctrl Pts',(1.381308658747,3.1,-31.4607032266424));
#7207=CARTESIAN_POINT('Ctrl Pts',(1.91541634383611,3.1,-31.1752327409551));
#7208=CARTESIAN_POINT('Ctrl Pts',(-1.29536189255305,3.5,-30.5643870559499));
#7209=CARTESIAN_POINT('Ctrl Pts',(-1.29536189255305,3.1,-30.5643870559499));
#7210=CARTESIAN_POINT('Ctrl Pts',(-0.521827117772773,3.5,-31.4607032266424));
#7211=CARTESIAN_POINT('Ctrl Pts',(-0.521827117772773,3.1,-31.4607032266424));
#7212=CARTESIAN_POINT('Ctrl Pts',(0.656890495447442,3.5,-31.4607032266424));
#7213=CARTESIAN_POINT('Ctrl Pts',(0.656890495447442,3.1,-31.4607032266424));
#7214=CARTESIAN_POINT('',(-1.29536189255305,3.5,-30.5643870559499));
#7215=CARTESIAN_POINT('Ctrl Pts',(-1.29536189255305,3.5,-30.5643870559499));
#7216=CARTESIAN_POINT('Ctrl Pts',(-0.521827117772773,3.5,-31.4607032266424));
#7217=CARTESIAN_POINT('Ctrl Pts',(0.656890495447442,3.5,-31.4607032266424));
#7218=CARTESIAN_POINT('',(-1.29536189255305,3.1,-30.5643870559499));
#7219=CARTESIAN_POINT('',(-1.29536189255305,3.5,-30.5643870559499));
#7220=CARTESIAN_POINT('Ctrl Pts',(-1.29536189255305,3.1,-30.5643870559499));
#7221=CARTESIAN_POINT('Ctrl Pts',(-0.521827117772773,3.1,-31.4607032266424));
#7222=CARTESIAN_POINT('Ctrl Pts',(0.656890495447442,3.1,-31.4607032266424));
#7223=CARTESIAN_POINT('Origin',(-1.29536189255305,3.5,-33.7935819354818));
#7224=CARTESIAN_POINT('',(-1.29536189255305,3.5,-33.7935819354818));
#7225=CARTESIAN_POINT('',(-1.29536189255305,3.5,-16.8967909677409));
#7226=CARTESIAN_POINT('',(-1.29536189255305,3.1,-33.7935819354818));
#7227=CARTESIAN_POINT('',(-1.29536189255305,3.5,-33.7935819354818));
#7228=CARTESIAN_POINT('',(-1.29536189255305,3.1,-33.7935819354818));
#7229=CARTESIAN_POINT('Origin',(-2.40040816483088,3.5,-33.7935819354818));
#7230=CARTESIAN_POINT('',(-2.40040816483088,3.5,-33.7935819354818));
#7231=CARTESIAN_POINT('',(-1.20020408241544,3.5,-33.7935819354818));
#7232=CARTESIAN_POINT('',(-2.40040816483088,3.1,-33.7935819354818));
#7233=CARTESIAN_POINT('',(-2.40040816483088,3.5,-33.7935819354818));
#7234=CARTESIAN_POINT('',(-2.40040816483088,3.1,-33.7935819354818));
#7235=CARTESIAN_POINT('Origin',(-2.40040816483088,3.5,-24.7935821739004));
#7236=CARTESIAN_POINT('',(-2.40040816483088,3.5,-24.7935821739004));
#7237=CARTESIAN_POINT('',(-2.40040816483088,3.5,-12.3967910869502));
#7238=CARTESIAN_POINT('',(-2.40040816483088,3.1,-24.7935821739004));
#7239=CARTESIAN_POINT('',(-2.40040816483088,3.5,-24.7935821739004));
#7240=CARTESIAN_POINT('',(-2.40040816483088,3.1,-24.7935821739004));
#7241=CARTESIAN_POINT('Origin',(-1.29536189255305,3.5,-24.7935821739004));
#7242=CARTESIAN_POINT('',(-0.647680946276523,3.5,-24.7935821739004));
#7243=CARTESIAN_POINT('',(-1.29536189255305,3.1,-24.7935821739004));
#7244=CARTESIAN_POINT('Origin',(-2.57161445915699E-6,3.1,-22.1967204538152));
#7245=CARTESIAN_POINT('Ctrl Pts',(-21.1892906588037,3.5,-18.8017692294881));
#7246=CARTESIAN_POINT('Ctrl Pts',(-21.1892906588037,3.1,-18.8017692294881));
#7247=CARTESIAN_POINT('Ctrl Pts',(-21.3611868780572,3.5,-17.9361488548086));
#7248=CARTESIAN_POINT('Ctrl Pts',(-21.3611868780572,3.1,-17.9361488548086));
#7249=CARTESIAN_POINT('Ctrl Pts',(-21.6742838185746,3.5,-17.0828058448598));
#7250=CARTESIAN_POINT('Ctrl Pts',(-21.6742838185746,3.1,-17.0828058448598));
#7251=CARTESIAN_POINT('',(-21.1892906588037,3.5,-18.8017692294881));
#7252=CARTESIAN_POINT('',(-21.6742838185746,3.5,-17.0828058448598));
#7253=CARTESIAN_POINT('Ctrl Pts',(-21.1892906588037,3.5,-18.8017692294881));
#7254=CARTESIAN_POINT('Ctrl Pts',(-21.3611868780572,3.5,-17.9361488548086));
#7255=CARTESIAN_POINT('Ctrl Pts',(-21.6742838185746,3.5,-17.0828058448598));
#7256=CARTESIAN_POINT('',(-21.1892906588037,3.1,-18.8017692294881));
#7257=CARTESIAN_POINT('',(-21.1892906588037,3.5,-18.8017692294881));
#7258=CARTESIAN_POINT('',(-21.6742838185746,3.1,-17.0828058448598));
#7259=CARTESIAN_POINT('Ctrl Pts',(-21.1892906588037,3.1,-18.8017692294881));
#7260=CARTESIAN_POINT('Ctrl Pts',(-21.3611868780572,3.1,-17.9361488548086));
#7261=CARTESIAN_POINT('Ctrl Pts',(-21.6742838185746,3.1,-17.0828058448598));
#7262=CARTESIAN_POINT('',(-21.6742838185746,3.5,-17.0828058448598));
#7263=CARTESIAN_POINT('Ctrl Pts',(-20.5508188169915,3.5,-16.9354655471609));
#7264=CARTESIAN_POINT('Ctrl Pts',(-20.5508188169915,3.1,-16.9354655471609));
#7265=CARTESIAN_POINT('Ctrl Pts',(-20.9805593651254,3.5,-18.0712105956838));
#7266=CARTESIAN_POINT('Ctrl Pts',(-20.9805593651254,3.1,-18.0712105956838));
#7267=CARTESIAN_POINT('Ctrl Pts',(-21.1892906588037,3.5,-18.8017692294881));
#7268=CARTESIAN_POINT('Ctrl Pts',(-21.1892906588037,3.1,-18.8017692294881));
#7269=CARTESIAN_POINT('',(-20.5508188169915,3.5,-16.9354655471609));
#7270=CARTESIAN_POINT('Ctrl Pts',(-20.5508188169915,3.5,-16.9354655471609));
#7271=CARTESIAN_POINT('Ctrl Pts',(-20.9805593651254,3.5,-18.0712105956838));
#7272=CARTESIAN_POINT('Ctrl Pts',(-21.1892906588037,3.5,-18.8017692294881));
#7273=CARTESIAN_POINT('',(-20.5508188169915,3.1,-16.9354655471609));
#7274=CARTESIAN_POINT('',(-20.5508188169915,3.5,-16.9354655471609));
#7275=CARTESIAN_POINT('Ctrl Pts',(-20.5508188169915,3.1,-16.9354655471609));
#7276=CARTESIAN_POINT('Ctrl Pts',(-20.9805593651254,3.1,-18.0712105956838));
#7277=CARTESIAN_POINT('Ctrl Pts',(-21.1892906588037,3.1,-18.8017692294881));
#7278=CARTESIAN_POINT('Origin',(-19.611527697416,3.5,-14.4429685798452));
#7279=CARTESIAN_POINT('',(-19.611527697416,3.5,-14.4429685798452));
#7280=CARTESIAN_POINT('',(-16.0091605997313,3.5,-4.88375005961179));
#7281=CARTESIAN_POINT('',(-19.611527697416,3.1,-14.4429685798452));
#7282=CARTESIAN_POINT('',(-19.611527697416,3.5,-14.4429685798452));
#7283=CARTESIAN_POINT('',(-19.611527697416,3.1,-14.4429685798452));
#7284=CARTESIAN_POINT('Origin',(-22.6626876753289,3.5,-14.4429685798452));
#7285=CARTESIAN_POINT('',(-22.6626876753289,3.5,-14.4429685798452));
#7286=CARTESIAN_POINT('',(-11.3313438376645,3.5,-14.4429685798452));
#7287=CARTESIAN_POINT('',(-22.6626876753289,3.1,-14.4429685798452));
#7288=CARTESIAN_POINT('',(-22.6626876753289,3.5,-14.4429685798452));
#7289=CARTESIAN_POINT('',(-22.6626876753289,3.1,-14.4429685798452));
#7290=CARTESIAN_POINT('Origin',(-21.6742838185746,3.5,-17.0828058448598));
#7291=CARTESIAN_POINT('',(-23.1466788098424,3.5,-13.1503210207584));
#7292=CARTESIAN_POINT('',(-21.6742838185746,3.1,-17.0828058448598));
#7293=CARTESIAN_POINT('Origin',(-23.006480113836,3.5,-13.4729840484426));
#7294=CARTESIAN_POINT('',(-23.006480113836,3.5,-13.4729840484426));
#7295=CARTESIAN_POINT('',(-23.9948838960845,3.5,-10.7471992698476));
#7296=CARTESIAN_POINT('',(-23.8285835917195,3.5,-11.2058163314725));
#7297=CARTESIAN_POINT('',(-23.006480113836,3.1,-13.4729840484426));
#7298=CARTESIAN_POINT('',(-23.006480113836,3.5,-13.4729840484426));
#7299=CARTESIAN_POINT('',(-23.9948838960845,3.1,-10.7471992698476));
#7300=CARTESIAN_POINT('',(-23.006480113836,3.1,-13.4729840484426));
#7301=CARTESIAN_POINT('',(-23.9948838960845,3.5,-10.7471992698476));
#7302=CARTESIAN_POINT('Origin',(-19.2431787413079,3.5,-13.4729840484426));
#7303=CARTESIAN_POINT('',(-19.2431787413079,3.5,-13.4729840484426));
#7304=CARTESIAN_POINT('',(-9.62158937065396,3.5,-13.4729840484426));
#7305=CARTESIAN_POINT('',(-19.2431787413079,3.1,-13.4729840484426));
#7306=CARTESIAN_POINT('',(-19.2431787413079,3.5,-13.4729840484426));
#7307=CARTESIAN_POINT('',(-19.2431787413079,3.1,-13.4729840484426));
#7308=CARTESIAN_POINT('Origin',(-18.1933835905511,3.5,-10.7471992698476));
#7309=CARTESIAN_POINT('',(-18.1933835905511,3.5,-10.7471992698476));
#7310=CARTESIAN_POINT('',(-15.2161319410086,3.5,-3.0167889869281));
#7311=CARTESIAN_POINT('',(-18.1933835905511,3.1,-10.7471992698476));
#7312=CARTESIAN_POINT('',(-18.1933835905511,3.5,-10.7471992698476));
#7313=CARTESIAN_POINT('',(-18.1933835905511,3.1,-10.7471992698476));
#7314=CARTESIAN_POINT('Origin',(-16.8366304796655,3.5,-10.7471992698476));
#7315=CARTESIAN_POINT('',(-16.8366304796655,3.5,-10.7471992698476));
#7316=CARTESIAN_POINT('',(-8.41831523983274,3.5,-10.7471992698476));
#7317=CARTESIAN_POINT('',(-16.8366304796655,3.1,-10.7471992698476));
#7318=CARTESIAN_POINT('',(-16.8366304796655,3.5,-10.7471992698476));
#7319=CARTESIAN_POINT('',(-16.8366304796655,3.1,-10.7471992698476));
#7320=CARTESIAN_POINT('Origin',(-20.5201230209786,3.5,-19.747199031429));
#7321=CARTESIAN_POINT('',(-20.5201230209786,3.5,-19.747199031429));
#7322=CARTESIAN_POINT('',(-15.5868144656388,3.5,-7.69348226021549));
#7323=CARTESIAN_POINT('',(-20.5201230209786,3.1,-19.747199031429));
#7324=CARTESIAN_POINT('',(-20.5201230209786,3.5,-19.747199031429));
#7325=CARTESIAN_POINT('',(-20.5201230209786,3.1,-19.747199031429));
#7326=CARTESIAN_POINT('Origin',(-21.8032059830148,3.5,-19.747199031429));
#7327=CARTESIAN_POINT('',(-21.8032059830148,3.5,-19.747199031429));
#7328=CARTESIAN_POINT('',(-10.9016029915074,3.5,-19.747199031429));
#7329=CARTESIAN_POINT('',(-21.8032059830148,3.1,-19.747199031429));
#7330=CARTESIAN_POINT('',(-21.8032059830148,3.5,-19.747199031429));
#7331=CARTESIAN_POINT('',(-21.8032059830148,3.1,-19.747199031429));
#7332=CARTESIAN_POINT('Origin',(-25.2595496189315,3.5,-10.7471992698476));
#7333=CARTESIAN_POINT('',(-25.2595496189315,3.5,-10.7471992698476));
#7334=CARTESIAN_POINT('',(-25.434681222283,3.5,-10.2911727416894));
#7335=CARTESIAN_POINT('',(-25.2595496189315,3.1,-10.7471992698476));
#7336=CARTESIAN_POINT('',(-25.2595496189315,3.5,-10.7471992698476));
#7337=CARTESIAN_POINT('',(-25.2595496189315,3.1,-10.7471992698476));
#7338=CARTESIAN_POINT('Origin',(-23.9948838960845,3.5,-10.7471992698476));
#7339=CARTESIAN_POINT('',(-11.9974419480423,3.5,-10.7471992698476));
#7340=CARTESIAN_POINT('',(-23.9948838960845,3.1,-10.7471992698476));
#7341=CARTESIAN_POINT('Origin',(-2.57161445915699E-6,3.1,-22.1967204538152));
#7342=CARTESIAN_POINT('Origin',(22.8223057824653,3.5,-14.1605689254567));
#7343=CARTESIAN_POINT('',(22.8223057824653,3.5,-14.1605689254567));
#7344=CARTESIAN_POINT('',(22.8223057824653,3.5,-10.7471992698476));
#7345=CARTESIAN_POINT('',(22.8223057824653,3.5,-7.08028446272837));
#7346=CARTESIAN_POINT('',(22.8223057824653,3.1,-14.1605689254567));
#7347=CARTESIAN_POINT('',(22.8223057824653,3.5,-14.1605689254567));
#7348=CARTESIAN_POINT('',(22.8223057824653,3.1,-10.7471992698476));
#7349=CARTESIAN_POINT('',(22.8223057824653,3.1,-14.1605689254567));
#7350=CARTESIAN_POINT('',(22.8223057824653,3.5,-10.7471992698476));
#7351=CARTESIAN_POINT('Ctrl Pts',(23.0064793664496,3.5,-15.4497911659047));
#7352=CARTESIAN_POINT('Ctrl Pts',(23.0064793664496,3.1,-15.4497911659047));
#7353=CARTESIAN_POINT('Ctrl Pts',(22.8223057824653,3.5,-14.8604323592946));
#7354=CARTESIAN_POINT('Ctrl Pts',(22.8223057824653,3.1,-14.8604323592946));
#7355=CARTESIAN_POINT('Ctrl Pts',(22.8223057824653,3.5,-14.1605689254567));
#7356=CARTESIAN_POINT('Ctrl Pts',(22.8223057824653,3.1,-14.1605689254567));
#7357=CARTESIAN_POINT('',(23.0064793664496,3.5,-15.4497911659047));
#7358=CARTESIAN_POINT('Ctrl Pts',(23.0064793664496,3.5,-15.4497911659047));
#7359=CARTESIAN_POINT('Ctrl Pts',(22.8223057824653,3.5,-14.8604323592946));
#7360=CARTESIAN_POINT('Ctrl Pts',(22.8223057824653,3.5,-14.1605689254567));
#7361=CARTESIAN_POINT('',(23.0064793664496,3.1,-15.4497911659047));
#7362=CARTESIAN_POINT('',(23.0064793664496,3.5,-15.4497911659047));
#7363=CARTESIAN_POINT('Ctrl Pts',(23.0064793664496,3.1,-15.4497911659047));
#7364=CARTESIAN_POINT('Ctrl Pts',(22.8223057824653,3.1,-14.8604323592946));
#7365=CARTESIAN_POINT('Ctrl Pts',(22.8223057824653,3.1,-14.1605689254567));
#7366=CARTESIAN_POINT('Ctrl Pts',(23.4177990991157,3.5,-16.0544969764516));
#7367=CARTESIAN_POINT('Ctrl Pts',(23.4177990991157,3.1,-16.0544969764516));
#7368=CARTESIAN_POINT('Ctrl Pts',(23.1292649346869,3.5,-15.8365585532949));
#7369=CARTESIAN_POINT('Ctrl Pts',(23.1292649346869,3.1,-15.8365585532949));
#7370=CARTESIAN_POINT('Ctrl Pts',(23.0064793664496,3.5,-15.4497911659047));
#7371=CARTESIAN_POINT('Ctrl Pts',(23.0064793664496,3.1,-15.4497911659047));
#7372=CARTESIAN_POINT('',(23.4177990991157,3.5,-16.0544969764516));
#7373=CARTESIAN_POINT('Ctrl Pts',(23.4177990991157,3.5,-16.0544969764516));
#7374=CARTESIAN_POINT('Ctrl Pts',(23.1292649346869,3.5,-15.8365585532949));
#7375=CARTESIAN_POINT('Ctrl Pts',(23.0064793664496,3.5,-15.4497911659047));
#7376=CARTESIAN_POINT('',(23.4177990991157,3.1,-16.0544969764516));
#7377=CARTESIAN_POINT('',(23.4177990991157,3.5,-16.0544969764516));
#7378=CARTESIAN_POINT('Ctrl Pts',(23.4177990991157,3.1,-16.0544969764516));
#7379=CARTESIAN_POINT('Ctrl Pts',(23.1292649346869,3.1,-15.8365585532949));
#7380=CARTESIAN_POINT('Ctrl Pts',(23.0064793664496,3.1,-15.4497911659047));
#7381=CARTESIAN_POINT('Ctrl Pts',(24.0685483056586,3.5,-16.2724377837942));
#7382=CARTESIAN_POINT('Ctrl Pts',(24.0685483056586,3.1,-16.2724377837942));
#7383=CARTESIAN_POINT('Ctrl Pts',(23.7063428002875,3.5,-16.2724377837942));
#7384=CARTESIAN_POINT('Ctrl Pts',(23.7063428002875,3.1,-16.2724377837942));
#7385=CARTESIAN_POINT('Ctrl Pts',(23.4177990991157,3.5,-16.0544969764516));
#7386=CARTESIAN_POINT('Ctrl Pts',(23.4177990991157,3.1,-16.0544969764516));
#7387=CARTESIAN_POINT('',(24.0685483056586,3.5,-16.2724377837942));
#7388=CARTESIAN_POINT('Ctrl Pts',(24.0685483056586,3.5,-16.2724377837942));
#7389=CARTESIAN_POINT('Ctrl Pts',(23.7063428002875,3.5,-16.2724377837942));
#7390=CARTESIAN_POINT('Ctrl Pts',(23.4177990991157,3.5,-16.0544969764516));
#7391=CARTESIAN_POINT('',(24.0685483056586,3.1,-16.2724377837942));
#7392=CARTESIAN_POINT('',(24.0685483056586,3.5,-16.2724377837942));
#7393=CARTESIAN_POINT('Ctrl Pts',(24.0685483056586,3.1,-16.2724377837942));
#7394=CARTESIAN_POINT('Ctrl Pts',(23.7063428002875,3.1,-16.2724377837942));
#7395=CARTESIAN_POINT('Ctrl Pts',(23.4177990991157,3.1,-16.0544969764516));
#7396=CARTESIAN_POINT('Ctrl Pts',(24.8789235192817,3.5,-16.033010694103));
#7397=CARTESIAN_POINT('Ctrl Pts',(24.8789235192817,3.1,-16.033010694103));
#7398=CARTESIAN_POINT('Ctrl Pts',(24.4737359124701,3.5,-16.2724377837942));
#7399=CARTESIAN_POINT('Ctrl Pts',(24.4737359124701,3.1,-16.2724377837942));
#7400=CARTESIAN_POINT('Ctrl Pts',(24.0685483056586,3.5,-16.2724377837942));
#7401=CARTESIAN_POINT('Ctrl Pts',(24.0685483056586,3.1,-16.2724377837942));
#7402=CARTESIAN_POINT('',(24.8789235192817,3.5,-16.033010694103));
#7403=CARTESIAN_POINT('Ctrl Pts',(24.8789235192817,3.5,-16.033010694103));
#7404=CARTESIAN_POINT('Ctrl Pts',(24.4737359124701,3.5,-16.2724377837942));
#7405=CARTESIAN_POINT('Ctrl Pts',(24.0685483056586,3.5,-16.2724377837942));
#7406=CARTESIAN_POINT('',(24.8789235192817,3.1,-16.033010694103));
#7407=CARTESIAN_POINT('',(24.8789235192817,3.5,-16.033010694103));
#7408=CARTESIAN_POINT('Ctrl Pts',(24.8789235192817,3.1,-16.033010694103));
#7409=CARTESIAN_POINT('Ctrl Pts',(24.4737359124701,3.1,-16.2724377837942));
#7410=CARTESIAN_POINT('Ctrl Pts',(24.0685483056586,3.1,-16.2724377837942));
#7411=CARTESIAN_POINT('Origin',(25.2595444757026,3.5,-17.0582487312124));
#7412=CARTESIAN_POINT('',(25.2595444757026,3.5,-17.0582487312124));
#7413=CARTESIAN_POINT('',(20.946782913866,3.5,-5.44142332108296));
#7414=CARTESIAN_POINT('',(25.2595444757026,3.1,-17.0582487312124));
#7415=CARTESIAN_POINT('',(25.2595444757026,3.5,-17.0582487312124));
#7416=CARTESIAN_POINT('',(25.2595444757026,3.1,-17.0582487312124));
#7417=CARTESIAN_POINT('Ctrl Pts',(24.1238041955512,3.5,-17.4143197265432));
#7418=CARTESIAN_POINT('Ctrl Pts',(24.1238041955512,3.1,-17.4143197265432));
#7419=CARTESIAN_POINT('Ctrl Pts',(24.682466610102,3.5,-17.4143197265432));
#7420=CARTESIAN_POINT('Ctrl Pts',(24.682466610102,3.1,-17.4143197265432));
#7421=CARTESIAN_POINT('Ctrl Pts',(25.2595444757026,3.5,-17.0582487312124));
#7422=CARTESIAN_POINT('Ctrl Pts',(25.2595444757026,3.1,-17.0582487312124));
#7423=CARTESIAN_POINT('',(24.1238041955512,3.5,-17.4143197265432));
#7424=CARTESIAN_POINT('Ctrl Pts',(24.1238041955512,3.5,-17.4143197265432));
#7425=CARTESIAN_POINT('Ctrl Pts',(24.682466610102,3.5,-17.4143197265432));
#7426=CARTESIAN_POINT('Ctrl Pts',(25.2595444757026,3.5,-17.0582487312124));
#7427=CARTESIAN_POINT('',(24.1238041955512,3.1,-17.4143197265432));
#7428=CARTESIAN_POINT('',(24.1238041955512,3.5,-17.4143197265432));
#7429=CARTESIAN_POINT('Ctrl Pts',(24.1238041955512,3.1,-17.4143197265432));
#7430=CARTESIAN_POINT('Ctrl Pts',(24.682466610102,3.1,-17.4143197265432));
#7431=CARTESIAN_POINT('Ctrl Pts',(25.2595444757026,3.1,-17.0582487312124));
#7432=CARTESIAN_POINT('Ctrl Pts',(23.41473780456,3.5,-17.1933104720876));
#7433=CARTESIAN_POINT('Ctrl Pts',(23.41473780456,3.1,-17.1933104720876));
#7434=CARTESIAN_POINT('Ctrl Pts',(23.7370415765326,3.5,-17.4143197265432));
#7435=CARTESIAN_POINT('Ctrl Pts',(23.7370415765326,3.1,-17.4143197265432));
#7436=CARTESIAN_POINT('Ctrl Pts',(24.1238041955512,3.5,-17.4143197265432));
#7437=CARTESIAN_POINT('Ctrl Pts',(24.1238041955512,3.1,-17.4143197265432));
#7438=CARTESIAN_POINT('',(23.41473780456,3.5,-17.1933104720876));
#7439=CARTESIAN_POINT('Ctrl Pts',(23.41473780456,3.5,-17.1933104720876));
#7440=CARTESIAN_POINT('Ctrl Pts',(23.7370415765326,3.5,-17.4143197265432));
#7441=CARTESIAN_POINT('Ctrl Pts',(24.1238041955512,3.5,-17.4143197265432));
#7442=CARTESIAN_POINT('',(23.41473780456,3.1,-17.1933104720876));
#7443=CARTESIAN_POINT('',(23.41473780456,3.5,-17.1933104720876));
#7444=CARTESIAN_POINT('Ctrl Pts',(23.41473780456,3.1,-17.1933104720876));
#7445=CARTESIAN_POINT('Ctrl Pts',(23.7370415765326,3.1,-17.4143197265432));
#7446=CARTESIAN_POINT('Ctrl Pts',(24.1238041955512,3.1,-17.4143197265432));
#7447=CARTESIAN_POINT('Ctrl Pts',(22.7118035394233,3.5,-16.278577062206));
#7448=CARTESIAN_POINT('Ctrl Pts',(22.7118035394233,3.1,-16.278577062206));
#7449=CARTESIAN_POINT('Ctrl Pts',(23.0924244958442,3.5,-16.972301217632));
#7450=CARTESIAN_POINT('Ctrl Pts',(23.0924244958442,3.1,-16.972301217632));
#7451=CARTESIAN_POINT('Ctrl Pts',(23.41473780456,3.5,-17.1933104720876));
#7452=CARTESIAN_POINT('Ctrl Pts',(23.41473780456,3.1,-17.1933104720876));
#7453=CARTESIAN_POINT('',(22.7118035394233,3.5,-16.278577062206));
#7454=CARTESIAN_POINT('Ctrl Pts',(22.7118035394233,3.5,-16.278577062206));
#7455=CARTESIAN_POINT('Ctrl Pts',(23.0924244958442,3.5,-16.972301217632));
#7456=CARTESIAN_POINT('Ctrl Pts',(23.41473780456,3.5,-17.1933104720876));
#7457=CARTESIAN_POINT('',(22.7118035394233,3.1,-16.278577062206));
#7458=CARTESIAN_POINT('',(22.7118035394233,3.5,-16.278577062206));
#7459=CARTESIAN_POINT('Ctrl Pts',(22.7118035394233,3.1,-16.278577062206));
#7460=CARTESIAN_POINT('Ctrl Pts',(23.0924244958442,3.1,-16.972301217632));
#7461=CARTESIAN_POINT('Ctrl Pts',(23.41473780456,3.1,-17.1933104720876));
#7462=CARTESIAN_POINT('Origin',(22.7118035394233,3.5,-17.2669806209371));
#7463=CARTESIAN_POINT('',(22.7118035394233,3.5,-17.2669806209371));
#7464=CARTESIAN_POINT('',(22.7118035394233,3.5,-8.63349031046855));
#7465=CARTESIAN_POINT('',(22.7118035394233,3.1,-17.2669806209371));
#7466=CARTESIAN_POINT('',(22.7118035394233,3.5,-17.2669806209371));
#7467=CARTESIAN_POINT('',(22.7118035394233,3.1,-17.2669806209371));
#7468=CARTESIAN_POINT('Origin',(21.7172547418159,3.5,-17.2669806209371));
#7469=CARTESIAN_POINT('',(21.7172547418159,3.5,-17.2669806209371));
#7470=CARTESIAN_POINT('',(10.8586273709079,3.5,-17.2669806209371));
#7471=CARTESIAN_POINT('',(21.7172547418159,3.1,-17.2669806209371));
#7472=CARTESIAN_POINT('',(21.7172547418159,3.5,-17.2669806209371));
#7473=CARTESIAN_POINT('',(21.7172547418159,3.1,-17.2669806209371));
#7474=CARTESIAN_POINT('Origin',(21.7172547418159,3.5,-10.7471992698476));
#7475=CARTESIAN_POINT('',(21.7172547418159,3.5,-10.7471992698476));
#7476=CARTESIAN_POINT('',(21.7172547418159,3.5,-5.37359963492381));
#7477=CARTESIAN_POINT('',(21.7172547418159,3.1,-10.7471992698476));
#7478=CARTESIAN_POINT('',(21.7172547418159,3.5,-10.7471992698476));
#7479=CARTESIAN_POINT('',(21.7172547418159,3.1,-10.7471992698476));
#7480=CARTESIAN_POINT('Origin',(22.8223057824653,3.5,-10.7471992698476));
#7481=CARTESIAN_POINT('',(11.4111528912326,3.5,-10.7471992698476));
#7482=CARTESIAN_POINT('',(22.8223057824653,3.1,-10.7471992698476));
#7483=CARTESIAN_POINT('Origin',(-2.57161445915699E-6,3.1,-22.1967204538152));
#7484=CARTESIAN_POINT('Ctrl Pts',(0.647680385736749,3.5,-16.5057255950735));
#7485=CARTESIAN_POINT('Ctrl Pts',(0.647680385736749,3.1,-16.5057255950735));
#7486=CARTESIAN_POINT('Ctrl Pts',(-0.113575832219794,3.5,-16.5057255950735));
#7487=CARTESIAN_POINT('Ctrl Pts',(-0.113575832219794,3.1,-16.5057255950735));
#7488=CARTESIAN_POINT('Ctrl Pts',(-0.632334129186347,3.5,-15.9961750236318));
#7489=CARTESIAN_POINT('Ctrl Pts',(-0.632334129186347,3.1,-15.9961750236318));
#7490=CARTESIAN_POINT('',(0.647680385736749,3.5,-16.5057255950735));
#7491=CARTESIAN_POINT('',(-0.632334129186347,3.5,-15.9961750236318));
#7492=CARTESIAN_POINT('Ctrl Pts',(0.647680385736749,3.5,-16.5057255950735));
#7493=CARTESIAN_POINT('Ctrl Pts',(-0.113575832219794,3.5,-16.5057255950735));
#7494=CARTESIAN_POINT('Ctrl Pts',(-0.632334129186347,3.5,-15.9961750236318));
#7495=CARTESIAN_POINT('',(0.647680385736749,3.1,-16.5057255950735));
#7496=CARTESIAN_POINT('',(0.647680385736749,3.5,-16.5057255950735));
#7497=CARTESIAN_POINT('',(-0.632334129186347,3.1,-15.9961750236318));
#7498=CARTESIAN_POINT('Ctrl Pts',(0.647680385736749,3.1,-16.5057255950735));
#7499=CARTESIAN_POINT('Ctrl Pts',(-0.113575832219794,3.1,-16.5057255950735));
#7500=CARTESIAN_POINT('Ctrl Pts',(-0.632334129186347,3.1,-15.9961750236318));
#7501=CARTESIAN_POINT('',(-0.632334129186347,3.5,-15.9961750236318));
#7502=CARTESIAN_POINT('Ctrl Pts',(2.0167108613532,3.5,-15.8672537532613));
#7503=CARTESIAN_POINT('Ctrl Pts',(2.0167108613532,3.1,-15.8672537532613));
#7504=CARTESIAN_POINT('Ctrl Pts',(1.48874483886175,3.5,-16.5057255950735));
#7505=CARTESIAN_POINT('Ctrl Pts',(1.48874483886175,3.1,-16.5057255950735));
#7506=CARTESIAN_POINT('Ctrl Pts',(0.647680385736749,3.5,-16.5057255950735));
#7507=CARTESIAN_POINT('Ctrl Pts',(0.647680385736749,3.1,-16.5057255950735));
#7508=CARTESIAN_POINT('',(2.0167108613532,3.5,-15.8672537532613));
#7509=CARTESIAN_POINT('Ctrl Pts',(2.0167108613532,3.5,-15.8672537532613));
#7510=CARTESIAN_POINT('Ctrl Pts',(1.48874483886175,3.5,-16.5057255950735));
#7511=CARTESIAN_POINT('Ctrl Pts',(0.647680385736749,3.5,-16.5057255950735));
#7512=CARTESIAN_POINT('',(2.0167108613532,3.1,-15.8672537532613));
#7513=CARTESIAN_POINT('',(2.0167108613532,3.5,-15.8672537532613));
#7514=CARTESIAN_POINT('Ctrl Pts',(2.0167108613532,3.1,-15.8672537532613));
#7515=CARTESIAN_POINT('Ctrl Pts',(1.48874483886175,3.1,-16.5057255950735));
#7516=CARTESIAN_POINT('Ctrl Pts',(0.647680385736749,3.1,-16.5057255950735));
#7517=CARTESIAN_POINT('Ctrl Pts',(2.43417464080267,3.5,-14.6332838264272));
#7518=CARTESIAN_POINT('Ctrl Pts',(2.43417464080267,3.1,-14.6332838264272));
#7519=CARTESIAN_POINT('Ctrl Pts',(2.36050329986028,3.5,-15.4559304443166));
#7520=CARTESIAN_POINT('Ctrl Pts',(2.36050329986028,3.1,-15.4559304443166));
#7521=CARTESIAN_POINT('Ctrl Pts',(2.0167108613532,3.5,-15.8672537532613));
#7522=CARTESIAN_POINT('Ctrl Pts',(2.0167108613532,3.1,-15.8672537532613));
#7523=CARTESIAN_POINT('',(2.43417464080267,3.5,-14.6332838264272));
#7524=CARTESIAN_POINT('Ctrl Pts',(2.43417464080267,3.5,-14.6332838264272));
#7525=CARTESIAN_POINT('Ctrl Pts',(2.36050329986028,3.5,-15.4559304443166));
#7526=CARTESIAN_POINT('Ctrl Pts',(2.0167108613532,3.5,-15.8672537532613));
#7527=CARTESIAN_POINT('',(2.43417464080267,3.1,-14.6332838264272));
#7528=CARTESIAN_POINT('',(2.43417464080267,3.5,-14.6332838264272));
#7529=CARTESIAN_POINT('Ctrl Pts',(2.43417464080267,3.1,-14.6332838264272));
#7530=CARTESIAN_POINT('Ctrl Pts',(2.36050329986028,3.1,-15.4559304443166));
#7531=CARTESIAN_POINT('Ctrl Pts',(2.0167108613532,3.1,-15.8672537532613));
#7532=CARTESIAN_POINT('Origin',(-1.2063435476739,3.5,-14.6332838264272));
#7533=CARTESIAN_POINT('',(-1.2063435476739,3.5,-14.6332838264272));
#7534=CARTESIAN_POINT('',(-0.603171773836948,3.5,-14.6332838264272));
#7535=CARTESIAN_POINT('',(-1.2063435476739,3.1,-14.6332838264272));
#7536=CARTESIAN_POINT('',(-1.2063435476739,3.5,-14.6332838264272));
#7537=CARTESIAN_POINT('',(-1.2063435476739,3.1,-14.6332838264272));
#7538=CARTESIAN_POINT('Ctrl Pts',(-0.632334129186347,3.5,-15.9961750236318));
#7539=CARTESIAN_POINT('Ctrl Pts',(-0.632334129186347,3.1,-15.9961750236318));
#7540=CARTESIAN_POINT('Ctrl Pts',(-1.1510924261529,3.5,-15.486625644283));
#7541=CARTESIAN_POINT('Ctrl Pts',(-1.1510924261529,3.1,-15.486625644283));
#7542=CARTESIAN_POINT('Ctrl Pts',(-1.2063435476739,3.5,-14.6332838264272));
#7543=CARTESIAN_POINT('Ctrl Pts',(-1.2063435476739,3.1,-14.6332838264272));
#7544=CARTESIAN_POINT('Ctrl Pts',(-0.632334129186347,3.5,-15.9961750236318));
#7545=CARTESIAN_POINT('Ctrl Pts',(-1.1510924261529,3.5,-15.486625644283));
#7546=CARTESIAN_POINT('Ctrl Pts',(-1.2063435476739,3.5,-14.6332838264272));
#7547=CARTESIAN_POINT('Ctrl Pts',(-0.632334129186347,3.1,-15.9961750236318));
#7548=CARTESIAN_POINT('Ctrl Pts',(-1.1510924261529,3.1,-15.486625644283));
#7549=CARTESIAN_POINT('Ctrl Pts',(-1.2063435476739,3.1,-14.6332838264272));
#7550=CARTESIAN_POINT('Ctrl Pts',(0.702933891443536,3.5,-11.5084554878042));
#7551=CARTESIAN_POINT('Ctrl Pts',(0.702933891443536,3.1,-11.5084554878042));
#7552=CARTESIAN_POINT('Ctrl Pts',(1.31070814910345,3.5,-11.5084554878042));
#7553=CARTESIAN_POINT('Ctrl Pts',(1.31070814910345,3.1,-11.5084554878042));
#7554=CARTESIAN_POINT('Ctrl Pts',(1.74045048537664,3.5,-11.8276908126638));
#7555=CARTESIAN_POINT('Ctrl Pts',(1.74045048537664,3.1,-11.8276908126638));
#7556=CARTESIAN_POINT('',(0.702933891443536,3.5,-11.5084554878042));
#7557=CARTESIAN_POINT('',(1.74045048537664,3.5,-11.8276908126638));
#7558=CARTESIAN_POINT('Ctrl Pts',(0.702933891443536,3.5,-11.5084554878042));
#7559=CARTESIAN_POINT('Ctrl Pts',(1.31070814910345,3.5,-11.5084554878042));
#7560=CARTESIAN_POINT('Ctrl Pts',(1.74045048537664,3.5,-11.8276908126638));
#7561=CARTESIAN_POINT('',(0.702933891443536,3.1,-11.5084554878042));
#7562=CARTESIAN_POINT('',(0.702933891443536,3.5,-11.5084554878042));
#7563=CARTESIAN_POINT('',(1.74045048537664,3.1,-11.8276908126638));
#7564=CARTESIAN_POINT('Ctrl Pts',(0.702933891443536,3.1,-11.5084554878042));
#7565=CARTESIAN_POINT('Ctrl Pts',(1.31070814910345,3.1,-11.5084554878042));
#7566=CARTESIAN_POINT('Ctrl Pts',(1.74045048537664,3.1,-11.8276908126638));
#7567=CARTESIAN_POINT('',(1.74045048537664,3.5,-11.8276908126638));
#7568=CARTESIAN_POINT('Ctrl Pts',(-0.659959689946845,3.5,-12.0793964591787));
#7569=CARTESIAN_POINT('Ctrl Pts',(-0.659959689946845,3.1,-12.0793964591787));
#7570=CARTESIAN_POINT('Ctrl Pts',(-0.113575832219794,3.5,-11.5084554878042));
#7571=CARTESIAN_POINT('Ctrl Pts',(-0.113575832219794,3.1,-11.5084554878042));
#7572=CARTESIAN_POINT('Ctrl Pts',(0.702933891443536,3.5,-11.5084554878042));
#7573=CARTESIAN_POINT('Ctrl Pts',(0.702933891443536,3.1,-11.5084554878042));
#7574=CARTESIAN_POINT('',(-0.659959689946845,3.5,-12.0793964591787));
#7575=CARTESIAN_POINT('Ctrl Pts',(-0.659959689946845,3.5,-12.0793964591787));
#7576=CARTESIAN_POINT('Ctrl Pts',(-0.113575832219794,3.5,-11.5084554878042));
#7577=CARTESIAN_POINT('Ctrl Pts',(0.702933891443536,3.5,-11.5084554878042));
#7578=CARTESIAN_POINT('',(-0.659959689946845,3.1,-12.0793964591787));
#7579=CARTESIAN_POINT('',(-0.659959689946845,3.5,-12.0793964591787));
#7580=CARTESIAN_POINT('Ctrl Pts',(-0.659959689946845,3.1,-12.0793964591787));
#7581=CARTESIAN_POINT('Ctrl Pts',(-0.113575832219794,3.1,-11.5084554878042));
#7582=CARTESIAN_POINT('Ctrl Pts',(0.702933891443536,3.1,-11.5084554878042));
#7583=CARTESIAN_POINT('Ctrl Pts',(-1.26773633179255,3.5,-13.7246896949575));
#7584=CARTESIAN_POINT('Ctrl Pts',(-1.26773633179255,3.1,-13.7246896949575));
#7585=CARTESIAN_POINT('Ctrl Pts',(-1.2063435476739,3.5,-12.6503374305532));
#7586=CARTESIAN_POINT('Ctrl Pts',(-1.2063435476739,3.1,-12.6503374305532));
#7587=CARTESIAN_POINT('Ctrl Pts',(-0.659959689946845,3.5,-12.0793964591787));
#7588=CARTESIAN_POINT('Ctrl Pts',(-0.659959689946845,3.1,-12.0793964591787));
#7589=CARTESIAN_POINT('',(-1.26773633179255,3.5,-13.7246896949575));
#7590=CARTESIAN_POINT('Ctrl Pts',(-1.26773633179255,3.5,-13.7246896949575));
#7591=CARTESIAN_POINT('Ctrl Pts',(-1.2063435476739,3.5,-12.6503374305532));
#7592=CARTESIAN_POINT('Ctrl Pts',(-0.659959689946845,3.5,-12.0793964591787));
#7593=CARTESIAN_POINT('',(-1.26773633179255,3.1,-13.7246896949575));
#7594=CARTESIAN_POINT('',(-1.26773633179255,3.5,-13.7246896949575));
#7595=CARTESIAN_POINT('Ctrl Pts',(-1.26773633179255,3.1,-13.7246896949575));
#7596=CARTESIAN_POINT('Ctrl Pts',(-1.2063435476739,3.1,-12.6503374305532));
#7597=CARTESIAN_POINT('Ctrl Pts',(-0.659959689946845,3.1,-12.0793964591787));
#7598=CARTESIAN_POINT('Origin',(3.59447441878729,3.5,-13.7246896949575));
#7599=CARTESIAN_POINT('',(3.59447441878729,3.5,-13.7246896949575));
#7600=CARTESIAN_POINT('',(1.79723720939364,3.5,-13.7246896949575));
#7601=CARTESIAN_POINT('',(3.59447441878729,3.1,-13.7246896949575));
#7602=CARTESIAN_POINT('',(3.59447441878729,3.5,-13.7246896949575));
#7603=CARTESIAN_POINT('',(3.59447441878729,3.1,-13.7246896949575));
#7604=CARTESIAN_POINT('Ctrl Pts',(3.60061369719915,3.5,-14.0193679061696));
#7605=CARTESIAN_POINT('Ctrl Pts',(3.60061369719915,3.1,-14.0193679061696));
#7606=CARTESIAN_POINT('Ctrl Pts',(3.60061369719915,3.5,-13.9211418357656));
#7607=CARTESIAN_POINT('Ctrl Pts',(3.60061369719915,3.1,-13.9211418357656));
#7608=CARTESIAN_POINT('Ctrl Pts',(3.59447441878729,3.5,-13.7246896949575));
#7609=CARTESIAN_POINT('Ctrl Pts',(3.59447441878729,3.1,-13.7246896949575));
#7610=CARTESIAN_POINT('',(3.60061369719915,3.5,-14.0193679061696));
#7611=CARTESIAN_POINT('Ctrl Pts',(3.60061369719915,3.5,-14.0193679061696));
#7612=CARTESIAN_POINT('Ctrl Pts',(3.60061369719915,3.5,-13.9211418357656));
#7613=CARTESIAN_POINT('Ctrl Pts',(3.59447441878729,3.5,-13.7246896949575));
#7614=CARTESIAN_POINT('',(3.60061369719915,3.1,-14.0193679061696));
#7615=CARTESIAN_POINT('',(3.60061369719915,3.5,-14.0193679061696));
#7616=CARTESIAN_POINT('Ctrl Pts',(3.60061369719915,3.1,-14.0193679061696));
#7617=CARTESIAN_POINT('Ctrl Pts',(3.60061369719915,3.1,-13.9211418357656));
#7618=CARTESIAN_POINT('Ctrl Pts',(3.59447441878729,3.1,-13.7246896949575));
#7619=CARTESIAN_POINT('Ctrl Pts',(2.77182780089788,3.5,-16.524143430309));
#7620=CARTESIAN_POINT('Ctrl Pts',(2.77182780089788,3.1,-16.524143430309));
#7621=CARTESIAN_POINT('Ctrl Pts',(3.60061369719915,3.5,-15.633965941982));
#7622=CARTESIAN_POINT('Ctrl Pts',(3.60061369719915,3.1,-15.633965941982));
#7623=CARTESIAN_POINT('Ctrl Pts',(3.60061369719915,3.5,-14.0193679061696));
#7624=CARTESIAN_POINT('Ctrl Pts',(3.60061369719915,3.1,-14.0193679061696));
#7625=CARTESIAN_POINT('',(2.77182780089788,3.5,-16.524143430309));
#7626=CARTESIAN_POINT('Ctrl Pts',(2.77182780089788,3.5,-16.524143430309));
#7627=CARTESIAN_POINT('Ctrl Pts',(3.60061369719915,3.5,-15.633965941982));
#7628=CARTESIAN_POINT('Ctrl Pts',(3.60061369719915,3.5,-14.0193679061696));
#7629=CARTESIAN_POINT('',(2.77182780089788,3.1,-16.524143430309));
#7630=CARTESIAN_POINT('',(2.77182780089788,3.5,-16.524143430309));
#7631=CARTESIAN_POINT('Ctrl Pts',(2.77182780089788,3.1,-16.524143430309));
#7632=CARTESIAN_POINT('Ctrl Pts',(3.60061369719915,3.1,-15.633965941982));
#7633=CARTESIAN_POINT('Ctrl Pts',(3.60061369719915,3.1,-14.0193679061696));
#7634=CARTESIAN_POINT('Ctrl Pts',(0.635401828913018,3.5,-17.4143197265432));
#7635=CARTESIAN_POINT('Ctrl Pts',(0.635401828913018,3.1,-17.4143197265432));
#7636=CARTESIAN_POINT('Ctrl Pts',(1.94304190459661,3.5,-17.4143197265432));
#7637=CARTESIAN_POINT('Ctrl Pts',(1.94304190459661,3.1,-17.4143197265432));
#7638=CARTESIAN_POINT('Ctrl Pts',(2.77182780089788,3.5,-16.524143430309));
#7639=CARTESIAN_POINT('Ctrl Pts',(2.77182780089788,3.1,-16.524143430309));
#7640=CARTESIAN_POINT('',(0.635401828913018,3.5,-17.4143197265432));
#7641=CARTESIAN_POINT('Ctrl Pts',(0.635401828913018,3.5,-17.4143197265432));
#7642=CARTESIAN_POINT('Ctrl Pts',(1.94304190459661,3.5,-17.4143197265432));
#7643=CARTESIAN_POINT('Ctrl Pts',(2.77182780089788,3.5,-16.524143430309));
#7644=CARTESIAN_POINT('',(0.635401828913018,3.1,-17.4143197265432));
#7645=CARTESIAN_POINT('',(0.635401828913018,3.5,-17.4143197265432));
#7646=CARTESIAN_POINT('Ctrl Pts',(0.635401828913018,3.1,-17.4143197265432));
#7647=CARTESIAN_POINT('Ctrl Pts',(1.94304190459661,3.1,-17.4143197265432));
#7648=CARTESIAN_POINT('Ctrl Pts',(2.77182780089788,3.1,-16.524143430309));
#7649=CARTESIAN_POINT('Ctrl Pts',(-1.56241454300471,3.5,-16.5057255950735));
#7650=CARTESIAN_POINT('Ctrl Pts',(-1.56241454300471,3.1,-16.5057255950735));
#7651=CARTESIAN_POINT('Ctrl Pts',(-0.715210811467841,3.5,-17.4143197265432));
#7652=CARTESIAN_POINT('Ctrl Pts',(-0.715210811467841,3.1,-17.4143197265432));
#7653=CARTESIAN_POINT('Ctrl Pts',(0.635401828913018,3.5,-17.4143197265432));
#7654=CARTESIAN_POINT('Ctrl Pts',(0.635401828913018,3.1,-17.4143197265432));
#7655=CARTESIAN_POINT('',(-1.56241454300471,3.5,-16.5057255950735));
#7656=CARTESIAN_POINT('Ctrl Pts',(-1.56241454300471,3.5,-16.5057255950735));
#7657=CARTESIAN_POINT('Ctrl Pts',(-0.715210811467841,3.5,-17.4143197265432));
#7658=CARTESIAN_POINT('Ctrl Pts',(0.635401828913018,3.5,-17.4143197265432));
#7659=CARTESIAN_POINT('',(-1.56241454300471,3.1,-16.5057255950735));
#7660=CARTESIAN_POINT('',(-1.56241454300471,3.5,-16.5057255950735));
#7661=CARTESIAN_POINT('Ctrl Pts',(-1.56241454300471,3.1,-16.5057255950735));
#7662=CARTESIAN_POINT('Ctrl Pts',(-0.715210811467841,3.1,-17.4143197265432));
#7663=CARTESIAN_POINT('Ctrl Pts',(0.635401828913018,3.1,-17.4143197265432));
#7664=CARTESIAN_POINT('Ctrl Pts',(-2.40961827454157,3.5,-13.9518382278249));
#7665=CARTESIAN_POINT('Ctrl Pts',(-2.40961827454157,3.1,-13.9518382278249));
#7666=CARTESIAN_POINT('Ctrl Pts',(-2.40961827454157,3.5,-15.5971314636037));
#7667=CARTESIAN_POINT('Ctrl Pts',(-2.40961827454157,3.1,-15.5971314636037));
#7668=CARTESIAN_POINT('Ctrl Pts',(-1.56241454300471,3.5,-16.5057255950735));
#7669=CARTESIAN_POINT('Ctrl Pts',(-1.56241454300471,3.1,-16.5057255950735));
#7670=CARTESIAN_POINT('',(-2.40961827454157,3.5,-13.9518382278249));
#7671=CARTESIAN_POINT('Ctrl Pts',(-2.40961827454157,3.5,-13.9518382278249));
#7672=CARTESIAN_POINT('Ctrl Pts',(-2.40961827454157,3.5,-15.5971314636037));
#7673=CARTESIAN_POINT('Ctrl Pts',(-1.56241454300471,3.5,-16.5057255950735));
#7674=CARTESIAN_POINT('',(-2.40961827454157,3.1,-13.9518382278249));
#7675=CARTESIAN_POINT('',(-2.40961827454157,3.5,-13.9518382278249));
#7676=CARTESIAN_POINT('Ctrl Pts',(-2.40961827454157,3.1,-13.9518382278249));
#7677=CARTESIAN_POINT('Ctrl Pts',(-2.40961827454157,3.1,-15.5971314636037));
#7678=CARTESIAN_POINT('Ctrl Pts',(-1.56241454300471,3.1,-16.5057255950735));
#7679=CARTESIAN_POINT('Ctrl Pts',(-1.5716246527154,3.5,-11.4808275428579));
#7680=CARTESIAN_POINT('Ctrl Pts',(-1.5716246527154,3.1,-11.4808275428579));
#7681=CARTESIAN_POINT('Ctrl Pts',(-2.40961827454157,3.5,-12.3617961135671));
#7682=CARTESIAN_POINT('Ctrl Pts',(-2.40961827454157,3.1,-12.3617961135671));
#7683=CARTESIAN_POINT('Ctrl Pts',(-2.40961827454157,3.5,-13.9518382278249));
#7684=CARTESIAN_POINT('Ctrl Pts',(-2.40961827454157,3.1,-13.9518382278249));
#7685=CARTESIAN_POINT('',(-1.5716246527154,3.5,-11.4808275428579));
#7686=CARTESIAN_POINT('Ctrl Pts',(-1.5716246527154,3.5,-11.4808275428579));
#7687=CARTESIAN_POINT('Ctrl Pts',(-2.40961827454157,3.5,-12.3617961135671));
#7688=CARTESIAN_POINT('Ctrl Pts',(-2.40961827454157,3.5,-13.9518382278249));
#7689=CARTESIAN_POINT('',(-1.5716246527154,3.1,-11.4808275428579));
#7690=CARTESIAN_POINT('',(-1.5716246527154,3.5,-11.4808275428579));
#7691=CARTESIAN_POINT('Ctrl Pts',(-1.5716246527154,3.1,-11.4808275428579));
#7692=CARTESIAN_POINT('Ctrl Pts',(-2.40961827454157,3.1,-12.3617961135671));
#7693=CARTESIAN_POINT('Ctrl Pts',(-2.40961827454157,3.1,-13.9518382278249));
#7694=CARTESIAN_POINT('Ctrl Pts',(0.69679461303167,3.5,-10.5998589721486));
#7695=CARTESIAN_POINT('Ctrl Pts',(0.69679461303167,3.1,-10.5998589721486));
#7696=CARTESIAN_POINT('Ctrl Pts',(-0.733628646703437,3.5,-10.5998589721486));
#7697=CARTESIAN_POINT('Ctrl Pts',(-0.733628646703437,3.1,-10.5998589721486));
#7698=CARTESIAN_POINT('Ctrl Pts',(-1.5716246527154,3.5,-11.4808275428579));
#7699=CARTESIAN_POINT('Ctrl Pts',(-1.5716246527154,3.1,-11.4808275428579));
#7700=CARTESIAN_POINT('',(0.69679461303167,3.5,-10.5998589721486));
#7701=CARTESIAN_POINT('Ctrl Pts',(0.69679461303167,3.5,-10.5998589721486));
#7702=CARTESIAN_POINT('Ctrl Pts',(-0.733628646703437,3.5,-10.5998589721486));
#7703=CARTESIAN_POINT('Ctrl Pts',(-1.5716246527154,3.5,-11.4808275428579));
#7704=CARTESIAN_POINT('',(0.69679461303167,3.1,-10.5998589721486));
#7705=CARTESIAN_POINT('',(0.69679461303167,3.5,-10.5998589721486));
#7706=CARTESIAN_POINT('Ctrl Pts',(0.69679461303167,3.1,-10.5998589721486));
#7707=CARTESIAN_POINT('Ctrl Pts',(-0.733628646703437,3.1,-10.5998589721486));
#7708=CARTESIAN_POINT('Ctrl Pts',(-1.5716246527154,3.1,-11.4808275428579));
#7709=CARTESIAN_POINT('Ctrl Pts',(2.56309710326605,3.5,-11.1523844924734));
#7710=CARTESIAN_POINT('Ctrl Pts',(2.56309710326605,3.1,-11.1523844924734));
#7711=CARTESIAN_POINT('Ctrl Pts',(1.83253727736883,3.5,-10.5998589721486));
#7712=CARTESIAN_POINT('Ctrl Pts',(1.83253727736883,3.1,-10.5998589721486));
#7713=CARTESIAN_POINT('Ctrl Pts',(0.69679461303167,3.5,-10.5998589721486));
#7714=CARTESIAN_POINT('Ctrl Pts',(0.69679461303167,3.1,-10.5998589721486));
#7715=CARTESIAN_POINT('',(2.56309710326605,3.5,-11.1523844924734));
#7716=CARTESIAN_POINT('Ctrl Pts',(2.56309710326605,3.5,-11.1523844924734));
#7717=CARTESIAN_POINT('Ctrl Pts',(1.83253727736883,3.5,-10.5998589721486));
#7718=CARTESIAN_POINT('Ctrl Pts',(0.69679461303167,3.5,-10.5998589721486));
#7719=CARTESIAN_POINT('',(2.56309710326605,3.1,-11.1523844924734));
#7720=CARTESIAN_POINT('',(2.56309710326605,3.5,-11.1523844924734));
#7721=CARTESIAN_POINT('Ctrl Pts',(2.56309710326605,3.1,-11.1523844924734));
#7722=CARTESIAN_POINT('Ctrl Pts',(1.83253727736883,3.1,-10.5998589721486));
#7723=CARTESIAN_POINT('Ctrl Pts',(0.69679461303167,3.1,-10.5998589721486));
#7724=CARTESIAN_POINT('Ctrl Pts',(3.56377802672796,3.5,-12.7055885520742));
#7725=CARTESIAN_POINT('Ctrl Pts',(3.56377802672796,3.1,-12.7055885520742));
#7726=CARTESIAN_POINT('Ctrl Pts',(3.29365692916326,3.5,-11.7049076286123));
#7727=CARTESIAN_POINT('Ctrl Pts',(3.29365692916326,3.1,-11.7049076286123));
#7728=CARTESIAN_POINT('Ctrl Pts',(2.56309710326605,3.5,-11.1523844924734));
#7729=CARTESIAN_POINT('Ctrl Pts',(2.56309710326605,3.1,-11.1523844924734));
#7730=CARTESIAN_POINT('',(3.56377802672796,3.5,-12.7055885520742));
#7731=CARTESIAN_POINT('Ctrl Pts',(3.56377802672796,3.5,-12.7055885520742));
#7732=CARTESIAN_POINT('Ctrl Pts',(3.29365692916326,3.5,-11.7049076286123));
#7733=CARTESIAN_POINT('Ctrl Pts',(2.56309710326605,3.5,-11.1523844924734));
#7734=CARTESIAN_POINT('',(3.56377802672796,3.1,-12.7055885520742));
#7735=CARTESIAN_POINT('',(3.56377802672796,3.5,-12.7055885520742));
#7736=CARTESIAN_POINT('Ctrl Pts',(3.56377802672796,3.1,-12.7055885520742));
#7737=CARTESIAN_POINT('Ctrl Pts',(3.29365692916326,3.1,-11.7049076286123));
#7738=CARTESIAN_POINT('Ctrl Pts',(2.56309710326605,3.1,-11.1523844924734));
#7739=CARTESIAN_POINT('Origin',(2.42189608397894,3.5,-12.8467895713613));
#7740=CARTESIAN_POINT('',(2.42189608397894,3.5,-12.8467895713613));
#7741=CARTESIAN_POINT('',(2.01151703566604,3.5,-12.8975355703534));
#7742=CARTESIAN_POINT('',(2.42189608397894,3.1,-12.8467895713613));
#7743=CARTESIAN_POINT('',(2.42189608397894,3.5,-12.8467895713613));
#7744=CARTESIAN_POINT('',(2.42189608397894,3.1,-12.8467895713613));
#7745=CARTESIAN_POINT('Ctrl Pts',(1.74045048537664,3.5,-11.8276908126638));
#7746=CARTESIAN_POINT('Ctrl Pts',(1.74045048537664,3.1,-11.8276908126638));
#7747=CARTESIAN_POINT('Ctrl Pts',(2.17019043746404,3.5,-12.1469261375234));
#7748=CARTESIAN_POINT('Ctrl Pts',(2.17019043746404,3.1,-12.1469261375234));
#7749=CARTESIAN_POINT('Ctrl Pts',(2.42189608397894,3.5,-12.8467895713613));
#7750=CARTESIAN_POINT('Ctrl Pts',(2.42189608397894,3.1,-12.8467895713613));
#7751=CARTESIAN_POINT('Ctrl Pts',(1.74045048537664,3.5,-11.8276908126638));
#7752=CARTESIAN_POINT('Ctrl Pts',(2.17019043746404,3.5,-12.1469261375234));
#7753=CARTESIAN_POINT('Ctrl Pts',(2.42189608397894,3.5,-12.8467895713613));
#7754=CARTESIAN_POINT('Ctrl Pts',(1.74045048537664,3.1,-11.8276908126638));
#7755=CARTESIAN_POINT('Ctrl Pts',(2.17019043746404,3.1,-12.1469261375234));
#7756=CARTESIAN_POINT('Ctrl Pts',(2.42189608397894,3.1,-12.8467895713613));
#7757=CARTESIAN_POINT('Origin',(-2.57161445915699E-6,3.1,-22.1967204538152));
#7758=CARTESIAN_POINT('Origin',(13.024215324549,3.5,-19.747199031429));
#7759=CARTESIAN_POINT('',(13.024215324549,3.5,-19.747199031429));
#7760=CARTESIAN_POINT('',(13.024215324549,3.5,-10.7471992698476));
#7761=CARTESIAN_POINT('',(13.024215324549,3.5,-9.87359951571452));
#7762=CARTESIAN_POINT('',(13.024215324549,3.1,-19.747199031429));
#7763=CARTESIAN_POINT('',(13.024215324549,3.5,-19.747199031429));
#7764=CARTESIAN_POINT('',(13.024215324549,3.1,-10.7471992698476));
#7765=CARTESIAN_POINT('',(13.024215324549,3.1,-19.747199031429));
#7766=CARTESIAN_POINT('',(13.024215324549,3.5,-10.7471992698476));
#7767=CARTESIAN_POINT('Origin',(11.9191666680854,3.5,-19.747199031429));
#7768=CARTESIAN_POINT('',(11.9191666680854,3.5,-19.747199031429));
#7769=CARTESIAN_POINT('',(5.95958333404269,3.5,-19.747199031429));
#7770=CARTESIAN_POINT('',(11.9191666680854,3.1,-19.747199031429));
#7771=CARTESIAN_POINT('',(11.9191666680854,3.5,-19.747199031429));
#7772=CARTESIAN_POINT('',(11.9191666680854,3.1,-19.747199031429));
#7773=CARTESIAN_POINT('Origin',(11.9191666680854,3.5,-10.7471992698476));
#7774=CARTESIAN_POINT('',(11.9191666680854,3.5,-10.7471992698476));
#7775=CARTESIAN_POINT('',(11.9191666680854,3.5,-5.37359963492381));
#7776=CARTESIAN_POINT('',(11.9191666680854,3.1,-10.7471992698476));
#7777=CARTESIAN_POINT('',(11.9191666680854,3.5,-10.7471992698476));
#7778=CARTESIAN_POINT('',(11.9191666680854,3.1,-10.7471992698476));
#7779=CARTESIAN_POINT('Origin',(13.024215324549,3.5,-10.7471992698476));
#7780=CARTESIAN_POINT('',(6.5121076622745,3.5,-10.7471992698476));
#7781=CARTESIAN_POINT('',(13.024215324549,3.1,-10.7471992698476));
#7782=CARTESIAN_POINT('Origin',(-2.57161445915699E-6,3.1,-22.1967204538152));
#7783=CARTESIAN_POINT('Ctrl Pts',(17.4259873467963,3.5,-16.5057255950735));
#7784=CARTESIAN_POINT('Ctrl Pts',(17.4259873467963,3.1,-16.5057255950735));
#7785=CARTESIAN_POINT('Ctrl Pts',(16.6647358972114,3.5,-16.5057255950735));
#7786=CARTESIAN_POINT('Ctrl Pts',(16.6647358972114,3.1,-16.5057255950735));
#7787=CARTESIAN_POINT('Ctrl Pts',(16.145975216059,3.5,-15.9961750236318));
#7788=CARTESIAN_POINT('Ctrl Pts',(16.145975216059,3.1,-15.9961750236318));
#7789=CARTESIAN_POINT('',(17.4259873467963,3.5,-16.5057255950735));
#7790=CARTESIAN_POINT('',(16.145975216059,3.5,-15.9961750236318));
#7791=CARTESIAN_POINT('Ctrl Pts',(17.4259873467963,3.5,-16.5057255950735));
#7792=CARTESIAN_POINT('Ctrl Pts',(16.6647358972114,3.5,-16.5057255950735));
#7793=CARTESIAN_POINT('Ctrl Pts',(16.145975216059,3.5,-15.9961750236318));
#7794=CARTESIAN_POINT('',(17.4259873467963,3.1,-16.5057255950735));
#7795=CARTESIAN_POINT('',(17.4259873467963,3.5,-16.5057255950735));
#7796=CARTESIAN_POINT('',(16.145975216059,3.1,-15.9961750236318));
#7797=CARTESIAN_POINT('Ctrl Pts',(17.4259873467963,3.1,-16.5057255950735));
#7798=CARTESIAN_POINT('Ctrl Pts',(16.6647358972114,3.1,-16.5057255950735));
#7799=CARTESIAN_POINT('Ctrl Pts',(16.145975216059,3.1,-15.9961750236318));
#7800=CARTESIAN_POINT('',(16.145975216059,3.5,-15.9961750236318));
#7801=CARTESIAN_POINT('Ctrl Pts',(18.795015438227,3.5,-15.8672537532613));
#7802=CARTESIAN_POINT('Ctrl Pts',(18.795015438227,3.1,-15.8672537532613));
#7803=CARTESIAN_POINT('Ctrl Pts',(18.2670517999213,3.5,-16.5057255950735));
#7804=CARTESIAN_POINT('Ctrl Pts',(18.2670517999213,3.1,-16.5057255950735));
#7805=CARTESIAN_POINT('Ctrl Pts',(17.4259873467963,3.5,-16.5057255950735));
#7806=CARTESIAN_POINT('Ctrl Pts',(17.4259873467963,3.1,-16.5057255950735));
#7807=CARTESIAN_POINT('',(18.795015438227,3.5,-15.8672537532613));
#7808=CARTESIAN_POINT('Ctrl Pts',(18.795015438227,3.5,-15.8672537532613));
#7809=CARTESIAN_POINT('Ctrl Pts',(18.2670517999213,3.5,-16.5057255950735));
#7810=CARTESIAN_POINT('Ctrl Pts',(17.4259873467963,3.5,-16.5057255950735));
#7811=CARTESIAN_POINT('',(18.795015438227,3.1,-15.8672537532613));
#7812=CARTESIAN_POINT('',(18.795015438227,3.5,-15.8672537532613));
#7813=CARTESIAN_POINT('Ctrl Pts',(18.795015438227,3.1,-15.8672537532613));
#7814=CARTESIAN_POINT('Ctrl Pts',(18.2670517999213,3.1,-16.5057255950735));
#7815=CARTESIAN_POINT('Ctrl Pts',(17.4259873467963,3.1,-16.5057255950735));
#7816=CARTESIAN_POINT('Ctrl Pts',(19.2124768334907,3.5,-14.6332838264272));
#7817=CARTESIAN_POINT('Ctrl Pts',(19.2124768334907,3.1,-14.6332838264272));
#7818=CARTESIAN_POINT('Ctrl Pts',(19.1388150292914,3.5,-15.4559304443166));
#7819=CARTESIAN_POINT('Ctrl Pts',(19.1388150292914,3.1,-15.4559304443166));
#7820=CARTESIAN_POINT('Ctrl Pts',(18.795015438227,3.5,-15.8672537532613));
#7821=CARTESIAN_POINT('Ctrl Pts',(18.795015438227,3.1,-15.8672537532613));
#7822=CARTESIAN_POINT('',(19.2124768334907,3.5,-14.6332838264272));
#7823=CARTESIAN_POINT('Ctrl Pts',(19.2124768334907,3.5,-14.6332838264272));
#7824=CARTESIAN_POINT('Ctrl Pts',(19.1388150292914,3.5,-15.4559304443166));
#7825=CARTESIAN_POINT('Ctrl Pts',(18.795015438227,3.5,-15.8672537532613));
#7826=CARTESIAN_POINT('',(19.2124768334907,3.1,-14.6332838264272));
#7827=CARTESIAN_POINT('',(19.2124768334907,3.5,-14.6332838264272));
#7828=CARTESIAN_POINT('Ctrl Pts',(19.2124768334907,3.1,-14.6332838264272));
#7829=CARTESIAN_POINT('Ctrl Pts',(19.1388150292914,3.1,-15.4559304443166));
#7830=CARTESIAN_POINT('Ctrl Pts',(18.795015438227,3.1,-15.8672537532613));
#7831=CARTESIAN_POINT('Origin',(15.5719586450141,3.5,-14.6332838264272));
#7832=CARTESIAN_POINT('',(15.5719586450141,3.5,-14.6332838264272));
#7833=CARTESIAN_POINT('',(7.78597932250705,3.5,-14.6332838264272));
#7834=CARTESIAN_POINT('',(15.5719586450141,3.1,-14.6332838264272));
#7835=CARTESIAN_POINT('',(15.5719586450141,3.5,-14.6332838264272));
#7836=CARTESIAN_POINT('',(15.5719586450141,3.1,-14.6332838264272));
#7837=CARTESIAN_POINT('Ctrl Pts',(16.145975216059,3.5,-15.9961750236318));
#7838=CARTESIAN_POINT('Ctrl Pts',(16.145975216059,3.1,-15.9961750236318));
#7839=CARTESIAN_POINT('Ctrl Pts',(15.6272145349067,3.5,-15.486625644283));
#7840=CARTESIAN_POINT('Ctrl Pts',(15.6272145349067,3.1,-15.486625644283));
#7841=CARTESIAN_POINT('Ctrl Pts',(15.5719586450141,3.5,-14.6332838264272));
#7842=CARTESIAN_POINT('Ctrl Pts',(15.5719586450141,3.1,-14.6332838264272));
#7843=CARTESIAN_POINT('Ctrl Pts',(16.145975216059,3.5,-15.9961750236318));
#7844=CARTESIAN_POINT('Ctrl Pts',(15.6272145349067,3.5,-15.486625644283));
#7845=CARTESIAN_POINT('Ctrl Pts',(15.5719586450141,3.5,-14.6332838264272));
#7846=CARTESIAN_POINT('Ctrl Pts',(16.145975216059,3.1,-15.9961750236318));
#7847=CARTESIAN_POINT('Ctrl Pts',(15.6272145349067,3.1,-15.486625644283));
#7848=CARTESIAN_POINT('Ctrl Pts',(15.5719586450141,3.1,-14.6332838264272));
#7849=CARTESIAN_POINT('Ctrl Pts',(17.4812432366889,3.5,-11.5084554878042));
#7850=CARTESIAN_POINT('Ctrl Pts',(17.4812432366889,3.1,-11.5084554878042));
#7851=CARTESIAN_POINT('Ctrl Pts',(18.0890198785346,3.5,-11.5084554878042));
#7852=CARTESIAN_POINT('Ctrl Pts',(18.0890198785346,3.1,-11.5084554878042));
#7853=CARTESIAN_POINT('Ctrl Pts',(18.5187550622504,3.5,-11.8276908126638));
#7854=CARTESIAN_POINT('Ctrl Pts',(18.5187550622504,3.1,-11.8276908126638));
#7855=CARTESIAN_POINT('',(17.4812432366889,3.5,-11.5084554878042));
#7856=CARTESIAN_POINT('',(18.5187550622504,3.5,-11.8276908126638));
#7857=CARTESIAN_POINT('Ctrl Pts',(17.4812432366889,3.5,-11.5084554878042));
#7858=CARTESIAN_POINT('Ctrl Pts',(18.0890198785346,3.5,-11.5084554878042));
#7859=CARTESIAN_POINT('Ctrl Pts',(18.5187550622504,3.5,-11.8276908126638));
#7860=CARTESIAN_POINT('',(17.4812432366889,3.1,-11.5084554878042));
#7861=CARTESIAN_POINT('',(17.4812432366889,3.5,-11.5084554878042));
#7862=CARTESIAN_POINT('',(18.5187550622504,3.1,-11.8276908126638));
#7863=CARTESIAN_POINT('Ctrl Pts',(17.4812432366889,3.1,-11.5084554878042));
#7864=CARTESIAN_POINT('Ctrl Pts',(18.0890198785346,3.1,-11.5084554878042));
#7865=CARTESIAN_POINT('Ctrl Pts',(18.5187550622504,3.1,-11.8276908126638));
#7866=CARTESIAN_POINT('',(18.5187550622504,3.5,-11.8276908126638));
#7867=CARTESIAN_POINT('Ctrl Pts',(16.1183472711127,3.5,-12.0793964591787));
#7868=CARTESIAN_POINT('Ctrl Pts',(16.1183472711127,3.1,-12.0793964591787));
#7869=CARTESIAN_POINT('Ctrl Pts',(16.6647358972114,3.5,-11.5084554878042));
#7870=CARTESIAN_POINT('Ctrl Pts',(16.6647358972114,3.1,-11.5084554878042));
#7871=CARTESIAN_POINT('Ctrl Pts',(17.4812432366889,3.5,-11.5084554878042));
#7872=CARTESIAN_POINT('Ctrl Pts',(17.4812432366889,3.1,-11.5084554878042));
#7873=CARTESIAN_POINT('',(16.1183472711127,3.5,-12.0793964591787));
#7874=CARTESIAN_POINT('Ctrl Pts',(16.1183472711127,3.5,-12.0793964591787));
#7875=CARTESIAN_POINT('Ctrl Pts',(16.6647358972114,3.5,-11.5084554878042));
#7876=CARTESIAN_POINT('Ctrl Pts',(17.4812432366889,3.5,-11.5084554878042));
#7877=CARTESIAN_POINT('',(16.1183472711127,3.1,-12.0793964591787));
#7878=CARTESIAN_POINT('',(16.1183472711127,3.5,-12.0793964591787));
#7879=CARTESIAN_POINT('Ctrl Pts',(16.1183472711127,3.1,-12.0793964591787));
#7880=CARTESIAN_POINT('Ctrl Pts',(16.6647358972114,3.1,-11.5084554878042));
#7881=CARTESIAN_POINT('Ctrl Pts',(17.4812432366889,3.1,-11.5084554878042));
#7882=CARTESIAN_POINT('Ctrl Pts',(15.510570629267,3.5,-13.7246896949575));
#7883=CARTESIAN_POINT('Ctrl Pts',(15.510570629267,3.1,-13.7246896949575));
#7884=CARTESIAN_POINT('Ctrl Pts',(15.5719586450141,3.5,-12.6503374305532));
#7885=CARTESIAN_POINT('Ctrl Pts',(15.5719586450141,3.1,-12.6503374305532));
#7886=CARTESIAN_POINT('Ctrl Pts',(16.1183472711127,3.5,-12.0793964591787));
#7887=CARTESIAN_POINT('Ctrl Pts',(16.1183472711127,3.1,-12.0793964591787));
#7888=CARTESIAN_POINT('',(15.510570629267,3.5,-13.7246896949575));
#7889=CARTESIAN_POINT('Ctrl Pts',(15.510570629267,3.5,-13.7246896949575));
#7890=CARTESIAN_POINT('Ctrl Pts',(15.5719586450141,3.5,-12.6503374305532));
#7891=CARTESIAN_POINT('Ctrl Pts',(16.1183472711127,3.5,-12.0793964591787));
#7892=CARTESIAN_POINT('',(15.510570629267,3.1,-13.7246896949575));
#7893=CARTESIAN_POINT('',(15.510570629267,3.5,-13.7246896949575));
#7894=CARTESIAN_POINT('Ctrl Pts',(15.510570629267,3.1,-13.7246896949575));
#7895=CARTESIAN_POINT('Ctrl Pts',(15.5719586450141,3.1,-12.6503374305532));
#7896=CARTESIAN_POINT('Ctrl Pts',(16.1183472711127,3.1,-12.0793964591787));
#7897=CARTESIAN_POINT('Origin',(20.3727837640326,3.5,-13.7246896949575));
#7898=CARTESIAN_POINT('',(20.3727837640326,3.5,-13.7246896949575));
#7899=CARTESIAN_POINT('',(10.1863918820163,3.5,-13.7246896949575));
#7900=CARTESIAN_POINT('',(20.3727837640326,3.1,-13.7246896949575));
#7901=CARTESIAN_POINT('',(20.3727837640326,3.5,-13.7246896949575));
#7902=CARTESIAN_POINT('',(20.3727837640326,3.1,-13.7246896949575));
#7903=CARTESIAN_POINT('Ctrl Pts',(20.3789158898871,3.5,-14.0193679061696));
#7904=CARTESIAN_POINT('Ctrl Pts',(20.3789158898871,3.1,-14.0193679061696));
#7905=CARTESIAN_POINT('Ctrl Pts',(20.3789158898871,3.5,-13.9211418357656));
#7906=CARTESIAN_POINT('Ctrl Pts',(20.3789158898871,3.1,-13.9211418357656));
#7907=CARTESIAN_POINT('Ctrl Pts',(20.3727837640326,3.5,-13.7246896949575));
#7908=CARTESIAN_POINT('Ctrl Pts',(20.3727837640326,3.1,-13.7246896949575));
#7909=CARTESIAN_POINT('',(20.3789158898871,3.5,-14.0193679061696));
#7910=CARTESIAN_POINT('Ctrl Pts',(20.3789158898871,3.5,-14.0193679061696));
#7911=CARTESIAN_POINT('Ctrl Pts',(20.3789158898871,3.5,-13.9211418357656));
#7912=CARTESIAN_POINT('Ctrl Pts',(20.3727837640326,3.5,-13.7246896949575));
#7913=CARTESIAN_POINT('',(20.3789158898871,3.1,-14.0193679061696));
#7914=CARTESIAN_POINT('',(20.3789158898871,3.5,-14.0193679061696));
#7915=CARTESIAN_POINT('Ctrl Pts',(20.3789158898871,3.1,-14.0193679061696));
#7916=CARTESIAN_POINT('Ctrl Pts',(20.3789158898871,3.1,-13.9211418357656));
#7917=CARTESIAN_POINT('Ctrl Pts',(20.3727837640326,3.1,-13.7246896949575));
#7918=CARTESIAN_POINT('Ctrl Pts',(19.5501347619575,3.5,-16.524143430309));
#7919=CARTESIAN_POINT('Ctrl Pts',(19.5501347619575,3.1,-16.524143430309));
#7920=CARTESIAN_POINT('Ctrl Pts',(20.3789158898871,3.5,-15.633965941982));
#7921=CARTESIAN_POINT('Ctrl Pts',(20.3789158898871,3.1,-15.633965941982));
#7922=CARTESIAN_POINT('Ctrl Pts',(20.3789158898871,3.5,-14.0193679061696));
#7923=CARTESIAN_POINT('Ctrl Pts',(20.3789158898871,3.1,-14.0193679061696));
#7924=CARTESIAN_POINT('',(19.5501347619575,3.5,-16.524143430309));
#7925=CARTESIAN_POINT('Ctrl Pts',(19.5501347619575,3.5,-16.524143430309));
#7926=CARTESIAN_POINT('Ctrl Pts',(20.3789158898871,3.5,-15.633965941982));
#7927=CARTESIAN_POINT('Ctrl Pts',(20.3789158898871,3.5,-14.0193679061696));
#7928=CARTESIAN_POINT('',(19.5501347619575,3.1,-16.524143430309));
#7929=CARTESIAN_POINT('',(19.5501347619575,3.5,-16.524143430309));
#7930=CARTESIAN_POINT('Ctrl Pts',(19.5501347619575,3.1,-16.524143430309));
#7931=CARTESIAN_POINT('Ctrl Pts',(20.3789158898871,3.1,-15.633965941982));
#7932=CARTESIAN_POINT('Ctrl Pts',(20.3789158898871,3.1,-14.0193679061696));
#7933=CARTESIAN_POINT('Ctrl Pts',(17.4137135583442,3.5,-17.4143197265432));
#7934=CARTESIAN_POINT('Ctrl Pts',(17.4137135583442,3.1,-17.4143197265432));
#7935=CARTESIAN_POINT('Ctrl Pts',(18.7213440972846,3.5,-17.4143197265432));
#7936=CARTESIAN_POINT('Ctrl Pts',(18.7213440972846,3.1,-17.4143197265432));
#7937=CARTESIAN_POINT('Ctrl Pts',(19.5501347619575,3.5,-16.524143430309));
#7938=CARTESIAN_POINT('Ctrl Pts',(19.5501347619575,3.1,-16.524143430309));
#7939=CARTESIAN_POINT('',(17.4137135583442,3.5,-17.4143197265432));
#7940=CARTESIAN_POINT('Ctrl Pts',(17.4137135583442,3.5,-17.4143197265432));
#7941=CARTESIAN_POINT('Ctrl Pts',(18.7213440972846,3.5,-17.4143197265432));
#7942=CARTESIAN_POINT('Ctrl Pts',(19.5501347619575,3.5,-16.524143430309));
#7943=CARTESIAN_POINT('',(17.4137135583442,3.1,-17.4143197265432));
#7944=CARTESIAN_POINT('',(17.4137135583442,3.5,-17.4143197265432));
#7945=CARTESIAN_POINT('Ctrl Pts',(17.4137135583442,3.1,-17.4143197265432));
#7946=CARTESIAN_POINT('Ctrl Pts',(18.7213440972846,3.1,-17.4143197265432));
#7947=CARTESIAN_POINT('Ctrl Pts',(19.5501347619575,3.1,-16.524143430309));
#7948=CARTESIAN_POINT('Ctrl Pts',(15.2158948022407,3.5,-16.5057255950735));
#7949=CARTESIAN_POINT('Ctrl Pts',(15.2158948022407,3.1,-16.5057255950735));
#7950=CARTESIAN_POINT('Ctrl Pts',(16.0630913812201,3.5,-17.4143197265432));
#7951=CARTESIAN_POINT('Ctrl Pts',(16.0630913812201,3.1,-17.4143197265432));
#7952=CARTESIAN_POINT('Ctrl Pts',(17.4137135583442,3.5,-17.4143197265432));
#7953=CARTESIAN_POINT('Ctrl Pts',(17.4137135583442,3.1,-17.4143197265432));
#7954=CARTESIAN_POINT('',(15.2158948022407,3.5,-16.5057255950735));
#7955=CARTESIAN_POINT('Ctrl Pts',(15.2158948022407,3.5,-16.5057255950735));
#7956=CARTESIAN_POINT('Ctrl Pts',(16.0630913812201,3.5,-17.4143197265432));
#7957=CARTESIAN_POINT('Ctrl Pts',(17.4137135583442,3.5,-17.4143197265432));
#7958=CARTESIAN_POINT('',(15.2158948022407,3.1,-16.5057255950735));
#7959=CARTESIAN_POINT('',(15.2158948022407,3.5,-16.5057255950735));
#7960=CARTESIAN_POINT('Ctrl Pts',(15.2158948022407,3.1,-16.5057255950735));
#7961=CARTESIAN_POINT('Ctrl Pts',(16.0630913812201,3.1,-17.4143197265432));
#7962=CARTESIAN_POINT('Ctrl Pts',(17.4137135583442,3.1,-17.4143197265432));
#7963=CARTESIAN_POINT('Ctrl Pts',(14.368688686518,3.5,-13.9518382278249));
#7964=CARTESIAN_POINT('Ctrl Pts',(14.368688686518,3.1,-13.9518382278249));
#7965=CARTESIAN_POINT('Ctrl Pts',(14.368688686518,3.5,-15.5971314636037));
#7966=CARTESIAN_POINT('Ctrl Pts',(14.368688686518,3.1,-15.5971314636037));
#7967=CARTESIAN_POINT('Ctrl Pts',(15.2158948022407,3.5,-16.5057255950735));
#7968=CARTESIAN_POINT('Ctrl Pts',(15.2158948022407,3.1,-16.5057255950735));
#7969=CARTESIAN_POINT('',(14.368688686518,3.5,-13.9518382278249));
#7970=CARTESIAN_POINT('Ctrl Pts',(14.368688686518,3.5,-13.9518382278249));
#7971=CARTESIAN_POINT('Ctrl Pts',(14.368688686518,3.5,-15.5971314636037));
#7972=CARTESIAN_POINT('Ctrl Pts',(15.2158948022407,3.5,-16.5057255950735));
#7973=CARTESIAN_POINT('',(14.368688686518,3.1,-13.9518382278249));
#7974=CARTESIAN_POINT('',(14.368688686518,3.5,-13.9518382278249));
#7975=CARTESIAN_POINT('Ctrl Pts',(14.368688686518,3.1,-13.9518382278249));
#7976=CARTESIAN_POINT('Ctrl Pts',(14.368688686518,3.1,-15.5971314636037));
#7977=CARTESIAN_POINT('Ctrl Pts',(15.2158948022407,3.1,-16.5057255950735));
#7978=CARTESIAN_POINT('Ctrl Pts',(15.2066823083442,3.5,-11.4808275428579));
#7979=CARTESIAN_POINT('Ctrl Pts',(15.2066823083442,3.1,-11.4808275428579));
#7980=CARTESIAN_POINT('Ctrl Pts',(14.368688686518,3.5,-12.3617961135671));
#7981=CARTESIAN_POINT('Ctrl Pts',(14.368688686518,3.1,-12.3617961135671));
#7982=CARTESIAN_POINT('Ctrl Pts',(14.368688686518,3.5,-13.9518382278249));
#7983=CARTESIAN_POINT('Ctrl Pts',(14.368688686518,3.1,-13.9518382278249));
#7984=CARTESIAN_POINT('',(15.2066823083442,3.5,-11.4808275428579));
#7985=CARTESIAN_POINT('Ctrl Pts',(15.2066823083442,3.5,-11.4808275428579));
#7986=CARTESIAN_POINT('Ctrl Pts',(14.368688686518,3.5,-12.3617961135671));
#7987=CARTESIAN_POINT('Ctrl Pts',(14.368688686518,3.5,-13.9518382278249));
#7988=CARTESIAN_POINT('',(15.2066823083442,3.1,-11.4808275428579));
#7989=CARTESIAN_POINT('',(15.2066823083442,3.5,-11.4808275428579));
#7990=CARTESIAN_POINT('Ctrl Pts',(15.2066823083442,3.1,-11.4808275428579));
#7991=CARTESIAN_POINT('Ctrl Pts',(14.368688686518,3.1,-12.3617961135671));
#7992=CARTESIAN_POINT('Ctrl Pts',(14.368688686518,3.1,-13.9518382278249));
#7993=CARTESIAN_POINT('Ctrl Pts',(17.4751015740912,3.5,-10.5998589721486));
#7994=CARTESIAN_POINT('Ctrl Pts',(17.4751015740912,3.1,-10.5998589721486));
#7995=CARTESIAN_POINT('Ctrl Pts',(16.0446759301703,3.5,-10.5998589721486));
#7996=CARTESIAN_POINT('Ctrl Pts',(16.0446759301703,3.1,-10.5998589721486));
#7997=CARTESIAN_POINT('Ctrl Pts',(15.2066823083442,3.5,-11.4808275428579));
#7998=CARTESIAN_POINT('Ctrl Pts',(15.2066823083442,3.1,-11.4808275428579));
#7999=CARTESIAN_POINT('',(17.4751015740912,3.5,-10.5998589721486));
#8000=CARTESIAN_POINT('Ctrl Pts',(17.4751015740912,3.5,-10.5998589721486));
#8001=CARTESIAN_POINT('Ctrl Pts',(16.0446759301703,3.5,-10.5998589721486));
#8002=CARTESIAN_POINT('Ctrl Pts',(15.2066823083442,3.5,-11.4808275428579));
#8003=CARTESIAN_POINT('',(17.4751015740912,3.1,-10.5998589721486));
#8004=CARTESIAN_POINT('',(17.4751015740912,3.5,-10.5998589721486));
#8005=CARTESIAN_POINT('Ctrl Pts',(17.4751015740912,3.1,-10.5998589721486));
#8006=CARTESIAN_POINT('Ctrl Pts',(16.0446759301703,3.1,-10.5998589721486));
#8007=CARTESIAN_POINT('Ctrl Pts',(15.2066823083442,3.1,-11.4808275428579));
#8008=CARTESIAN_POINT('Ctrl Pts',(19.3414040643256,3.5,-11.1523844924734));
#8009=CARTESIAN_POINT('Ctrl Pts',(19.3414040643256,3.1,-11.1523844924734));
#8010=CARTESIAN_POINT('Ctrl Pts',(18.6108418542426,3.5,-10.5998589721486));
#8011=CARTESIAN_POINT('Ctrl Pts',(18.6108418542426,3.1,-10.5998589721486));
#8012=CARTESIAN_POINT('Ctrl Pts',(17.4751015740912,3.5,-10.5998589721486));
#8013=CARTESIAN_POINT('Ctrl Pts',(17.4751015740912,3.1,-10.5998589721486));
#8014=CARTESIAN_POINT('',(19.3414040643256,3.5,-11.1523844924734));
#8015=CARTESIAN_POINT('Ctrl Pts',(19.3414040643256,3.5,-11.1523844924734));
#8016=CARTESIAN_POINT('Ctrl Pts',(18.6108418542426,3.5,-10.5998589721486));
#8017=CARTESIAN_POINT('Ctrl Pts',(17.4751015740912,3.5,-10.5998589721486));
#8018=CARTESIAN_POINT('',(19.3414040643256,3.1,-11.1523844924734));
#8019=CARTESIAN_POINT('',(19.3414040643256,3.5,-11.1523844924734));
#8020=CARTESIAN_POINT('Ctrl Pts',(19.3414040643256,3.1,-11.1523844924734));
#8021=CARTESIAN_POINT('Ctrl Pts',(18.6108418542426,3.1,-10.5998589721486));
#8022=CARTESIAN_POINT('Ctrl Pts',(17.4751015740912,3.1,-10.5998589721486));
#8023=CARTESIAN_POINT('Ctrl Pts',(20.3420849877875,3.5,-12.7055885520742));
#8024=CARTESIAN_POINT('Ctrl Pts',(20.3420849877875,3.1,-12.7055885520742));
#8025=CARTESIAN_POINT('Ctrl Pts',(20.0719662744086,3.5,-11.7049076286123));
#8026=CARTESIAN_POINT('Ctrl Pts',(20.0719662744086,3.1,-11.7049076286123));
#8027=CARTESIAN_POINT('Ctrl Pts',(19.3414040643256,3.5,-11.1523844924734));
#8028=CARTESIAN_POINT('Ctrl Pts',(19.3414040643256,3.1,-11.1523844924734));
#8029=CARTESIAN_POINT('',(20.3420849877875,3.5,-12.7055885520742));
#8030=CARTESIAN_POINT('Ctrl Pts',(20.3420849877875,3.5,-12.7055885520742));
#8031=CARTESIAN_POINT('Ctrl Pts',(20.0719662744086,3.5,-11.7049076286123));
#8032=CARTESIAN_POINT('Ctrl Pts',(19.3414040643256,3.5,-11.1523844924734));
#8033=CARTESIAN_POINT('',(20.3420849877875,3.1,-12.7055885520742));
#8034=CARTESIAN_POINT('',(20.3420849877875,3.5,-12.7055885520742));
#8035=CARTESIAN_POINT('Ctrl Pts',(20.3420849877875,3.1,-12.7055885520742));
#8036=CARTESIAN_POINT('Ctrl Pts',(20.0719662744086,3.1,-11.7049076286123));
#8037=CARTESIAN_POINT('Ctrl Pts',(19.3414040643256,3.1,-11.1523844924734));
#8038=CARTESIAN_POINT('Origin',(19.2002030450385,3.5,-12.8467895713613));
#8039=CARTESIAN_POINT('',(19.2002030450385,3.5,-12.8467895713613));
#8040=CARTESIAN_POINT('',(10.5270163413884,3.5,-13.9192846841875));
#8041=CARTESIAN_POINT('',(19.2002030450385,3.1,-12.8467895713613));
#8042=CARTESIAN_POINT('',(19.2002030450385,3.5,-12.8467895713613));
#8043=CARTESIAN_POINT('',(19.2002030450385,3.1,-12.8467895713613));
#8044=CARTESIAN_POINT('Ctrl Pts',(18.5187550622504,3.5,-11.8276908126638));
#8045=CARTESIAN_POINT('Ctrl Pts',(18.5187550622504,3.1,-11.8276908126638));
#8046=CARTESIAN_POINT('Ctrl Pts',(18.9484997827094,3.5,-12.1469261375234));
#8047=CARTESIAN_POINT('Ctrl Pts',(18.9484997827094,3.1,-12.1469261375234));
#8048=CARTESIAN_POINT('Ctrl Pts',(19.2002030450385,3.5,-12.8467895713613));
#8049=CARTESIAN_POINT('Ctrl Pts',(19.2002030450385,3.1,-12.8467895713613));
#8050=CARTESIAN_POINT('Ctrl Pts',(18.5187550622504,3.5,-11.8276908126638));
#8051=CARTESIAN_POINT('Ctrl Pts',(18.9484997827094,3.5,-12.1469261375234));
#8052=CARTESIAN_POINT('Ctrl Pts',(19.2002030450385,3.5,-12.8467895713613));
#8053=CARTESIAN_POINT('Ctrl Pts',(18.5187550622504,3.1,-11.8276908126638));
#8054=CARTESIAN_POINT('Ctrl Pts',(18.9484997827094,3.1,-12.1469261375234));
#8055=CARTESIAN_POINT('Ctrl Pts',(19.2002030450385,3.1,-12.8467895713613));
#8056=CARTESIAN_POINT('Origin',(-2.57161445915699E-6,3.1,-22.1967204538152));
#8057=CARTESIAN_POINT('Ctrl Pts',(8.93553696456365,3.5,-12.5091364112661));
#8058=CARTESIAN_POINT('Ctrl Pts',(8.93553696456365,3.1,-12.5091364112661));
#8059=CARTESIAN_POINT('Ctrl Pts',(9.11357127013616,3.5,-12.8836252418325));
#8060=CARTESIAN_POINT('Ctrl Pts',(9.11357127013616,3.1,-12.8836252418325));
#8061=CARTESIAN_POINT('Ctrl Pts',(9.11357127013616,3.5,-13.6141850677297));
#8062=CARTESIAN_POINT('Ctrl Pts',(9.11357127013616,3.1,-13.6141850677297));
#8063=CARTESIAN_POINT('',(8.93553696456365,3.5,-12.5091364112661));
#8064=CARTESIAN_POINT('',(9.11357127013616,3.5,-13.6141850677297));
#8065=CARTESIAN_POINT('Ctrl Pts',(8.93553696456365,3.5,-12.5091364112661));
#8066=CARTESIAN_POINT('Ctrl Pts',(9.11357127013616,3.5,-12.8836252418325));
#8067=CARTESIAN_POINT('Ctrl Pts',(9.11357127013616,3.5,-13.6141850677297));
#8068=CARTESIAN_POINT('',(8.93553696456365,3.1,-12.5091364112661));
#8069=CARTESIAN_POINT('',(8.93553696456365,3.5,-12.5091364112661));
#8070=CARTESIAN_POINT('',(9.11357127013616,3.1,-13.6141850677297));
#8071=CARTESIAN_POINT('Ctrl Pts',(8.93553696456365,3.1,-12.5091364112661));
#8072=CARTESIAN_POINT('Ctrl Pts',(9.11357127013616,3.1,-12.8836252418325));
#8073=CARTESIAN_POINT('Ctrl Pts',(9.11357127013616,3.1,-13.6141850677297));
#8074=CARTESIAN_POINT('',(9.11357127013616,3.5,-13.6141850677297));
#8075=CARTESIAN_POINT('Ctrl Pts',(8.20497713866644,3.5,-11.7448117461965));
#8076=CARTESIAN_POINT('Ctrl Pts',(8.20497713866644,3.1,-11.7448117461965));
#8077=CARTESIAN_POINT('Ctrl Pts',(8.70224915328436,3.5,-12.0241429534719));
#8078=CARTESIAN_POINT('Ctrl Pts',(8.70224915328436,3.1,-12.0241429534719));
#8079=CARTESIAN_POINT('Ctrl Pts',(8.93553696456365,3.5,-12.5091364112661));
#8080=CARTESIAN_POINT('Ctrl Pts',(8.93553696456365,3.1,-12.5091364112661));
#8081=CARTESIAN_POINT('',(8.20497713866644,3.5,-11.7448117461965));
#8082=CARTESIAN_POINT('Ctrl Pts',(8.20497713866644,3.5,-11.7448117461965));
#8083=CARTESIAN_POINT('Ctrl Pts',(8.70224915328436,3.5,-12.0241429534719));
#8084=CARTESIAN_POINT('Ctrl Pts',(8.93553696456365,3.5,-12.5091364112661));
#8085=CARTESIAN_POINT('',(8.20497713866644,3.1,-11.7448117461965));
#8086=CARTESIAN_POINT('',(8.20497713866644,3.5,-11.7448117461965));
#8087=CARTESIAN_POINT('Ctrl Pts',(8.20497713866644,3.1,-11.7448117461965));
#8088=CARTESIAN_POINT('Ctrl Pts',(8.70224915328436,3.1,-12.0241429534719));
#8089=CARTESIAN_POINT('Ctrl Pts',(8.93553696456365,3.1,-12.5091364112661));
#8090=CARTESIAN_POINT('Ctrl Pts',(7.06923447432928,3.5,-11.4654805389211));
#8091=CARTESIAN_POINT('Ctrl Pts',(7.06923447432928,3.1,-11.4654805389211));
#8092=CARTESIAN_POINT('Ctrl Pts',(7.70770512404852,3.5,-11.4654805389211));
#8093=CARTESIAN_POINT('Ctrl Pts',(7.70770512404852,3.1,-11.4654805389211));
#8094=CARTESIAN_POINT('Ctrl Pts',(8.20497713866644,3.5,-11.7448117461965));
#8095=CARTESIAN_POINT('Ctrl Pts',(8.20497713866644,3.1,-11.7448117461965));
#8096=CARTESIAN_POINT('',(7.06923447432928,3.5,-11.4654805389211));
#8097=CARTESIAN_POINT('Ctrl Pts',(7.06923447432928,3.5,-11.4654805389211));
#8098=CARTESIAN_POINT('Ctrl Pts',(7.70770512404852,3.5,-11.4654805389211));
#8099=CARTESIAN_POINT('Ctrl Pts',(8.20497713866644,3.5,-11.7448117461965));
#8100=CARTESIAN_POINT('',(7.06923447432928,3.1,-11.4654805389211));
#8101=CARTESIAN_POINT('',(7.06923447432928,3.5,-11.4654805389211));
#8102=CARTESIAN_POINT('Ctrl Pts',(7.06923447432928,3.1,-11.4654805389211));
#8103=CARTESIAN_POINT('Ctrl Pts',(7.70770512404852,3.1,-11.4654805389211));
#8104=CARTESIAN_POINT('Ctrl Pts',(8.20497713866644,3.1,-11.7448117461965));
#8105=CARTESIAN_POINT('Ctrl Pts',(6.090039833216,3.5,-11.7601587501333));
#8106=CARTESIAN_POINT('Ctrl Pts',(6.090039833216,3.1,-11.7601587501333));
#8107=CARTESIAN_POINT('Ctrl Pts',(6.42462216201238,3.5,-11.4654805389211));
#8108=CARTESIAN_POINT('Ctrl Pts',(6.42462216201238,3.1,-11.4654805389211));
#8109=CARTESIAN_POINT('Ctrl Pts',(7.06923447432928,3.5,-11.4654805389211));
#8110=CARTESIAN_POINT('Ctrl Pts',(7.06923447432928,3.1,-11.4654805389211));
#8111=CARTESIAN_POINT('',(6.090039833216,3.5,-11.7601587501333));
#8112=CARTESIAN_POINT('Ctrl Pts',(6.090039833216,3.5,-11.7601587501333));
#8113=CARTESIAN_POINT('Ctrl Pts',(6.42462216201238,3.5,-11.4654805389211));
#8114=CARTESIAN_POINT('Ctrl Pts',(7.06923447432928,3.5,-11.4654805389211));
#8115=CARTESIAN_POINT('',(6.090039833216,3.1,-11.7601587501333));
#8116=CARTESIAN_POINT('',(6.090039833216,3.5,-11.7601587501333));
#8117=CARTESIAN_POINT('Ctrl Pts',(6.090039833216,3.1,-11.7601587501333));
#8118=CARTESIAN_POINT('Ctrl Pts',(6.42462216201238,3.1,-11.4654805389211));
#8119=CARTESIAN_POINT('Ctrl Pts',(7.06923447432928,3.1,-11.4654805389211));
#8120=CARTESIAN_POINT('Ctrl Pts',(5.75545512023382,3.5,-12.4968578544423));
#8121=CARTESIAN_POINT('Ctrl Pts',(5.75545512023382,3.1,-12.4968578544423));
#8122=CARTESIAN_POINT('Ctrl Pts',(5.75545512023382,3.5,-12.0548393455312));
#8123=CARTESIAN_POINT('Ctrl Pts',(5.75545512023382,3.1,-12.0548393455312));
#8124=CARTESIAN_POINT('Ctrl Pts',(6.090039833216,3.5,-11.7601587501333));
#8125=CARTESIAN_POINT('Ctrl Pts',(6.090039833216,3.1,-11.7601587501333));
#8126=CARTESIAN_POINT('',(5.75545512023382,3.5,-12.4968578544423));
#8127=CARTESIAN_POINT('Ctrl Pts',(5.75545512023382,3.5,-12.4968578544423));
#8128=CARTESIAN_POINT('Ctrl Pts',(5.75545512023382,3.5,-12.0548393455312));
#8129=CARTESIAN_POINT('Ctrl Pts',(6.090039833216,3.5,-11.7601587501333));
#8130=CARTESIAN_POINT('',(5.75545512023382,3.1,-12.4968578544423));
#8131=CARTESIAN_POINT('',(5.75545512023382,3.5,-12.4968578544423));
#8132=CARTESIAN_POINT('Ctrl Pts',(5.75545512023382,3.1,-12.4968578544423));
#8133=CARTESIAN_POINT('Ctrl Pts',(5.75545512023382,3.1,-12.0548393455312));
#8134=CARTESIAN_POINT('Ctrl Pts',(6.090039833216,3.1,-11.7601587501333));
#8135=CARTESIAN_POINT('Ctrl Pts',(5.90893469634466,3.5,-13.0217554298208));
#8136=CARTESIAN_POINT('Ctrl Pts',(5.90893469634466,3.1,-13.0217554298208));
#8137=CARTESIAN_POINT('Ctrl Pts',(5.75545512023382,3.5,-12.7853991714284));
#8138=CARTESIAN_POINT('Ctrl Pts',(5.75545512023382,3.1,-12.7853991714284));
#8139=CARTESIAN_POINT('Ctrl Pts',(5.75545512023382,3.5,-12.4968578544423));
#8140=CARTESIAN_POINT('Ctrl Pts',(5.75545512023382,3.1,-12.4968578544423));
#8141=CARTESIAN_POINT('',(5.90893469634466,3.5,-13.0217554298208));
#8142=CARTESIAN_POINT('Ctrl Pts',(5.90893469634466,3.5,-13.0217554298208));
#8143=CARTESIAN_POINT('Ctrl Pts',(5.75545512023382,3.5,-12.7853991714284));
#8144=CARTESIAN_POINT('Ctrl Pts',(5.75545512023382,3.5,-12.4968578544423));
#8145=CARTESIAN_POINT('',(5.90893469634466,3.1,-13.0217554298208));
#8146=CARTESIAN_POINT('',(5.90893469634466,3.5,-13.0217554298208));
#8147=CARTESIAN_POINT('Ctrl Pts',(5.90893469634466,3.1,-13.0217554298208));
#8148=CARTESIAN_POINT('Ctrl Pts',(5.75545512023382,3.1,-12.7853991714284));
#8149=CARTESIAN_POINT('Ctrl Pts',(5.75545512023382,3.1,-12.4968578544423));
#8150=CARTESIAN_POINT('Ctrl Pts',(6.34481392684393,3.5,-13.3808972564504));
#8151=CARTESIAN_POINT('Ctrl Pts',(6.34481392684393,3.1,-13.3808972564504));
#8152=CARTESIAN_POINT('Ctrl Pts',(6.06241188826971,3.5,-13.2581140723989));
#8153=CARTESIAN_POINT('Ctrl Pts',(6.06241188826971,3.1,-13.2581140723989));
#8154=CARTESIAN_POINT('Ctrl Pts',(5.90893469634466,3.5,-13.0217554298208));
#8155=CARTESIAN_POINT('Ctrl Pts',(5.90893469634466,3.1,-13.0217554298208));
#8156=CARTESIAN_POINT('',(6.34481392684393,3.5,-13.3808972564504));
#8157=CARTESIAN_POINT('Ctrl Pts',(6.34481392684393,3.5,-13.3808972564504));
#8158=CARTESIAN_POINT('Ctrl Pts',(6.06241188826971,3.5,-13.2581140723989));
#8159=CARTESIAN_POINT('Ctrl Pts',(5.90893469634466,3.5,-13.0217554298208));
#8160=CARTESIAN_POINT('',(6.34481392684393,3.1,-13.3808972564504));
#8161=CARTESIAN_POINT('',(6.34481392684393,3.5,-13.3808972564504));
#8162=CARTESIAN_POINT('Ctrl Pts',(6.34481392684393,3.1,-13.3808972564504));
#8163=CARTESIAN_POINT('Ctrl Pts',(6.06241188826971,3.1,-13.2581140723989));
#8164=CARTESIAN_POINT('Ctrl Pts',(5.90893469634466,3.1,-13.0217554298208));
#8165=CARTESIAN_POINT('Ctrl Pts',(7.30866156402044,3.5,-13.601906510906));
#8166=CARTESIAN_POINT('Ctrl Pts',(7.30866156402044,3.1,-13.601906510906));
#8167=CARTESIAN_POINT('Ctrl Pts',(6.62721596541815,3.5,-13.5036804405019));
#8168=CARTESIAN_POINT('Ctrl Pts',(6.62721596541815,3.1,-13.5036804405019));
#8169=CARTESIAN_POINT('Ctrl Pts',(6.34481392684393,3.5,-13.3808972564504));
#8170=CARTESIAN_POINT('Ctrl Pts',(6.34481392684393,3.1,-13.3808972564504));
#8171=CARTESIAN_POINT('',(7.30866156402044,3.5,-13.601906510906));
#8172=CARTESIAN_POINT('Ctrl Pts',(7.30866156402044,3.5,-13.601906510906));
#8173=CARTESIAN_POINT('Ctrl Pts',(6.62721596541815,3.5,-13.5036804405019));
#8174=CARTESIAN_POINT('Ctrl Pts',(6.34481392684393,3.5,-13.3808972564504));
#8175=CARTESIAN_POINT('',(7.30866156402044,3.1,-13.601906510906));
#8176=CARTESIAN_POINT('',(7.30866156402044,3.5,-13.601906510906));
#8177=CARTESIAN_POINT('Ctrl Pts',(7.30866156402044,3.1,-13.601906510906));
#8178=CARTESIAN_POINT('Ctrl Pts',(6.62721596541815,3.1,-13.5036804405019));
#8179=CARTESIAN_POINT('Ctrl Pts',(6.34481392684393,3.1,-13.3808972564504));
#8180=CARTESIAN_POINT('Ctrl Pts',(9.11357127013616,3.5,-14.0193679061696));
#8181=CARTESIAN_POINT('Ctrl Pts',(9.11357127013616,3.1,-14.0193679061696));
#8182=CARTESIAN_POINT('Ctrl Pts',(8.51193390670232,3.5,-13.7738015380666));
#8183=CARTESIAN_POINT('Ctrl Pts',(8.51193390670232,3.1,-13.7738015380666));
#8184=CARTESIAN_POINT('Ctrl Pts',(7.30866156402044,3.5,-13.601906510906));
#8185=CARTESIAN_POINT('Ctrl Pts',(7.30866156402044,3.1,-13.601906510906));
#8186=CARTESIAN_POINT('',(9.11357127013616,3.5,-14.0193679061696));
#8187=CARTESIAN_POINT('Ctrl Pts',(9.11357127013616,3.5,-14.0193679061696));
#8188=CARTESIAN_POINT('Ctrl Pts',(8.51193390670232,3.5,-13.7738015380666));
#8189=CARTESIAN_POINT('Ctrl Pts',(7.30866156402044,3.5,-13.601906510906));
#8190=CARTESIAN_POINT('',(9.11357127013616,3.1,-14.0193679061696));
#8191=CARTESIAN_POINT('',(9.11357127013616,3.5,-14.0193679061696));
#8192=CARTESIAN_POINT('Ctrl Pts',(9.11357127013616,3.1,-14.0193679061696));
#8193=CARTESIAN_POINT('Ctrl Pts',(8.51193390670232,3.1,-13.7738015380666));
#8194=CARTESIAN_POINT('Ctrl Pts',(7.30866156402044,3.1,-13.601906510906));
#8195=CARTESIAN_POINT('Origin',(9.11357127013616,3.5,-13.6141850677297));
#8196=CARTESIAN_POINT('',(9.11357127013616,3.5,-6.80709253386485));
#8197=CARTESIAN_POINT('',(9.11357127013616,3.1,-13.6141850677297));
#8198=CARTESIAN_POINT('Origin',(10.5808302003425,3.5,-10.7471992698476));
#8199=CARTESIAN_POINT('',(10.5808302003425,3.5,-10.7471992698476));
#8200=CARTESIAN_POINT('',(9.42666970076971,3.5,-10.7471992698476));
#8201=CARTESIAN_POINT('',(5.29041510017123,3.5,-10.7471992698476));
#8202=CARTESIAN_POINT('',(10.5808302003425,3.1,-10.7471992698476));
#8203=CARTESIAN_POINT('',(10.5808302003425,3.5,-10.7471992698476));
#8204=CARTESIAN_POINT('',(9.42666970076971,3.1,-10.7471992698476));
#8205=CARTESIAN_POINT('',(10.5808302003425,3.1,-10.7471992698476));
#8206=CARTESIAN_POINT('',(9.42666970076971,3.5,-10.7471992698476));
#8207=CARTESIAN_POINT('Ctrl Pts',(10.3014989930671,3.5,-11.5299417701528));
#8208=CARTESIAN_POINT('Ctrl Pts',(10.3014989930671,3.1,-11.5299417701528));
#8209=CARTESIAN_POINT('Ctrl Pts',(10.3720995027106,3.5,-11.121688100414));
#8210=CARTESIAN_POINT('Ctrl Pts',(10.3720995027106,3.1,-11.121688100414));
#8211=CARTESIAN_POINT('Ctrl Pts',(10.5808302003425,3.5,-10.7471992698476));
#8212=CARTESIAN_POINT('Ctrl Pts',(10.5808302003425,3.1,-10.7471992698476));
#8213=CARTESIAN_POINT('',(10.3014989930671,3.5,-11.5299417701528));
#8214=CARTESIAN_POINT('Ctrl Pts',(10.3014989930671,3.5,-11.5299417701528));
#8215=CARTESIAN_POINT('Ctrl Pts',(10.3720995027106,3.5,-11.121688100414));
#8216=CARTESIAN_POINT('Ctrl Pts',(10.5808302003425,3.5,-10.7471992698476));
#8217=CARTESIAN_POINT('',(10.3014989930671,3.1,-11.5299417701528));
#8218=CARTESIAN_POINT('',(10.3014989930671,3.5,-11.5299417701528));
#8219=CARTESIAN_POINT('Ctrl Pts',(10.3014989930671,3.1,-11.5299417701528));
#8220=CARTESIAN_POINT('Ctrl Pts',(10.3720995027106,3.1,-11.121688100414));
#8221=CARTESIAN_POINT('Ctrl Pts',(10.5808302003425,3.1,-10.7471992698476));
#8222=CARTESIAN_POINT('Ctrl Pts',(10.2308984834235,3.5,-13.4791233268545));
#8223=CARTESIAN_POINT('Ctrl Pts',(10.2308984834235,3.1,-13.4791233268545));
#8224=CARTESIAN_POINT('Ctrl Pts',(10.2308984834235,3.5,-11.9381954398916));
#8225=CARTESIAN_POINT('Ctrl Pts',(10.2308984834235,3.1,-11.9381954398916));
#8226=CARTESIAN_POINT('Ctrl Pts',(10.3014989930671,3.5,-11.5299417701528));
#8227=CARTESIAN_POINT('Ctrl Pts',(10.3014989930671,3.1,-11.5299417701528));
#8228=CARTESIAN_POINT('',(10.2308984834235,3.5,-13.4791233268545));
#8229=CARTESIAN_POINT('Ctrl Pts',(10.2308984834235,3.5,-13.4791233268545));
#8230=CARTESIAN_POINT('Ctrl Pts',(10.2308984834235,3.5,-11.9381954398916));
#8231=CARTESIAN_POINT('Ctrl Pts',(10.3014989930671,3.5,-11.5299417701528));
#8232=CARTESIAN_POINT('',(10.2308984834235,3.1,-13.4791233268545));
#8233=CARTESIAN_POINT('',(10.2308984834235,3.5,-13.4791233268545));
#8234=CARTESIAN_POINT('Ctrl Pts',(10.2308984834235,3.1,-13.4791233268545));
#8235=CARTESIAN_POINT('Ctrl Pts',(10.2308984834235,3.1,-11.9381954398916));
#8236=CARTESIAN_POINT('Ctrl Pts',(10.3014989930671,3.1,-11.5299417701528));
#8237=CARTESIAN_POINT('Origin',(10.2308984834235,3.5,-14.9525191512868));
#8238=CARTESIAN_POINT('',(10.2308984834235,3.5,-14.9525191512868));
#8239=CARTESIAN_POINT('',(10.2308984834235,3.5,-7.47625957564341));
#8240=CARTESIAN_POINT('',(10.2308984834235,3.1,-14.9525191512868));
#8241=CARTESIAN_POINT('',(10.2308984834235,3.5,-14.9525191512868));
#8242=CARTESIAN_POINT('',(10.2308984834235,3.1,-14.9525191512868));
#8243=CARTESIAN_POINT('Ctrl Pts',(10.1756449777167,3.5,-15.9716191020772));
#8244=CARTESIAN_POINT('Ctrl Pts',(10.1756449777167,3.1,-15.9716191020772));
#8245=CARTESIAN_POINT('Ctrl Pts',(10.2308984834235,3.5,-15.6892182555959));
#8246=CARTESIAN_POINT('Ctrl Pts',(10.2308984834235,3.1,-15.6892182555959));
#8247=CARTESIAN_POINT('Ctrl Pts',(10.2308984834235,3.5,-14.9525191512868));
#8248=CARTESIAN_POINT('Ctrl Pts',(10.2308984834235,3.1,-14.9525191512868));
#8249=CARTESIAN_POINT('',(10.1756449777167,3.5,-15.9716191020772));
#8250=CARTESIAN_POINT('Ctrl Pts',(10.1756449777167,3.5,-15.9716191020772));
#8251=CARTESIAN_POINT('Ctrl Pts',(10.2308984834235,3.5,-15.6892182555959));
#8252=CARTESIAN_POINT('Ctrl Pts',(10.2308984834235,3.5,-14.9525191512868));
#8253=CARTESIAN_POINT('',(10.1756449777167,3.1,-15.9716191020772));
#8254=CARTESIAN_POINT('',(10.1756449777167,3.5,-15.9716191020772));
#8255=CARTESIAN_POINT('Ctrl Pts',(10.1756449777167,3.1,-15.9716191020772));
#8256=CARTESIAN_POINT('Ctrl Pts',(10.2308984834235,3.1,-15.6892182555959));
#8257=CARTESIAN_POINT('Ctrl Pts',(10.2308984834235,3.1,-14.9525191512868));
#8258=CARTESIAN_POINT('Ctrl Pts',(9.83185253920965,3.5,-16.723666402416));
#8259=CARTESIAN_POINT('Ctrl Pts',(9.83185253920965,3.1,-16.723666402416));
#8260=CARTESIAN_POINT('Ctrl Pts',(10.0774189073127,3.5,-16.425917359905));
#8261=CARTESIAN_POINT('Ctrl Pts',(10.0774189073127,3.1,-16.425917359905));
#8262=CARTESIAN_POINT('Ctrl Pts',(10.1756449777167,3.5,-15.9716191020772));
#8263=CARTESIAN_POINT('Ctrl Pts',(10.1756449777167,3.1,-15.9716191020772));
#8264=CARTESIAN_POINT('',(9.83185253920965,3.5,-16.723666402416));
#8265=CARTESIAN_POINT('Ctrl Pts',(9.83185253920965,3.5,-16.723666402416));
#8266=CARTESIAN_POINT('Ctrl Pts',(10.0774189073127,3.5,-16.425917359905));
#8267=CARTESIAN_POINT('Ctrl Pts',(10.1756449777167,3.5,-15.9716191020772));
#8268=CARTESIAN_POINT('',(9.83185253920965,3.1,-16.723666402416));
#8269=CARTESIAN_POINT('',(9.83185253920965,3.5,-16.723666402416));
#8270=CARTESIAN_POINT('Ctrl Pts',(9.83185253920965,3.1,-16.723666402416));
#8271=CARTESIAN_POINT('Ctrl Pts',(10.0774189073127,3.1,-16.425917359905));
#8272=CARTESIAN_POINT('Ctrl Pts',(10.1756449777167,3.1,-15.9716191020772));
#8273=CARTESIAN_POINT('Ctrl Pts',(9.06445942702703,3.5,-17.2178675857351));
#8274=CARTESIAN_POINT('Ctrl Pts',(9.06445942702703,3.1,-17.2178675857351));
#8275=CARTESIAN_POINT('Ctrl Pts',(9.58628617110662,3.5,-17.0214142528341));
#8276=CARTESIAN_POINT('Ctrl Pts',(9.58628617110662,3.1,-17.0214142528341));
#8277=CARTESIAN_POINT('Ctrl Pts',(9.83185253920965,3.5,-16.723666402416));
#8278=CARTESIAN_POINT('Ctrl Pts',(9.83185253920965,3.1,-16.723666402416));
#8279=CARTESIAN_POINT('',(9.06445942702703,3.5,-17.2178675857351));
#8280=CARTESIAN_POINT('Ctrl Pts',(9.06445942702703,3.5,-17.2178675857351));
#8281=CARTESIAN_POINT('Ctrl Pts',(9.58628617110662,3.5,-17.0214142528341));
#8282=CARTESIAN_POINT('Ctrl Pts',(9.83185253920965,3.5,-16.723666402416));
#8283=CARTESIAN_POINT('',(9.06445942702703,3.1,-17.2178675857351));
#8284=CARTESIAN_POINT('',(9.06445942702703,3.5,-17.2178675857351));
#8285=CARTESIAN_POINT('Ctrl Pts',(9.06445942702703,3.1,-17.2178675857351));
#8286=CARTESIAN_POINT('Ctrl Pts',(9.58628617110662,3.1,-17.0214142528341));
#8287=CARTESIAN_POINT('Ctrl Pts',(9.83185253920965,3.1,-16.723666402416));
#8288=CARTESIAN_POINT('Ctrl Pts',(7.70770512404852,3.5,-17.4143197265432));
#8289=CARTESIAN_POINT('Ctrl Pts',(7.70770512404852,3.1,-17.4143197265432));
#8290=CARTESIAN_POINT('Ctrl Pts',(8.54263029876165,3.5,-17.4143197265432));
#8291=CARTESIAN_POINT('Ctrl Pts',(8.54263029876165,3.1,-17.4143197265432));
#8292=CARTESIAN_POINT('Ctrl Pts',(9.06445942702703,3.5,-17.2178675857351));
#8293=CARTESIAN_POINT('Ctrl Pts',(9.06445942702703,3.1,-17.2178675857351));
#8294=CARTESIAN_POINT('',(7.70770512404852,3.5,-17.4143197265432));
#8295=CARTESIAN_POINT('Ctrl Pts',(7.70770512404852,3.5,-17.4143197265432));
#8296=CARTESIAN_POINT('Ctrl Pts',(8.54263029876165,3.5,-17.4143197265432));
#8297=CARTESIAN_POINT('Ctrl Pts',(9.06445942702703,3.5,-17.2178675857351));
#8298=CARTESIAN_POINT('',(7.70770512404852,3.1,-17.4143197265432));
#8299=CARTESIAN_POINT('',(7.70770512404852,3.5,-17.4143197265432));
#8300=CARTESIAN_POINT('Ctrl Pts',(7.70770512404852,3.1,-17.4143197265432));
#8301=CARTESIAN_POINT('Ctrl Pts',(8.54263029876165,3.1,-17.4143197265432));
#8302=CARTESIAN_POINT('Ctrl Pts',(9.06445942702703,3.1,-17.2178675857351));
#8303=CARTESIAN_POINT('Ctrl Pts',(6.22817002120428,3.5,-17.1841027465627));
#8304=CARTESIAN_POINT('Ctrl Pts',(6.22817002120428,3.1,-17.1841027465627));
#8305=CARTESIAN_POINT('Ctrl Pts',(6.86664067092352,3.5,-17.4143197265432));
#8306=CARTESIAN_POINT('Ctrl Pts',(6.86664067092352,3.1,-17.4143197265432));
#8307=CARTESIAN_POINT('Ctrl Pts',(7.70770512404852,3.5,-17.4143197265432));
#8308=CARTESIAN_POINT('Ctrl Pts',(7.70770512404852,3.1,-17.4143197265432));
#8309=CARTESIAN_POINT('',(6.22817002120428,3.5,-17.1841027465627));
#8310=CARTESIAN_POINT('Ctrl Pts',(6.22817002120428,3.5,-17.1841027465627));
#8311=CARTESIAN_POINT('Ctrl Pts',(6.86664067092352,3.5,-17.4143197265432));
#8312=CARTESIAN_POINT('Ctrl Pts',(7.70770512404852,3.5,-17.4143197265432));
#8313=CARTESIAN_POINT('',(6.22817002120428,3.1,-17.1841027465627));
#8314=CARTESIAN_POINT('',(6.22817002120428,3.5,-17.1841027465627));
#8315=CARTESIAN_POINT('Ctrl Pts',(6.22817002120428,3.1,-17.1841027465627));
#8316=CARTESIAN_POINT('Ctrl Pts',(6.86664067092352,3.1,-17.4143197265432));
#8317=CARTESIAN_POINT('Ctrl Pts',(7.70770512404852,3.1,-17.4143197265432));
#8318=CARTESIAN_POINT('Ctrl Pts',(5.25204382720403,3.5,-16.5272118774221));
#8319=CARTESIAN_POINT('Ctrl Pts',(5.25204382720403,3.1,-16.5272118774221));
#8320=CARTESIAN_POINT('Ctrl Pts',(5.58969698729925,3.5,-16.9538833823964));
#8321=CARTESIAN_POINT('Ctrl Pts',(5.58969698729925,3.1,-16.9538833823964));
#8322=CARTESIAN_POINT('Ctrl Pts',(6.22817002120428,3.5,-17.1841027465627));
#8323=CARTESIAN_POINT('Ctrl Pts',(6.22817002120428,3.1,-17.1841027465627));
#8324=CARTESIAN_POINT('',(5.25204382720403,3.5,-16.5272118774221));
#8325=CARTESIAN_POINT('Ctrl Pts',(5.25204382720403,3.5,-16.5272118774221));
#8326=CARTESIAN_POINT('Ctrl Pts',(5.58969698729925,3.5,-16.9538833823964));
#8327=CARTESIAN_POINT('Ctrl Pts',(6.22817002120428,3.5,-17.1841027465627));
#8328=CARTESIAN_POINT('',(5.25204382720403,3.1,-16.5272118774221));
#8329=CARTESIAN_POINT('',(5.25204382720403,3.5,-16.5272118774221));
#8330=CARTESIAN_POINT('Ctrl Pts',(5.25204382720403,3.1,-16.5272118774221));
#8331=CARTESIAN_POINT('Ctrl Pts',(5.58969698729925,3.1,-16.9538833823964));
#8332=CARTESIAN_POINT('Ctrl Pts',(6.22817002120428,3.1,-17.1841027465627));
#8333=CARTESIAN_POINT('Ctrl Pts',(4.76705036940984,3.5,-15.4068174091146));
#8334=CARTESIAN_POINT('Ctrl Pts',(4.76705036940984,3.1,-15.4068174091146));
#8335=CARTESIAN_POINT('Ctrl Pts',(4.91439066710882,3.5,-16.1005415645406));
#8336=CARTESIAN_POINT('Ctrl Pts',(4.91439066710882,3.1,-16.1005415645406));
#8337=CARTESIAN_POINT('Ctrl Pts',(5.25204382720403,3.5,-16.5272118774221));
#8338=CARTESIAN_POINT('Ctrl Pts',(5.25204382720403,3.1,-16.5272118774221));
#8339=CARTESIAN_POINT('',(4.76705036940984,3.5,-15.4068174091146));
#8340=CARTESIAN_POINT('Ctrl Pts',(4.76705036940984,3.5,-15.4068174091146));
#8341=CARTESIAN_POINT('Ctrl Pts',(4.91439066710882,3.5,-16.1005415645406));
#8342=CARTESIAN_POINT('Ctrl Pts',(5.25204382720403,3.5,-16.5272118774221));
#8343=CARTESIAN_POINT('',(4.76705036940984,3.1,-15.4068174091146));
#8344=CARTESIAN_POINT('',(4.76705036940984,3.5,-15.4068174091146));
#8345=CARTESIAN_POINT('Ctrl Pts',(4.76705036940984,3.1,-15.4068174091146));
#8346=CARTESIAN_POINT('Ctrl Pts',(4.91439066710882,3.1,-16.1005415645406));
#8347=CARTESIAN_POINT('Ctrl Pts',(5.25204382720403,3.1,-16.5272118774221));
#8348=CARTESIAN_POINT('Origin',(5.84754191222601,3.5,-15.2594771114156));
#8349=CARTESIAN_POINT('',(5.84754191222601,3.5,-15.2594771114156));
#8350=CARTESIAN_POINT('',(3.99857553541021,3.5,-15.5116098173185));
#8351=CARTESIAN_POINT('',(5.84754191222601,3.1,-15.2594771114156));
#8352=CARTESIAN_POINT('',(5.84754191222601,3.5,-15.2594771114156));
#8353=CARTESIAN_POINT('',(5.84754191222601,3.1,-15.2594771114156));
#8354=CARTESIAN_POINT('Ctrl Pts',(6.39699660125189,3.5,-16.2263943877981));
#8355=CARTESIAN_POINT('Ctrl Pts',(6.39699660125189,3.1,-16.2263943877981));
#8356=CARTESIAN_POINT('Ctrl Pts',(6.02557860198431,3.5,-15.9532024589345));
#8357=CARTESIAN_POINT('Ctrl Pts',(6.02557860198431,3.1,-15.9532024589345));
#8358=CARTESIAN_POINT('Ctrl Pts',(5.84754191222601,3.5,-15.2594771114156));
#8359=CARTESIAN_POINT('Ctrl Pts',(5.84754191222601,3.1,-15.2594771114156));
#8360=CARTESIAN_POINT('',(6.39699660125189,3.5,-16.2263943877981));
#8361=CARTESIAN_POINT('Ctrl Pts',(6.39699660125189,3.5,-16.2263943877981));
#8362=CARTESIAN_POINT('Ctrl Pts',(6.02557860198431,3.5,-15.9532024589345));
#8363=CARTESIAN_POINT('Ctrl Pts',(5.84754191222601,3.5,-15.2594771114156));
#8364=CARTESIAN_POINT('',(6.39699660125189,3.1,-16.2263943877981));
#8365=CARTESIAN_POINT('',(6.39699660125189,3.5,-16.2263943877981));
#8366=CARTESIAN_POINT('Ctrl Pts',(6.39699660125189,3.1,-16.2263943877981));
#8367=CARTESIAN_POINT('Ctrl Pts',(6.02557860198431,3.1,-15.9532024589345));
#8368=CARTESIAN_POINT('Ctrl Pts',(5.84754191222601,3.1,-15.2594771114156));
#8369=CARTESIAN_POINT('Ctrl Pts',(7.5480886537116,3.5,-16.4995863166616));
#8370=CARTESIAN_POINT('Ctrl Pts',(7.5480886537116,3.1,-16.4995863166616));
#8371=CARTESIAN_POINT('Ctrl Pts',(6.76841460051946,3.5,-16.4995863166616));
#8372=CARTESIAN_POINT('Ctrl Pts',(6.76841460051946,3.1,-16.4995863166616));
#8373=CARTESIAN_POINT('Ctrl Pts',(6.39699660125189,3.5,-16.2263943877981));
#8374=CARTESIAN_POINT('Ctrl Pts',(6.39699660125189,3.1,-16.2263943877981));
#8375=CARTESIAN_POINT('',(7.5480886537116,3.5,-16.4995863166616));
#8376=CARTESIAN_POINT('Ctrl Pts',(7.5480886537116,3.5,-16.4995863166616));
#8377=CARTESIAN_POINT('Ctrl Pts',(6.76841460051946,3.5,-16.4995863166616));
#8378=CARTESIAN_POINT('Ctrl Pts',(6.39699660125189,3.5,-16.2263943877981));
#8379=CARTESIAN_POINT('',(7.5480886537116,3.1,-16.4995863166616));
#8380=CARTESIAN_POINT('',(7.5480886537116,3.5,-16.4995863166616));
#8381=CARTESIAN_POINT('Ctrl Pts',(7.5480886537116,3.1,-16.4995863166616));
#8382=CARTESIAN_POINT('Ctrl Pts',(6.76841460051946,3.1,-16.4995863166616));
#8383=CARTESIAN_POINT('Ctrl Pts',(6.39699660125189,3.1,-16.2263943877981));
#8384=CARTESIAN_POINT('Ctrl Pts',(8.80661450210027,3.5,-16.1250974860952));
#8385=CARTESIAN_POINT('Ctrl Pts',(8.80661450210027,3.1,-16.1250974860952));
#8386=CARTESIAN_POINT('Ctrl Pts',(8.38301382842474,3.5,-16.4995863166616));
#8387=CARTESIAN_POINT('Ctrl Pts',(8.38301382842474,3.1,-16.4995863166616));
#8388=CARTESIAN_POINT('Ctrl Pts',(7.5480886537116,3.5,-16.4995863166616));
#8389=CARTESIAN_POINT('Ctrl Pts',(7.5480886537116,3.1,-16.4995863166616));
#8390=CARTESIAN_POINT('',(8.80661450210027,3.5,-16.1250974860952));
#8391=CARTESIAN_POINT('Ctrl Pts',(8.80661450210027,3.5,-16.1250974860952));
#8392=CARTESIAN_POINT('Ctrl Pts',(8.38301382842474,3.5,-16.4995863166616));
#8393=CARTESIAN_POINT('Ctrl Pts',(7.5480886537116,3.5,-16.4995863166616));
#8394=CARTESIAN_POINT('',(8.80661450210027,3.1,-16.1250974860952));
#8395=CARTESIAN_POINT('',(8.80661450210027,3.5,-16.1250974860952));
#8396=CARTESIAN_POINT('Ctrl Pts',(8.80661450210027,3.1,-16.1250974860952));
#8397=CARTESIAN_POINT('Ctrl Pts',(8.38301382842474,3.1,-16.4995863166616));
#8398=CARTESIAN_POINT('Ctrl Pts',(7.5480886537116,3.1,-16.4995863166616));
#8399=CARTESIAN_POINT('Ctrl Pts',(9.11971054854803,3.5,-15.1735295978353));
#8400=CARTESIAN_POINT('Ctrl Pts',(9.11971054854803,3.1,-15.1735295978353));
#8401=CARTESIAN_POINT('Ctrl Pts',(9.11971054854803,3.5,-15.8488359180257));
#8402=CARTESIAN_POINT('Ctrl Pts',(9.11971054854803,3.1,-15.8488359180257));
#8403=CARTESIAN_POINT('Ctrl Pts',(8.80661450210027,3.5,-16.1250974860952));
#8404=CARTESIAN_POINT('Ctrl Pts',(8.80661450210027,3.1,-16.1250974860952));
#8405=CARTESIAN_POINT('',(9.11971054854803,3.5,-15.1735295978353));
#8406=CARTESIAN_POINT('Ctrl Pts',(9.11971054854803,3.5,-15.1735295978353));
#8407=CARTESIAN_POINT('Ctrl Pts',(9.11971054854803,3.5,-15.8488359180257));
#8408=CARTESIAN_POINT('Ctrl Pts',(8.80661450210027,3.5,-16.1250974860952));
#8409=CARTESIAN_POINT('',(9.11971054854803,3.1,-15.1735295978353));
#8410=CARTESIAN_POINT('',(9.11971054854803,3.5,-15.1735295978353));
#8411=CARTESIAN_POINT('Ctrl Pts',(9.11971054854803,3.1,-15.1735295978353));
#8412=CARTESIAN_POINT('Ctrl Pts',(9.11971054854803,3.1,-15.8488359180257));
#8413=CARTESIAN_POINT('Ctrl Pts',(8.80661450210027,3.1,-16.1250974860952));
#8414=CARTESIAN_POINT('Ctrl Pts',(9.11357127013616,3.5,-14.8849894729421));
#8415=CARTESIAN_POINT('Ctrl Pts',(9.11357127013616,3.1,-14.8849894729421));
#8416=CARTESIAN_POINT('Ctrl Pts',(9.11971054854803,3.5,-15.1121380058095));
#8417=CARTESIAN_POINT('Ctrl Pts',(9.11971054854803,3.1,-15.1121380058095));
#8418=CARTESIAN_POINT('Ctrl Pts',(9.11971054854803,3.5,-15.1735295978353));
#8419=CARTESIAN_POINT('Ctrl Pts',(9.11971054854803,3.1,-15.1735295978353));
#8420=CARTESIAN_POINT('',(9.11357127013616,3.5,-14.8849894729421));
#8421=CARTESIAN_POINT('Ctrl Pts',(9.11357127013616,3.5,-14.8849894729421));
#8422=CARTESIAN_POINT('Ctrl Pts',(9.11971054854803,3.5,-15.1121380058095));
#8423=CARTESIAN_POINT('Ctrl Pts',(9.11971054854803,3.5,-15.1735295978353));
#8424=CARTESIAN_POINT('',(9.11357127013616,3.1,-14.8849894729421));
#8425=CARTESIAN_POINT('',(9.11357127013616,3.5,-14.8849894729421));
#8426=CARTESIAN_POINT('Ctrl Pts',(9.11357127013616,3.1,-14.8849894729421));
#8427=CARTESIAN_POINT('Ctrl Pts',(9.11971054854803,3.1,-15.1121380058095));
#8428=CARTESIAN_POINT('Ctrl Pts',(9.11971054854803,3.1,-15.1735295978353));
#8429=CARTESIAN_POINT('Ctrl Pts',(7.14290343108587,3.5,-14.5043613639638));
#8430=CARTESIAN_POINT('Ctrl Pts',(7.14290343108587,3.1,-14.5043613639638));
#8431=CARTESIAN_POINT('Ctrl Pts',(8.48123989882879,3.5,-14.6639790263936));
#8432=CARTESIAN_POINT('Ctrl Pts',(8.48123989882879,3.1,-14.6639790263936));
#8433=CARTESIAN_POINT('Ctrl Pts',(9.11357127013616,3.5,-14.8849894729421));
#8434=CARTESIAN_POINT('Ctrl Pts',(9.11357127013616,3.1,-14.8849894729421));
#8435=CARTESIAN_POINT('',(7.14290343108587,3.5,-14.5043613639638));
#8436=CARTESIAN_POINT('Ctrl Pts',(7.14290343108587,3.5,-14.5043613639638));
#8437=CARTESIAN_POINT('Ctrl Pts',(8.48123989882879,3.5,-14.6639790263936));
#8438=CARTESIAN_POINT('Ctrl Pts',(9.11357127013616,3.5,-14.8849894729421));
#8439=CARTESIAN_POINT('',(7.14290343108587,3.1,-14.5043613639638));
#8440=CARTESIAN_POINT('',(7.14290343108587,3.5,-14.5043613639638));
#8441=CARTESIAN_POINT('Ctrl Pts',(7.14290343108587,3.1,-14.5043613639638));
#8442=CARTESIAN_POINT('Ctrl Pts',(8.48123989882879,3.1,-14.6639790263936));
#8443=CARTESIAN_POINT('Ctrl Pts',(9.11357127013616,3.1,-14.8849894729421));
#8444=CARTESIAN_POINT('Ctrl Pts',(6.16064034285955,3.5,-14.3386032310293));
#8445=CARTESIAN_POINT('Ctrl Pts',(6.16064034285955,3.1,-14.3386032310293));
#8446=CARTESIAN_POINT('Ctrl Pts',(6.48601494613104,3.5,-14.4245531287954));
#8447=CARTESIAN_POINT('Ctrl Pts',(6.48601494613104,3.1,-14.4245531287954));
#8448=CARTESIAN_POINT('Ctrl Pts',(7.14290343108587,3.5,-14.5043613639638));
#8449=CARTESIAN_POINT('Ctrl Pts',(7.14290343108587,3.1,-14.5043613639638));
#8450=CARTESIAN_POINT('',(6.16064034285955,3.5,-14.3386032310293));
#8451=CARTESIAN_POINT('Ctrl Pts',(6.16064034285955,3.5,-14.3386032310293));
#8452=CARTESIAN_POINT('Ctrl Pts',(6.48601494613104,3.5,-14.4245531287954));
#8453=CARTESIAN_POINT('Ctrl Pts',(7.14290343108587,3.5,-14.5043613639638));
#8454=CARTESIAN_POINT('',(6.16064034285955,3.1,-14.3386032310293));
#8455=CARTESIAN_POINT('',(6.16064034285955,3.5,-14.3386032310293));
#8456=CARTESIAN_POINT('Ctrl Pts',(6.16064034285955,3.1,-14.3386032310293));
#8457=CARTESIAN_POINT('Ctrl Pts',(6.48601494613104,3.1,-14.4245531287954));
#8458=CARTESIAN_POINT('Ctrl Pts',(7.14290343108587,3.1,-14.5043613639638));
#8459=CARTESIAN_POINT('Ctrl Pts',(5.36561928573065,3.5,-13.9763929572866));
#8460=CARTESIAN_POINT('Ctrl Pts',(5.36561928573065,3.1,-13.9763929572866));
#8461=CARTESIAN_POINT('Ctrl Pts',(5.71861944976263,3.5,-14.2158224311635));
#8462=CARTESIAN_POINT('Ctrl Pts',(5.71861944976263,3.1,-14.2158224311635));
#8463=CARTESIAN_POINT('Ctrl Pts',(6.16064034285955,3.5,-14.3386032310293));
#8464=CARTESIAN_POINT('Ctrl Pts',(6.16064034285955,3.1,-14.3386032310293));
#8465=CARTESIAN_POINT('',(5.36561928573065,3.5,-13.9763929572866));
#8466=CARTESIAN_POINT('Ctrl Pts',(5.36561928573065,3.5,-13.9763929572866));
#8467=CARTESIAN_POINT('Ctrl Pts',(5.71861944976263,3.5,-14.2158224311635));
#8468=CARTESIAN_POINT('Ctrl Pts',(6.16064034285955,3.5,-14.3386032310293));
#8469=CARTESIAN_POINT('',(5.36561928573065,3.1,-13.9763929572866));
#8470=CARTESIAN_POINT('',(5.36561928573065,3.5,-13.9763929572866));
#8471=CARTESIAN_POINT('Ctrl Pts',(5.36561928573065,3.1,-13.9763929572866));
#8472=CARTESIAN_POINT('Ctrl Pts',(5.71861944976263,3.1,-14.2158224311635));
#8473=CARTESIAN_POINT('Ctrl Pts',(6.16064034285955,3.1,-14.3386032310293));
#8474=CARTESIAN_POINT('Ctrl Pts',(4.79467831435613,3.5,-13.3409907546804));
#8475=CARTESIAN_POINT('Ctrl Pts',(4.79467831435613,3.1,-13.3409907546804));
#8476=CARTESIAN_POINT('Ctrl Pts',(5.01261673751287,3.5,-13.7369682517812));
#8477=CARTESIAN_POINT('Ctrl Pts',(5.01261673751287,3.1,-13.7369682517812));
#8478=CARTESIAN_POINT('Ctrl Pts',(5.36561928573065,3.5,-13.9763929572866));
#8479=CARTESIAN_POINT('Ctrl Pts',(5.36561928573065,3.1,-13.9763929572866));
#8480=CARTESIAN_POINT('',(4.79467831435613,3.5,-13.3409907546804));
#8481=CARTESIAN_POINT('Ctrl Pts',(4.79467831435613,3.5,-13.3409907546804));
#8482=CARTESIAN_POINT('Ctrl Pts',(5.01261673751287,3.5,-13.7369682517812));
#8483=CARTESIAN_POINT('Ctrl Pts',(5.36561928573065,3.5,-13.9763929572866));
#8484=CARTESIAN_POINT('',(4.79467831435613,3.1,-13.3409907546804));
#8485=CARTESIAN_POINT('',(4.79467831435613,3.5,-13.3409907546804));
#8486=CARTESIAN_POINT('Ctrl Pts',(4.79467831435613,3.1,-13.3409907546804));
#8487=CARTESIAN_POINT('Ctrl Pts',(5.01261673751287,3.1,-13.7369682517812));
#8488=CARTESIAN_POINT('Ctrl Pts',(5.36561928573065,3.1,-13.9763929572866));
#8489=CARTESIAN_POINT('Ctrl Pts',(4.5767375070136,3.5,-12.466161462383));
#8490=CARTESIAN_POINT('Ctrl Pts',(4.5767375070136,3.1,-12.466161462383));
#8491=CARTESIAN_POINT('Ctrl Pts',(4.5767375070136,3.5,-12.9450156417653));
#8492=CARTESIAN_POINT('Ctrl Pts',(4.5767375070136,3.1,-12.9450156417653));
#8493=CARTESIAN_POINT('Ctrl Pts',(4.79467831435613,3.5,-13.3409907546804));
#8494=CARTESIAN_POINT('Ctrl Pts',(4.79467831435613,3.1,-13.3409907546804));
#8495=CARTESIAN_POINT('',(4.5767375070136,3.5,-12.466161462383));
#8496=CARTESIAN_POINT('Ctrl Pts',(4.5767375070136,3.5,-12.466161462383));
#8497=CARTESIAN_POINT('Ctrl Pts',(4.5767375070136,3.5,-12.9450156417653));
#8498=CARTESIAN_POINT('Ctrl Pts',(4.79467831435613,3.5,-13.3409907546804));
#8499=CARTESIAN_POINT('',(4.5767375070136,3.1,-12.466161462383));
#8500=CARTESIAN_POINT('',(4.5767375070136,3.5,-12.466161462383));
#8501=CARTESIAN_POINT('Ctrl Pts',(4.5767375070136,3.1,-12.466161462383));
#8502=CARTESIAN_POINT('Ctrl Pts',(4.5767375070136,3.1,-12.9450156417653));
#8503=CARTESIAN_POINT('Ctrl Pts',(4.79467831435613,3.1,-13.3409907546804));
#8504=CARTESIAN_POINT('Ctrl Pts',(5.15381775679998,3.5,-11.1247565475271));
#8505=CARTESIAN_POINT('Ctrl Pts',(5.15381775679998,3.1,-11.1247565475271));
#8506=CARTESIAN_POINT('Ctrl Pts',(4.5767375070136,3.5,-11.6496541229055));
#8507=CARTESIAN_POINT('Ctrl Pts',(4.5767375070136,3.1,-11.6496541229055));
#8508=CARTESIAN_POINT('Ctrl Pts',(4.5767375070136,3.5,-12.466161462383));
#8509=CARTESIAN_POINT('Ctrl Pts',(4.5767375070136,3.1,-12.466161462383));
#8510=CARTESIAN_POINT('',(5.15381775679998,3.5,-11.1247565475271));
#8511=CARTESIAN_POINT('Ctrl Pts',(5.15381775679998,3.5,-11.1247565475271));
#8512=CARTESIAN_POINT('Ctrl Pts',(4.5767375070136,3.5,-11.6496541229055));
#8513=CARTESIAN_POINT('Ctrl Pts',(4.5767375070136,3.5,-12.466161462383));
#8514=CARTESIAN_POINT('',(5.15381775679998,3.1,-11.1247565475271));
#8515=CARTESIAN_POINT('',(5.15381775679998,3.5,-11.1247565475271));
#8516=CARTESIAN_POINT('Ctrl Pts',(5.15381775679998,3.1,-11.1247565475271));
#8517=CARTESIAN_POINT('Ctrl Pts',(4.5767375070136,3.1,-11.6496541229055));
#8518=CARTESIAN_POINT('Ctrl Pts',(4.5767375070136,3.1,-12.466161462383));
#8519=CARTESIAN_POINT('Ctrl Pts',(6.80525027099065,3.5,-10.5998589721486));
#8520=CARTESIAN_POINT('Ctrl Pts',(6.80525027099065,3.1,-10.5998589721486));
#8521=CARTESIAN_POINT('Ctrl Pts',(5.73089800658636,3.5,-10.5998589721486));
#8522=CARTESIAN_POINT('Ctrl Pts',(5.73089800658636,3.1,-10.5998589721486));
#8523=CARTESIAN_POINT('Ctrl Pts',(5.15381775679998,3.5,-11.1247565475271));
#8524=CARTESIAN_POINT('Ctrl Pts',(5.15381775679998,3.1,-11.1247565475271));
#8525=CARTESIAN_POINT('',(6.80525027099065,3.5,-10.5998589721486));
#8526=CARTESIAN_POINT('Ctrl Pts',(6.80525027099065,3.5,-10.5998589721486));
#8527=CARTESIAN_POINT('Ctrl Pts',(5.73089800658636,3.5,-10.5998589721486));
#8528=CARTESIAN_POINT('Ctrl Pts',(5.15381775679998,3.5,-11.1247565475271));
#8529=CARTESIAN_POINT('',(6.80525027099065,3.1,-10.5998589721486));
#8530=CARTESIAN_POINT('',(6.80525027099065,3.5,-10.5998589721486));
#8531=CARTESIAN_POINT('Ctrl Pts',(6.80525027099065,3.1,-10.5998589721486));
#8532=CARTESIAN_POINT('Ctrl Pts',(5.73089800658636,3.1,-10.5998589721486));
#8533=CARTESIAN_POINT('Ctrl Pts',(5.15381775679998,3.1,-11.1247565475271));
#8534=CARTESIAN_POINT('Ctrl Pts',(8.0238720017951,3.5,-10.8147289481923));
#8535=CARTESIAN_POINT('Ctrl Pts',(8.0238720017951,3.1,-10.8147289481923));
#8536=CARTESIAN_POINT('Ctrl Pts',(7.45600186171941,3.5,-10.5998589721486));
#8537=CARTESIAN_POINT('Ctrl Pts',(7.45600186171941,3.1,-10.5998589721486));
#8538=CARTESIAN_POINT('Ctrl Pts',(6.80525027099065,3.5,-10.5998589721486));
#8539=CARTESIAN_POINT('Ctrl Pts',(6.80525027099065,3.1,-10.5998589721486));
#8540=CARTESIAN_POINT('',(8.0238720017951,3.5,-10.8147289481923));
#8541=CARTESIAN_POINT('Ctrl Pts',(8.0238720017951,3.5,-10.8147289481923));
#8542=CARTESIAN_POINT('Ctrl Pts',(7.45600186171941,3.5,-10.5998589721486));
#8543=CARTESIAN_POINT('Ctrl Pts',(6.80525027099065,3.5,-10.5998589721486));
#8544=CARTESIAN_POINT('',(8.0238720017951,3.1,-10.8147289481923));
#8545=CARTESIAN_POINT('',(8.0238720017951,3.5,-10.8147289481923));
#8546=CARTESIAN_POINT('Ctrl Pts',(8.0238720017951,3.1,-10.8147289481923));
#8547=CARTESIAN_POINT('Ctrl Pts',(7.45600186171941,3.1,-10.5998589721486));
#8548=CARTESIAN_POINT('Ctrl Pts',(6.80525027099065,3.1,-10.5998589721486));
#8549=CARTESIAN_POINT('Ctrl Pts',(9.20566044631414,3.5,-11.5514280525014));
#8550=CARTESIAN_POINT('Ctrl Pts',(9.20566044631414,3.1,-11.5514280525014));
#8551=CARTESIAN_POINT('Ctrl Pts',(8.59174452605657,3.5,-11.0296013084218));
#8552=CARTESIAN_POINT('Ctrl Pts',(8.59174452605657,3.1,-11.0296013084218));
#8553=CARTESIAN_POINT('Ctrl Pts',(8.0238720017951,3.5,-10.8147289481923));
#8554=CARTESIAN_POINT('Ctrl Pts',(8.0238720017951,3.1,-10.8147289481923));
#8555=CARTESIAN_POINT('',(9.20566044631414,3.5,-11.5514280525014));
#8556=CARTESIAN_POINT('Ctrl Pts',(9.20566044631414,3.5,-11.5514280525014));
#8557=CARTESIAN_POINT('Ctrl Pts',(8.59174452605657,3.5,-11.0296013084218));
#8558=CARTESIAN_POINT('Ctrl Pts',(8.0238720017951,3.5,-10.8147289481923));
#8559=CARTESIAN_POINT('',(9.20566044631414,3.1,-11.5514280525014));
#8560=CARTESIAN_POINT('',(9.20566044631414,3.5,-11.5514280525014));
#8561=CARTESIAN_POINT('Ctrl Pts',(9.20566044631414,3.1,-11.5514280525014));
#8562=CARTESIAN_POINT('Ctrl Pts',(8.59174452605657,3.1,-11.0296013084218));
#8563=CARTESIAN_POINT('Ctrl Pts',(8.0238720017951,3.1,-10.8147289481923));
#8564=CARTESIAN_POINT('Ctrl Pts',(9.42666970076971,3.5,-10.7471992698476));
#8565=CARTESIAN_POINT('Ctrl Pts',(9.42666970076971,3.1,-10.7471992698476));
#8566=CARTESIAN_POINT('Ctrl Pts',(9.25477228942327,3.5,-11.0909917083547));
#8567=CARTESIAN_POINT('Ctrl Pts',(9.25477228942327,3.1,-11.0909917083547));
#8568=CARTESIAN_POINT('Ctrl Pts',(9.20566044631414,3.5,-11.5514280525014));
#8569=CARTESIAN_POINT('Ctrl Pts',(9.20566044631414,3.1,-11.5514280525014));
#8570=CARTESIAN_POINT('Ctrl Pts',(9.42666970076971,3.5,-10.7471992698476));
#8571=CARTESIAN_POINT('Ctrl Pts',(9.25477228942327,3.5,-11.0909917083547));
#8572=CARTESIAN_POINT('Ctrl Pts',(9.20566044631414,3.5,-11.5514280525014));
#8573=CARTESIAN_POINT('Ctrl Pts',(9.42666970076971,3.1,-10.7471992698476));
#8574=CARTESIAN_POINT('Ctrl Pts',(9.25477228942327,3.1,-11.0909917083547));
#8575=CARTESIAN_POINT('Ctrl Pts',(9.20566044631414,3.1,-11.5514280525014));
#8576=CARTESIAN_POINT('Origin',(-2.57161445915699E-6,3.1,-22.1967204538152));
#8577=CARTESIAN_POINT('Origin',(-7.92871870216914,3.5,-14.3079092231557));
#8578=CARTESIAN_POINT('',(-7.92871870216914,3.5,-14.3079092231557));
#8579=CARTESIAN_POINT('',(-7.92871870216914,3.5,-10.7471992698476));
#8580=CARTESIAN_POINT('',(-7.92871870216914,3.5,-7.15395461157786));
#8581=CARTESIAN_POINT('',(-7.92871870216914,3.1,-14.3079092231557));
#8582=CARTESIAN_POINT('',(-7.92871870216914,3.5,-14.3079092231557));
#8583=CARTESIAN_POINT('',(-7.92871870216914,3.1,-10.7471992698476));
#8584=CARTESIAN_POINT('',(-7.92871870216914,3.1,-14.3079092231557));
#8585=CARTESIAN_POINT('',(-7.92871870216914,3.5,-10.7471992698476));
#8586=CARTESIAN_POINT('Ctrl Pts',(-7.41609849152155,3.5,-16.0084535804555));
#8587=CARTESIAN_POINT('Ctrl Pts',(-7.41609849152155,3.1,-16.0084535804555));
#8588=CARTESIAN_POINT('Ctrl Pts',(-7.92871870216914,3.5,-15.5602957931325));
#8589=CARTESIAN_POINT('Ctrl Pts',(-7.92871870216914,3.1,-15.5602957931325));
#8590=CARTESIAN_POINT('Ctrl Pts',(-7.92871870216914,3.5,-14.3079092231557));
#8591=CARTESIAN_POINT('Ctrl Pts',(-7.92871870216914,3.1,-14.3079092231557));
#8592=CARTESIAN_POINT('',(-7.41609849152155,3.5,-16.0084535804555));
#8593=CARTESIAN_POINT('Ctrl Pts',(-7.41609849152155,3.5,-16.0084535804555));
#8594=CARTESIAN_POINT('Ctrl Pts',(-7.92871870216914,3.5,-15.5602957931325));
#8595=CARTESIAN_POINT('Ctrl Pts',(-7.92871870216914,3.5,-14.3079092231557));
#8596=CARTESIAN_POINT('',(-7.41609849152155,3.1,-16.0084535804555));
#8597=CARTESIAN_POINT('',(-7.41609849152155,3.5,-16.0084535804555));
#8598=CARTESIAN_POINT('Ctrl Pts',(-7.41609849152155,3.1,-16.0084535804555));
#8599=CARTESIAN_POINT('Ctrl Pts',(-7.92871870216914,3.1,-15.5602957931325));
#8600=CARTESIAN_POINT('Ctrl Pts',(-7.92871870216914,3.1,-14.3079092231557));
#8601=CARTESIAN_POINT('Ctrl Pts',(-6.19747676071711,3.5,-16.4566125598714));
#8602=CARTESIAN_POINT('Ctrl Pts',(-6.19747676071711,3.1,-16.4566125598714));
#8603=CARTESIAN_POINT('Ctrl Pts',(-6.90347947296686,3.5,-16.4566125598714));
#8604=CARTESIAN_POINT('Ctrl Pts',(-6.90347947296686,3.1,-16.4566125598714));
#8605=CARTESIAN_POINT('Ctrl Pts',(-7.41609849152155,3.5,-16.0084535804555));
#8606=CARTESIAN_POINT('Ctrl Pts',(-7.41609849152155,3.1,-16.0084535804555));
#8607=CARTESIAN_POINT('',(-6.19747676071711,3.5,-16.4566125598714));
#8608=CARTESIAN_POINT('Ctrl Pts',(-6.19747676071711,3.5,-16.4566125598714));
#8609=CARTESIAN_POINT('Ctrl Pts',(-6.90347947296686,3.5,-16.4566125598714));
#8610=CARTESIAN_POINT('Ctrl Pts',(-7.41609849152155,3.5,-16.0084535804555));
#8611=CARTESIAN_POINT('',(-6.19747676071711,3.1,-16.4566125598714));
#8612=CARTESIAN_POINT('',(-6.19747676071711,3.5,-16.4566125598714));
#8613=CARTESIAN_POINT('Ctrl Pts',(-6.19747676071711,3.1,-16.4566125598714));
#8614=CARTESIAN_POINT('Ctrl Pts',(-6.90347947296686,3.1,-16.4566125598714));
#8615=CARTESIAN_POINT('Ctrl Pts',(-7.41609849152155,3.1,-16.0084535804555));
#8616=CARTESIAN_POINT('Ctrl Pts',(-5.42701281723566,3.5,-16.2570895877645));
#8617=CARTESIAN_POINT('Ctrl Pts',(-5.42701281723566,3.1,-16.2570895877645));
#8618=CARTESIAN_POINT('Ctrl Pts',(-5.75545825180598,3.5,-16.4566125598714));
#8619=CARTESIAN_POINT('Ctrl Pts',(-5.75545825180598,3.1,-16.4566125598714));
#8620=CARTESIAN_POINT('Ctrl Pts',(-6.19747676071711,3.5,-16.4566125598714));
#8621=CARTESIAN_POINT('Ctrl Pts',(-6.19747676071711,3.1,-16.4566125598714));
#8622=CARTESIAN_POINT('',(-5.42701281723566,3.5,-16.2570895877645));
#8623=CARTESIAN_POINT('Ctrl Pts',(-5.42701281723566,3.5,-16.2570895877645));
#8624=CARTESIAN_POINT('Ctrl Pts',(-5.75545825180598,3.5,-16.4566125598714));
#8625=CARTESIAN_POINT('Ctrl Pts',(-6.19747676071711,3.5,-16.4566125598714));
#8626=CARTESIAN_POINT('',(-5.42701281723566,3.1,-16.2570895877645));
#8627=CARTESIAN_POINT('',(-5.42701281723566,3.5,-16.2570895877645));
#8628=CARTESIAN_POINT('Ctrl Pts',(-5.42701281723566,3.1,-16.2570895877645));
#8629=CARTESIAN_POINT('Ctrl Pts',(-5.75545825180598,3.1,-16.4566125598714));
#8630=CARTESIAN_POINT('Ctrl Pts',(-6.19747676071711,3.1,-16.4566125598714));
#8631=CARTESIAN_POINT('Ctrl Pts',(-4.96964730438776,3.5,-15.7229830947683));
#8632=CARTESIAN_POINT('Ctrl Pts',(-4.96964730438776,3.1,-15.7229830947683));
#8633=CARTESIAN_POINT('Ctrl Pts',(-5.09856738266535,3.5,-16.0575678077505));
#8634=CARTESIAN_POINT('Ctrl Pts',(-5.09856738266535,3.1,-16.0575678077505));
#8635=CARTESIAN_POINT('Ctrl Pts',(-5.42701281723566,3.5,-16.2570895877645));
#8636=CARTESIAN_POINT('Ctrl Pts',(-5.42701281723566,3.1,-16.2570895877645));
#8637=CARTESIAN_POINT('',(-4.96964730438776,3.5,-15.7229830947683));
#8638=CARTESIAN_POINT('Ctrl Pts',(-4.96964730438776,3.5,-15.7229830947683));
#8639=CARTESIAN_POINT('Ctrl Pts',(-5.09856738266535,3.5,-16.0575678077505));
#8640=CARTESIAN_POINT('Ctrl Pts',(-5.42701281723566,3.5,-16.2570895877645));
#8641=CARTESIAN_POINT('',(-4.96964730438776,3.1,-15.7229830947683));
#8642=CARTESIAN_POINT('',(-4.96964730438776,3.5,-15.7229830947683));
#8643=CARTESIAN_POINT('Ctrl Pts',(-4.96964730438776,3.1,-15.7229830947683));
#8644=CARTESIAN_POINT('Ctrl Pts',(-5.09856738266535,3.1,-16.0575678077505));
#8645=CARTESIAN_POINT('Ctrl Pts',(-5.42701281723566,3.1,-16.2570895877645));
#8646=CARTESIAN_POINT('Ctrl Pts',(-4.84072484192438,3.5,-14.7130920615957));
#8647=CARTESIAN_POINT('Ctrl Pts',(-4.84072484192438,3.1,-14.7130920615957));
#8648=CARTESIAN_POINT('Ctrl Pts',(-4.84072484192438,3.5,-15.388399573879));
#8649=CARTESIAN_POINT('Ctrl Pts',(-4.84072484192438,3.1,-15.388399573879));
#8650=CARTESIAN_POINT('Ctrl Pts',(-4.96964730438776,3.5,-15.7229830947683));
#8651=CARTESIAN_POINT('Ctrl Pts',(-4.96964730438776,3.1,-15.7229830947683));
#8652=CARTESIAN_POINT('',(-4.84072484192438,3.5,-14.7130920615957));
#8653=CARTESIAN_POINT('Ctrl Pts',(-4.84072484192438,3.5,-14.7130920615957));
#8654=CARTESIAN_POINT('Ctrl Pts',(-4.84072484192438,3.5,-15.388399573879));
#8655=CARTESIAN_POINT('Ctrl Pts',(-4.96964730438776,3.5,-15.7229830947683));
#8656=CARTESIAN_POINT('',(-4.84072484192438,3.1,-14.7130920615957));
#8657=CARTESIAN_POINT('',(-4.84072484192438,3.5,-14.7130920615957));
#8658=CARTESIAN_POINT('Ctrl Pts',(-4.84072484192438,3.1,-14.7130920615957));
#8659=CARTESIAN_POINT('Ctrl Pts',(-4.84072484192438,3.1,-15.388399573879));
#8660=CARTESIAN_POINT('Ctrl Pts',(-4.96964730438776,3.1,-15.7229830947683));
#8661=CARTESIAN_POINT('Origin',(-4.84072484192438,3.5,-10.7471992698476));
#8662=CARTESIAN_POINT('',(-4.84072484192438,3.5,-10.7471992698476));
#8663=CARTESIAN_POINT('',(-4.84072484192438,3.5,-5.37359963492381));
#8664=CARTESIAN_POINT('',(-4.84072484192438,3.1,-10.7471992698476));
#8665=CARTESIAN_POINT('',(-4.84072484192438,3.5,-10.7471992698476));
#8666=CARTESIAN_POINT('',(-4.84072484192438,3.1,-10.7471992698476));
#8667=CARTESIAN_POINT('Origin',(-3.73567618546076,3.5,-10.7471992698476));
#8668=CARTESIAN_POINT('',(-3.73567618546076,3.5,-10.7471992698476));
#8669=CARTESIAN_POINT('',(-1.86783809273038,3.5,-10.7471992698476));
#8670=CARTESIAN_POINT('',(-3.73567618546076,3.1,-10.7471992698476));
#8671=CARTESIAN_POINT('',(-3.73567618546076,3.5,-10.7471992698476));
#8672=CARTESIAN_POINT('',(-3.73567618546076,3.1,-10.7471992698476));
#8673=CARTESIAN_POINT('Origin',(-3.73567618546076,3.5,-14.7560670104787));
#8674=CARTESIAN_POINT('',(-3.73567618546076,3.5,-14.7560670104787));
#8675=CARTESIAN_POINT('',(-3.73567618546076,3.5,-7.37803350523936));
#8676=CARTESIAN_POINT('',(-3.73567618546076,3.1,-14.7560670104787));
#8677=CARTESIAN_POINT('',(-3.73567618546076,3.5,-14.7560670104787));
#8678=CARTESIAN_POINT('',(-3.73567618546076,3.1,-14.7560670104787));
#8679=CARTESIAN_POINT('Ctrl Pts',(-3.79706896957941,3.5,-15.830419274883));
#8680=CARTESIAN_POINT('Ctrl Pts',(-3.79706896957941,3.1,-15.830419274883));
#8681=CARTESIAN_POINT('Ctrl Pts',(-3.73567618546076,3.5,-15.5234613147542));
#8682=CARTESIAN_POINT('Ctrl Pts',(-3.73567618546076,3.1,-15.5234613147542));
#8683=CARTESIAN_POINT('Ctrl Pts',(-3.73567618546076,3.5,-14.7560670104787));
#8684=CARTESIAN_POINT('Ctrl Pts',(-3.73567618546076,3.1,-14.7560670104787));
#8685=CARTESIAN_POINT('',(-3.79706896957941,3.5,-15.830419274883));
#8686=CARTESIAN_POINT('Ctrl Pts',(-3.79706896957941,3.5,-15.830419274883));
#8687=CARTESIAN_POINT('Ctrl Pts',(-3.73567618546076,3.5,-15.5234613147542));
#8688=CARTESIAN_POINT('Ctrl Pts',(-3.73567618546076,3.5,-14.7560670104787));
#8689=CARTESIAN_POINT('',(-3.79706896957941,3.1,-15.830419274883));
#8690=CARTESIAN_POINT('',(-3.79706896957941,3.5,-15.830419274883));
#8691=CARTESIAN_POINT('Ctrl Pts',(-3.79706896957941,3.1,-15.830419274883));
#8692=CARTESIAN_POINT('Ctrl Pts',(-3.73567618546076,3.1,-15.5234613147542));
#8693=CARTESIAN_POINT('Ctrl Pts',(-3.73567618546076,3.1,-14.7560670104787));
#8694=CARTESIAN_POINT('Ctrl Pts',(-4.14086140808649,3.5,-16.6469266143606));
#8695=CARTESIAN_POINT('Ctrl Pts',(-4.14086140808649,3.1,-16.6469266143606));
#8696=CARTESIAN_POINT('Ctrl Pts',(-3.89529503998347,3.5,-16.3031341758535));
#8697=CARTESIAN_POINT('Ctrl Pts',(-3.89529503998347,3.1,-16.3031341758535));
#8698=CARTESIAN_POINT('Ctrl Pts',(-3.79706896957941,3.5,-15.830419274883));
#8699=CARTESIAN_POINT('Ctrl Pts',(-3.79706896957941,3.1,-15.830419274883));
#8700=CARTESIAN_POINT('',(-4.14086140808649,3.5,-16.6469266143606));
#8701=CARTESIAN_POINT('Ctrl Pts',(-4.14086140808649,3.5,-16.6469266143606));
#8702=CARTESIAN_POINT('Ctrl Pts',(-3.89529503998347,3.5,-16.3031341758535));
#8703=CARTESIAN_POINT('Ctrl Pts',(-3.79706896957941,3.5,-15.830419274883));
#8704=CARTESIAN_POINT('',(-4.14086140808649,3.1,-16.6469266143606));
#8705=CARTESIAN_POINT('',(-4.14086140808649,3.5,-16.6469266143606));
#8706=CARTESIAN_POINT('Ctrl Pts',(-4.14086140808649,3.1,-16.6469266143606));
#8707=CARTESIAN_POINT('Ctrl Pts',(-3.89529503998347,3.1,-16.3031341758535));
#8708=CARTESIAN_POINT('Ctrl Pts',(-3.79706896957941,3.1,-15.830419274883));
#8709=CARTESIAN_POINT('Ctrl Pts',(-4.88062895950861,3.5,-17.2025193897054));
#8710=CARTESIAN_POINT('Ctrl Pts',(-4.88062895950861,3.1,-17.2025193897054));
#8711=CARTESIAN_POINT('Ctrl Pts',(-4.38642539200373,3.5,-16.9907190528676));
#8712=CARTESIAN_POINT('Ctrl Pts',(-4.38642539200373,3.1,-16.9907190528676));
#8713=CARTESIAN_POINT('Ctrl Pts',(-4.14086140808649,3.5,-16.6469266143606));
#8714=CARTESIAN_POINT('Ctrl Pts',(-4.14086140808649,3.1,-16.6469266143606));
#8715=CARTESIAN_POINT('',(-4.88062895950861,3.5,-17.2025193897054));
#8716=CARTESIAN_POINT('Ctrl Pts',(-4.88062895950861,3.5,-17.2025193897054));
#8717=CARTESIAN_POINT('Ctrl Pts',(-4.38642539200373,3.5,-16.9907190528676));
#8718=CARTESIAN_POINT('Ctrl Pts',(-4.14086140808649,3.5,-16.6469266143606));
#8719=CARTESIAN_POINT('',(-4.88062895950861,3.1,-17.2025193897054));
#8720=CARTESIAN_POINT('',(-4.88062895950861,3.5,-17.2025193897054));
#8721=CARTESIAN_POINT('Ctrl Pts',(-4.88062895950861,3.1,-17.2025193897054));
#8722=CARTESIAN_POINT('Ctrl Pts',(-4.38642539200373,3.1,-16.9907190528676));
#8723=CARTESIAN_POINT('Ctrl Pts',(-4.14086140808649,3.1,-16.6469266143606));
#8724=CARTESIAN_POINT('Ctrl Pts',(-5.96418894943781,3.5,-17.4143197265432));
#8725=CARTESIAN_POINT('Ctrl Pts',(-5.96418894943781,3.1,-17.4143197265432));
#8726=CARTESIAN_POINT('Ctrl Pts',(-5.3748301428277,3.5,-17.4143197265432));
#8727=CARTESIAN_POINT('Ctrl Pts',(-5.3748301428277,3.1,-17.4143197265432));
#8728=CARTESIAN_POINT('Ctrl Pts',(-4.88062895950861,3.5,-17.2025193897054));
#8729=CARTESIAN_POINT('Ctrl Pts',(-4.88062895950861,3.1,-17.2025193897054));
#8730=CARTESIAN_POINT('',(-5.96418894943781,3.5,-17.4143197265432));
#8731=CARTESIAN_POINT('Ctrl Pts',(-5.96418894943781,3.5,-17.4143197265432));
#8732=CARTESIAN_POINT('Ctrl Pts',(-5.3748301428277,3.5,-17.4143197265432));
#8733=CARTESIAN_POINT('Ctrl Pts',(-4.88062895950861,3.5,-17.2025193897054));
#8734=CARTESIAN_POINT('',(-5.96418894943781,3.1,-17.4143197265432));
#8735=CARTESIAN_POINT('',(-5.96418894943781,3.5,-17.4143197265432));
#8736=CARTESIAN_POINT('Ctrl Pts',(-5.96418894943781,3.1,-17.4143197265432));
#8737=CARTESIAN_POINT('Ctrl Pts',(-5.3748301428277,3.1,-17.4143197265432));
#8738=CARTESIAN_POINT('Ctrl Pts',(-4.88062895950861,3.1,-17.2025193897054));
#8739=CARTESIAN_POINT('Ctrl Pts',(-8.03922332939692,3.5,-16.3399686542318));
#8740=CARTESIAN_POINT('Ctrl Pts',(-8.03922332939692,3.1,-16.3399686542318));
#8741=CARTESIAN_POINT('Ctrl Pts',(-7.32094206032343,3.5,-17.4143197265432));
#8742=CARTESIAN_POINT('Ctrl Pts',(-7.32094206032343,3.1,-17.4143197265432));
#8743=CARTESIAN_POINT('Ctrl Pts',(-5.96418894943781,3.5,-17.4143197265432));
#8744=CARTESIAN_POINT('Ctrl Pts',(-5.96418894943781,3.1,-17.4143197265432));
#8745=CARTESIAN_POINT('',(-8.03922332939692,3.5,-16.3399686542318));
#8746=CARTESIAN_POINT('Ctrl Pts',(-8.03922332939692,3.5,-16.3399686542318));
#8747=CARTESIAN_POINT('Ctrl Pts',(-7.32094206032343,3.5,-17.4143197265432));
#8748=CARTESIAN_POINT('Ctrl Pts',(-5.96418894943781,3.5,-17.4143197265432));
#8749=CARTESIAN_POINT('',(-8.03922332939692,3.1,-16.3399686542318));
#8750=CARTESIAN_POINT('',(-8.03922332939692,3.5,-16.3399686542318));
#8751=CARTESIAN_POINT('Ctrl Pts',(-8.03922332939692,3.1,-16.3399686542318));
#8752=CARTESIAN_POINT('Ctrl Pts',(-7.32094206032343,3.1,-17.4143197265432));
#8753=CARTESIAN_POINT('Ctrl Pts',(-5.96418894943781,3.1,-17.4143197265432));
#8754=CARTESIAN_POINT('Origin',(-8.03922332939692,3.5,-17.2669806209371));
#8755=CARTESIAN_POINT('',(-8.03922332939692,3.5,-17.2669806209371));
#8756=CARTESIAN_POINT('',(-8.03922332939692,3.5,-8.63349031046855));
#8757=CARTESIAN_POINT('',(-8.03922332939692,3.1,-17.2669806209371));
#8758=CARTESIAN_POINT('',(-8.03922332939692,3.5,-17.2669806209371));
#8759=CARTESIAN_POINT('',(-8.03922332939692,3.1,-17.2669806209371));
#8760=CARTESIAN_POINT('Origin',(-9.03376616653986,3.5,-17.2669806209371));
#8761=CARTESIAN_POINT('',(-9.03376616653986,3.5,-17.2669806209371));
#8762=CARTESIAN_POINT('',(-4.51688308326993,3.5,-17.2669806209371));
#8763=CARTESIAN_POINT('',(-9.03376616653986,3.1,-17.2669806209371));
#8764=CARTESIAN_POINT('',(-9.03376616653986,3.5,-17.2669806209371));
#8765=CARTESIAN_POINT('',(-9.03376616653986,3.1,-17.2669806209371));
#8766=CARTESIAN_POINT('Origin',(-9.03376616653986,3.5,-10.7471992698476));
#8767=CARTESIAN_POINT('',(-9.03376616653986,3.5,-10.7471992698476));
#8768=CARTESIAN_POINT('',(-9.03376616653986,3.5,-5.37359963492381));
#8769=CARTESIAN_POINT('',(-9.03376616653986,3.1,-10.7471992698476));
#8770=CARTESIAN_POINT('',(-9.03376616653986,3.5,-10.7471992698476));
#8771=CARTESIAN_POINT('',(-9.03376616653986,3.1,-10.7471992698476));
#8772=CARTESIAN_POINT('Origin',(-7.92871870216914,3.5,-10.7471992698476));
#8773=CARTESIAN_POINT('',(-3.96435935108457,3.5,-10.7471992698476));
#8774=CARTESIAN_POINT('',(-7.92871870216914,3.1,-10.7471992698476));
#8775=CARTESIAN_POINT('Origin',(-2.57161445915699E-6,3.1,-22.1967204538152));
#8776=CARTESIAN_POINT('Origin',(-14.9212137621362,3.5,-14.3079092231557));
#8777=CARTESIAN_POINT('',(-14.9212137621362,3.5,-14.3079092231557));
#8778=CARTESIAN_POINT('',(-14.9212137621362,3.5,-10.7471992698476));
#8779=CARTESIAN_POINT('',(-14.9212137621362,3.5,-7.15395461157786));
#8780=CARTESIAN_POINT('',(-14.9212137621362,3.1,-14.3079092231557));
#8781=CARTESIAN_POINT('',(-14.9212137621362,3.5,-14.3079092231557));
#8782=CARTESIAN_POINT('',(-14.9212137621362,3.1,-10.7471992698476));
#8783=CARTESIAN_POINT('',(-14.9212137621362,3.1,-14.3079092231557));
#8784=CARTESIAN_POINT('',(-14.9212137621362,3.5,-10.7471992698476));
#8785=CARTESIAN_POINT('Ctrl Pts',(-14.4085947435815,3.5,-16.0084535804555));
#8786=CARTESIAN_POINT('Ctrl Pts',(-14.4085947435815,3.1,-16.0084535804555));
#8787=CARTESIAN_POINT('Ctrl Pts',(-14.9212137621362,3.5,-15.5602957931325));
#8788=CARTESIAN_POINT('Ctrl Pts',(-14.9212137621362,3.1,-15.5602957931325));
#8789=CARTESIAN_POINT('Ctrl Pts',(-14.9212137621362,3.5,-14.3079092231557));
#8790=CARTESIAN_POINT('Ctrl Pts',(-14.9212137621362,3.1,-14.3079092231557));
#8791=CARTESIAN_POINT('',(-14.4085947435815,3.5,-16.0084535804555));
#8792=CARTESIAN_POINT('Ctrl Pts',(-14.4085947435815,3.5,-16.0084535804555));
#8793=CARTESIAN_POINT('Ctrl Pts',(-14.9212137621362,3.5,-15.5602957931325));
#8794=CARTESIAN_POINT('Ctrl Pts',(-14.9212137621362,3.5,-14.3079092231557));
#8795=CARTESIAN_POINT('',(-14.4085947435815,3.1,-16.0084535804555));
#8796=CARTESIAN_POINT('',(-14.4085947435815,3.5,-16.0084535804555));
#8797=CARTESIAN_POINT('Ctrl Pts',(-14.4085947435815,3.1,-16.0084535804555));
#8798=CARTESIAN_POINT('Ctrl Pts',(-14.9212137621362,3.1,-15.5602957931325));
#8799=CARTESIAN_POINT('Ctrl Pts',(-14.9212137621362,3.1,-14.3079092231557));
#8800=CARTESIAN_POINT('Ctrl Pts',(-13.189973012777,3.5,-16.4566125598714));
#8801=CARTESIAN_POINT('Ctrl Pts',(-13.189973012777,3.1,-16.4566125598714));
#8802=CARTESIAN_POINT('Ctrl Pts',(-13.8959757250268,3.5,-16.4566125598714));
#8803=CARTESIAN_POINT('Ctrl Pts',(-13.8959757250268,3.1,-16.4566125598714));
#8804=CARTESIAN_POINT('Ctrl Pts',(-14.4085947435815,3.5,-16.0084535804555));
#8805=CARTESIAN_POINT('Ctrl Pts',(-14.4085947435815,3.1,-16.0084535804555));
#8806=CARTESIAN_POINT('',(-13.189973012777,3.5,-16.4566125598714));
#8807=CARTESIAN_POINT('Ctrl Pts',(-13.189973012777,3.5,-16.4566125598714));
#8808=CARTESIAN_POINT('Ctrl Pts',(-13.8959757250268,3.5,-16.4566125598714));
#8809=CARTESIAN_POINT('Ctrl Pts',(-14.4085947435815,3.5,-16.0084535804555));
#8810=CARTESIAN_POINT('',(-13.189973012777,3.1,-16.4566125598714));
#8811=CARTESIAN_POINT('',(-13.189973012777,3.5,-16.4566125598714));
#8812=CARTESIAN_POINT('Ctrl Pts',(-13.189973012777,3.1,-16.4566125598714));
#8813=CARTESIAN_POINT('Ctrl Pts',(-13.8959757250268,3.1,-16.4566125598714));
#8814=CARTESIAN_POINT('Ctrl Pts',(-14.4085947435815,3.1,-16.0084535804555));
#8815=CARTESIAN_POINT('Ctrl Pts',(-12.4195090692956,3.5,-16.2570895877645));
#8816=CARTESIAN_POINT('Ctrl Pts',(-12.4195090692956,3.1,-16.2570895877645));
#8817=CARTESIAN_POINT('Ctrl Pts',(-12.747953311773,3.5,-16.4566125598714));
#8818=CARTESIAN_POINT('Ctrl Pts',(-12.747953311773,3.1,-16.4566125598714));
#8819=CARTESIAN_POINT('Ctrl Pts',(-13.189973012777,3.5,-16.4566125598714));
#8820=CARTESIAN_POINT('Ctrl Pts',(-13.189973012777,3.1,-16.4566125598714));
#8821=CARTESIAN_POINT('',(-12.4195090692956,3.5,-16.2570895877645));
#8822=CARTESIAN_POINT('Ctrl Pts',(-12.4195090692956,3.5,-16.2570895877645));
#8823=CARTESIAN_POINT('Ctrl Pts',(-12.747953311773,3.5,-16.4566125598714));
#8824=CARTESIAN_POINT('Ctrl Pts',(-13.189973012777,3.5,-16.4566125598714));
#8825=CARTESIAN_POINT('',(-12.4195090692956,3.1,-16.2570895877645));
#8826=CARTESIAN_POINT('',(-12.4195090692956,3.5,-16.2570895877645));
#8827=CARTESIAN_POINT('Ctrl Pts',(-12.4195090692956,3.1,-16.2570895877645));
#8828=CARTESIAN_POINT('Ctrl Pts',(-12.747953311773,3.1,-16.4566125598714));
#8829=CARTESIAN_POINT('Ctrl Pts',(-13.189973012777,3.1,-16.4566125598714));
#8830=CARTESIAN_POINT('Ctrl Pts',(-11.9621423643548,3.5,-15.7229830947683));
#8831=CARTESIAN_POINT('Ctrl Pts',(-11.9621423643548,3.1,-15.7229830947683));
#8832=CARTESIAN_POINT('Ctrl Pts',(-12.0910648268182,3.5,-16.0575678077505));
#8833=CARTESIAN_POINT('Ctrl Pts',(-12.0910648268182,3.1,-16.0575678077505));
#8834=CARTESIAN_POINT('Ctrl Pts',(-12.4195090692956,3.5,-16.2570895877645));
#8835=CARTESIAN_POINT('Ctrl Pts',(-12.4195090692956,3.1,-16.2570895877645));
#8836=CARTESIAN_POINT('',(-11.9621423643548,3.5,-15.7229830947683));
#8837=CARTESIAN_POINT('Ctrl Pts',(-11.9621423643548,3.5,-15.7229830947683));
#8838=CARTESIAN_POINT('Ctrl Pts',(-12.0910648268182,3.5,-16.0575678077505));
#8839=CARTESIAN_POINT('Ctrl Pts',(-12.4195090692956,3.5,-16.2570895877645));
#8840=CARTESIAN_POINT('',(-11.9621423643548,3.1,-15.7229830947683));
#8841=CARTESIAN_POINT('',(-11.9621423643548,3.5,-15.7229830947683));
#8842=CARTESIAN_POINT('Ctrl Pts',(-11.9621423643548,3.1,-15.7229830947683));
#8843=CARTESIAN_POINT('Ctrl Pts',(-12.0910648268182,3.1,-16.0575678077505));
#8844=CARTESIAN_POINT('Ctrl Pts',(-12.4195090692956,3.1,-16.2570895877645));
#8845=CARTESIAN_POINT('Ctrl Pts',(-11.8332199018914,3.5,-14.7130920615957));
#8846=CARTESIAN_POINT('Ctrl Pts',(-11.8332199018914,3.1,-14.7130920615957));
#8847=CARTESIAN_POINT('Ctrl Pts',(-11.8332199018914,3.5,-15.388399573879));
#8848=CARTESIAN_POINT('Ctrl Pts',(-11.8332199018914,3.1,-15.388399573879));
#8849=CARTESIAN_POINT('Ctrl Pts',(-11.9621423643548,3.5,-15.7229830947683));
#8850=CARTESIAN_POINT('Ctrl Pts',(-11.9621423643548,3.1,-15.7229830947683));
#8851=CARTESIAN_POINT('',(-11.8332199018914,3.5,-14.7130920615957));
#8852=CARTESIAN_POINT('Ctrl Pts',(-11.8332199018914,3.5,-14.7130920615957));
#8853=CARTESIAN_POINT('Ctrl Pts',(-11.8332199018914,3.5,-15.388399573879));
#8854=CARTESIAN_POINT('Ctrl Pts',(-11.9621423643548,3.5,-15.7229830947683));
#8855=CARTESIAN_POINT('',(-11.8332199018914,3.1,-14.7130920615957));
#8856=CARTESIAN_POINT('',(-11.8332199018914,3.5,-14.7130920615957));
#8857=CARTESIAN_POINT('Ctrl Pts',(-11.8332199018914,3.1,-14.7130920615957));
#8858=CARTESIAN_POINT('Ctrl Pts',(-11.8332199018914,3.1,-15.388399573879));
#8859=CARTESIAN_POINT('Ctrl Pts',(-11.9621423643548,3.1,-15.7229830947683));
#8860=CARTESIAN_POINT('Origin',(-11.8332199018914,3.5,-10.7471992698476));
#8861=CARTESIAN_POINT('',(-11.8332199018914,3.5,-10.7471992698476));
#8862=CARTESIAN_POINT('',(-11.8332199018914,3.5,-5.37359963492381));
#8863=CARTESIAN_POINT('',(-11.8332199018914,3.1,-10.7471992698476));
#8864=CARTESIAN_POINT('',(-11.8332199018914,3.5,-10.7471992698476));
#8865=CARTESIAN_POINT('',(-11.8332199018914,3.1,-10.7471992698476));
#8866=CARTESIAN_POINT('Origin',(-10.7281712454278,3.5,-10.7471992698476));
#8867=CARTESIAN_POINT('',(-10.7281712454278,3.5,-10.7471992698476));
#8868=CARTESIAN_POINT('',(-5.3640856227139,3.5,-10.7471992698476));
#8869=CARTESIAN_POINT('',(-10.7281712454278,3.1,-10.7471992698476));
#8870=CARTESIAN_POINT('',(-10.7281712454278,3.5,-10.7471992698476));
#8871=CARTESIAN_POINT('',(-10.7281712454278,3.1,-10.7471992698476));
#8872=CARTESIAN_POINT('Origin',(-10.7281712454278,3.5,-14.7560670104787));
#8873=CARTESIAN_POINT('',(-10.7281712454278,3.5,-14.7560670104787));
#8874=CARTESIAN_POINT('',(-10.7281712454278,3.5,-7.37803350523936));
#8875=CARTESIAN_POINT('',(-10.7281712454278,3.1,-14.7560670104787));
#8876=CARTESIAN_POINT('',(-10.7281712454278,3.5,-14.7560670104787));
#8877=CARTESIAN_POINT('',(-10.7281712454278,3.1,-14.7560670104787));
#8878=CARTESIAN_POINT('Ctrl Pts',(-10.7895640295465,3.5,-15.830419274883));
#8879=CARTESIAN_POINT('Ctrl Pts',(-10.7895640295465,3.1,-15.830419274883));
#8880=CARTESIAN_POINT('Ctrl Pts',(-10.7281712454278,3.5,-15.5234613147542));
#8881=CARTESIAN_POINT('Ctrl Pts',(-10.7281712454278,3.1,-15.5234613147542));
#8882=CARTESIAN_POINT('Ctrl Pts',(-10.7281712454278,3.5,-14.7560670104787));
#8883=CARTESIAN_POINT('Ctrl Pts',(-10.7281712454278,3.1,-14.7560670104787));
#8884=CARTESIAN_POINT('',(-10.7895640295465,3.5,-15.830419274883));
#8885=CARTESIAN_POINT('Ctrl Pts',(-10.7895640295465,3.5,-15.830419274883));
#8886=CARTESIAN_POINT('Ctrl Pts',(-10.7281712454278,3.5,-15.5234613147542));
#8887=CARTESIAN_POINT('Ctrl Pts',(-10.7281712454278,3.5,-14.7560670104787));
#8888=CARTESIAN_POINT('',(-10.7895640295465,3.1,-15.830419274883));
#8889=CARTESIAN_POINT('',(-10.7895640295465,3.5,-15.830419274883));
#8890=CARTESIAN_POINT('Ctrl Pts',(-10.7895640295465,3.1,-15.830419274883));
#8891=CARTESIAN_POINT('Ctrl Pts',(-10.7281712454278,3.1,-15.5234613147542));
#8892=CARTESIAN_POINT('Ctrl Pts',(-10.7281712454278,3.1,-14.7560670104787));
#8893=CARTESIAN_POINT('Ctrl Pts',(-11.1333564680535,3.5,-16.6469266143606));
#8894=CARTESIAN_POINT('Ctrl Pts',(-11.1333564680535,3.1,-16.6469266143606));
#8895=CARTESIAN_POINT('Ctrl Pts',(-10.8877900999505,3.5,-16.3031341758535));
#8896=CARTESIAN_POINT('Ctrl Pts',(-10.8877900999505,3.1,-16.3031341758535));
#8897=CARTESIAN_POINT('Ctrl Pts',(-10.7895640295465,3.5,-15.830419274883));
#8898=CARTESIAN_POINT('Ctrl Pts',(-10.7895640295465,3.1,-15.830419274883));
#8899=CARTESIAN_POINT('',(-11.1333564680535,3.5,-16.6469266143606));
#8900=CARTESIAN_POINT('Ctrl Pts',(-11.1333564680535,3.5,-16.6469266143606));
#8901=CARTESIAN_POINT('Ctrl Pts',(-10.8877900999505,3.5,-16.3031341758535));
#8902=CARTESIAN_POINT('Ctrl Pts',(-10.7895640295465,3.5,-15.830419274883));
#8903=CARTESIAN_POINT('',(-11.1333564680535,3.1,-16.6469266143606));
#8904=CARTESIAN_POINT('',(-11.1333564680535,3.5,-16.6469266143606));
#8905=CARTESIAN_POINT('Ctrl Pts',(-11.1333564680535,3.1,-16.6469266143606));
#8906=CARTESIAN_POINT('Ctrl Pts',(-10.8877900999505,3.1,-16.3031341758535));
#8907=CARTESIAN_POINT('Ctrl Pts',(-10.7895640295465,3.1,-15.830419274883));
#8908=CARTESIAN_POINT('Ctrl Pts',(-11.8731240194757,3.5,-17.2025193897054));
#8909=CARTESIAN_POINT('Ctrl Pts',(-11.8731240194757,3.1,-17.2025193897054));
#8910=CARTESIAN_POINT('Ctrl Pts',(-11.3789228361566,3.5,-16.9907190528676));
#8911=CARTESIAN_POINT('Ctrl Pts',(-11.3789228361566,3.1,-16.9907190528676));
#8912=CARTESIAN_POINT('Ctrl Pts',(-11.1333564680535,3.5,-16.6469266143606));
#8913=CARTESIAN_POINT('Ctrl Pts',(-11.1333564680535,3.1,-16.6469266143606));
#8914=CARTESIAN_POINT('',(-11.8731240194757,3.5,-17.2025193897054));
#8915=CARTESIAN_POINT('Ctrl Pts',(-11.8731240194757,3.5,-17.2025193897054));
#8916=CARTESIAN_POINT('Ctrl Pts',(-11.3789228361566,3.5,-16.9907190528676));
#8917=CARTESIAN_POINT('Ctrl Pts',(-11.1333564680535,3.5,-16.6469266143606));
#8918=CARTESIAN_POINT('',(-11.8731240194757,3.1,-17.2025193897054));
#8919=CARTESIAN_POINT('',(-11.8731240194757,3.5,-17.2025193897054));
#8920=CARTESIAN_POINT('Ctrl Pts',(-11.8731240194757,3.1,-17.2025193897054));
#8921=CARTESIAN_POINT('Ctrl Pts',(-11.3789228361566,3.1,-16.9907190528676));
#8922=CARTESIAN_POINT('Ctrl Pts',(-11.1333564680535,3.1,-16.6469266143606));
#8923=CARTESIAN_POINT('Ctrl Pts',(-12.9566852014977,3.5,-17.4143197265432));
#8924=CARTESIAN_POINT('Ctrl Pts',(-12.9566852014977,3.1,-17.4143197265432));
#8925=CARTESIAN_POINT('Ctrl Pts',(-12.3673263948876,3.5,-17.4143197265432));
#8926=CARTESIAN_POINT('Ctrl Pts',(-12.3673263948876,3.1,-17.4143197265432));
#8927=CARTESIAN_POINT('Ctrl Pts',(-11.8731240194757,3.5,-17.2025193897054));
#8928=CARTESIAN_POINT('Ctrl Pts',(-11.8731240194757,3.1,-17.2025193897054));
#8929=CARTESIAN_POINT('',(-12.9566852014977,3.5,-17.4143197265432));
#8930=CARTESIAN_POINT('Ctrl Pts',(-12.9566852014977,3.5,-17.4143197265432));
#8931=CARTESIAN_POINT('Ctrl Pts',(-12.3673263948876,3.5,-17.4143197265432));
#8932=CARTESIAN_POINT('Ctrl Pts',(-11.8731240194757,3.5,-17.2025193897054));
#8933=CARTESIAN_POINT('',(-12.9566852014977,3.1,-17.4143197265432));
#8934=CARTESIAN_POINT('',(-12.9566852014977,3.5,-17.4143197265432));
#8935=CARTESIAN_POINT('Ctrl Pts',(-12.9566852014977,3.1,-17.4143197265432));
#8936=CARTESIAN_POINT('Ctrl Pts',(-12.3673263948876,3.1,-17.4143197265432));
#8937=CARTESIAN_POINT('Ctrl Pts',(-11.8731240194757,3.1,-17.2025193897054));
#8938=CARTESIAN_POINT('Ctrl Pts',(-15.031718389364,3.5,-16.3399686542318));
#8939=CARTESIAN_POINT('Ctrl Pts',(-15.031718389364,3.1,-16.3399686542318));
#8940=CARTESIAN_POINT('Ctrl Pts',(-14.3134383123834,3.5,-17.4143197265432));
#8941=CARTESIAN_POINT('Ctrl Pts',(-14.3134383123834,3.1,-17.4143197265432));
#8942=CARTESIAN_POINT('Ctrl Pts',(-12.9566852014977,3.5,-17.4143197265432));
#8943=CARTESIAN_POINT('Ctrl Pts',(-12.9566852014977,3.1,-17.4143197265432));
#8944=CARTESIAN_POINT('',(-15.031718389364,3.5,-16.3399686542318));
#8945=CARTESIAN_POINT('Ctrl Pts',(-15.031718389364,3.5,-16.3399686542318));
#8946=CARTESIAN_POINT('Ctrl Pts',(-14.3134383123834,3.5,-17.4143197265432));
#8947=CARTESIAN_POINT('Ctrl Pts',(-12.9566852014977,3.5,-17.4143197265432));
#8948=CARTESIAN_POINT('',(-15.031718389364,3.1,-16.3399686542318));
#8949=CARTESIAN_POINT('',(-15.031718389364,3.5,-16.3399686542318));
#8950=CARTESIAN_POINT('Ctrl Pts',(-15.031718389364,3.1,-16.3399686542318));
#8951=CARTESIAN_POINT('Ctrl Pts',(-14.3134383123834,3.1,-17.4143197265432));
#8952=CARTESIAN_POINT('Ctrl Pts',(-12.9566852014977,3.1,-17.4143197265432));
#8953=CARTESIAN_POINT('Origin',(-15.031718389364,3.5,-17.2669806209371));
#8954=CARTESIAN_POINT('',(-15.031718389364,3.5,-17.2669806209371));
#8955=CARTESIAN_POINT('',(-15.031718389364,3.5,-8.63349031046855));
#8956=CARTESIAN_POINT('',(-15.031718389364,3.1,-17.2669806209371));
#8957=CARTESIAN_POINT('',(-15.031718389364,3.5,-17.2669806209371));
#8958=CARTESIAN_POINT('',(-15.031718389364,3.1,-17.2669806209371));
#8959=CARTESIAN_POINT('Origin',(-16.0262618225534,3.5,-17.2669806209371));
#8960=CARTESIAN_POINT('',(-16.0262618225534,3.5,-17.2669806209371));
#8961=CARTESIAN_POINT('',(-8.01313091127668,3.5,-17.2669806209371));
#8962=CARTESIAN_POINT('',(-16.0262618225534,3.1,-17.2669806209371));
#8963=CARTESIAN_POINT('',(-16.0262618225534,3.5,-17.2669806209371));
#8964=CARTESIAN_POINT('',(-16.0262618225534,3.1,-17.2669806209371));
#8965=CARTESIAN_POINT('Origin',(-16.0262618225534,3.5,-10.7471992698476));
#8966=CARTESIAN_POINT('',(-16.0262618225534,3.5,-10.7471992698476));
#8967=CARTESIAN_POINT('',(-16.0262618225534,3.5,-5.37359963492381));
#8968=CARTESIAN_POINT('',(-16.0262618225534,3.1,-10.7471992698476));
#8969=CARTESIAN_POINT('',(-16.0262618225534,3.5,-10.7471992698476));
#8970=CARTESIAN_POINT('',(-16.0262618225534,3.1,-10.7471992698476));
#8971=CARTESIAN_POINT('Origin',(-14.9212137621362,3.5,-10.7471992698476));
#8972=CARTESIAN_POINT('',(-7.46060688106809,3.5,-10.7471992698476));
#8973=CARTESIAN_POINT('',(-14.9212137621362,3.1,-10.7471992698476));
#8974=CARTESIAN_POINT('Origin',(-2.57161445915699E-6,3.1,-22.1967204538152));
#8975=CARTESIAN_POINT('Ctrl Pts',(7.28103600325994,3.5,-30.5521084991262));
#8976=CARTESIAN_POINT('Ctrl Pts',(7.28103600325994,3.1,-30.5521084991262));
#8977=CARTESIAN_POINT('Ctrl Pts',(6.51978216948919,3.5,-30.5521084991262));
#8978=CARTESIAN_POINT('Ctrl Pts',(6.51978216948919,3.1,-30.5521084991262));
#8979=CARTESIAN_POINT('Ctrl Pts',(6.00102148833685,3.5,-30.042558523731));
#8980=CARTESIAN_POINT('Ctrl Pts',(6.00102148833685,3.1,-30.042558523731));
#8981=CARTESIAN_POINT('',(7.28103600325994,3.5,-30.5521084991262));
#8982=CARTESIAN_POINT('',(6.00102148833685,3.5,-30.042558523731));
#8983=CARTESIAN_POINT('Ctrl Pts',(7.28103600325994,3.5,-30.5521084991262));
#8984=CARTESIAN_POINT('Ctrl Pts',(6.51978216948919,3.5,-30.5521084991262));
#8985=CARTESIAN_POINT('Ctrl Pts',(6.00102148833685,3.5,-30.042558523731));
#8986=CARTESIAN_POINT('',(7.28103600325994,3.1,-30.5521084991262));
#8987=CARTESIAN_POINT('',(7.28103600325994,3.5,-30.5521084991262));
#8988=CARTESIAN_POINT('',(6.00102148833685,3.1,-30.042558523731));
#8989=CARTESIAN_POINT('Ctrl Pts',(7.28103600325994,3.1,-30.5521084991262));
#8990=CARTESIAN_POINT('Ctrl Pts',(6.51978216948919,3.1,-30.5521084991262));
#8991=CARTESIAN_POINT('Ctrl Pts',(6.00102148833685,3.1,-30.042558523731));
#8992=CARTESIAN_POINT('',(6.00102148833685,3.5,-30.042558523731));
#8993=CARTESIAN_POINT('Ctrl Pts',(8.6500664788764,3.5,-29.9136366573141));
#8994=CARTESIAN_POINT('Ctrl Pts',(8.6500664788764,3.1,-29.9136366573141));
#8995=CARTESIAN_POINT('Ctrl Pts',(8.12210045638494,3.5,-30.5521084991262));
#8996=CARTESIAN_POINT('Ctrl Pts',(8.12210045638494,3.1,-30.5521084991262));
#8997=CARTESIAN_POINT('Ctrl Pts',(7.28103600325994,3.5,-30.5521084991262));
#8998=CARTESIAN_POINT('Ctrl Pts',(7.28103600325994,3.1,-30.5521084991262));
#8999=CARTESIAN_POINT('',(8.6500664788764,3.5,-29.9136366573141));
#9000=CARTESIAN_POINT('Ctrl Pts',(8.6500664788764,3.5,-29.9136366573141));
#9001=CARTESIAN_POINT('Ctrl Pts',(8.12210045638494,3.5,-30.5521084991262));
#9002=CARTESIAN_POINT('Ctrl Pts',(7.28103600325994,3.5,-30.5521084991262));
#9003=CARTESIAN_POINT('',(8.6500664788764,3.1,-29.9136366573141));
#9004=CARTESIAN_POINT('',(8.6500664788764,3.5,-29.9136366573141));
#9005=CARTESIAN_POINT('Ctrl Pts',(8.6500664788764,3.1,-29.9136366573141));
#9006=CARTESIAN_POINT('Ctrl Pts',(8.12210045638494,3.1,-30.5521084991262));
#9007=CARTESIAN_POINT('Ctrl Pts',(7.28103600325994,3.1,-30.5521084991262));
#9008=CARTESIAN_POINT('Ctrl Pts',(9.06753025832586,3.5,-28.6796667304799));
#9009=CARTESIAN_POINT('Ctrl Pts',(9.06753025832586,3.1,-28.6796667304799));
#9010=CARTESIAN_POINT('Ctrl Pts',(8.99386130156927,3.5,-29.5023133483693));
#9011=CARTESIAN_POINT('Ctrl Pts',(8.99386130156927,3.1,-29.5023133483693));
#9012=CARTESIAN_POINT('Ctrl Pts',(8.6500664788764,3.5,-29.9136366573141));
#9013=CARTESIAN_POINT('Ctrl Pts',(8.6500664788764,3.1,-29.9136366573141));
#9014=CARTESIAN_POINT('',(9.06753025832586,3.5,-28.6796667304799));
#9015=CARTESIAN_POINT('Ctrl Pts',(9.06753025832586,3.5,-28.6796667304799));
#9016=CARTESIAN_POINT('Ctrl Pts',(8.99386130156927,3.5,-29.5023133483693));
#9017=CARTESIAN_POINT('Ctrl Pts',(8.6500664788764,3.5,-29.9136366573141));
#9018=CARTESIAN_POINT('',(9.06753025832586,3.1,-28.6796667304799));
#9019=CARTESIAN_POINT('',(9.06753025832586,3.5,-28.6796667304799));
#9020=CARTESIAN_POINT('Ctrl Pts',(9.06753025832586,3.1,-28.6796667304799));
#9021=CARTESIAN_POINT('Ctrl Pts',(8.99386130156927,3.1,-29.5023133483693));
#9022=CARTESIAN_POINT('Ctrl Pts',(8.6500664788764,3.1,-29.9136366573141));
#9023=CARTESIAN_POINT('Origin',(5.4270120698493,3.5,-28.6796667304799));
#9024=CARTESIAN_POINT('',(5.4270120698493,3.5,-28.6796667304799));
#9025=CARTESIAN_POINT('',(2.71350603492465,3.5,-28.6796667304799));
#9026=CARTESIAN_POINT('',(5.4270120698493,3.1,-28.6796667304799));
#9027=CARTESIAN_POINT('',(5.4270120698493,3.5,-28.6796667304799));
#9028=CARTESIAN_POINT('',(5.4270120698493,3.1,-28.6796667304799));
#9029=CARTESIAN_POINT('Ctrl Pts',(6.00102148833685,3.5,-30.042558523731));
#9030=CARTESIAN_POINT('Ctrl Pts',(6.00102148833685,3.1,-30.042558523731));
#9031=CARTESIAN_POINT('Ctrl Pts',(5.48226557555608,3.5,-29.5330085483358));
#9032=CARTESIAN_POINT('Ctrl Pts',(5.48226557555608,3.1,-29.5330085483358));
#9033=CARTESIAN_POINT('Ctrl Pts',(5.4270120698493,3.5,-28.6796667304799));
#9034=CARTESIAN_POINT('Ctrl Pts',(5.4270120698493,3.1,-28.6796667304799));
#9035=CARTESIAN_POINT('Ctrl Pts',(6.00102148833685,3.5,-30.042558523731));
#9036=CARTESIAN_POINT('Ctrl Pts',(5.48226557555608,3.5,-29.5330085483358));
#9037=CARTESIAN_POINT('Ctrl Pts',(5.4270120698493,3.5,-28.6796667304799));
#9038=CARTESIAN_POINT('Ctrl Pts',(6.00102148833685,3.1,-30.042558523731));
#9039=CARTESIAN_POINT('Ctrl Pts',(5.48226557555608,3.1,-29.5330085483358));
#9040=CARTESIAN_POINT('Ctrl Pts',(5.4270120698493,3.1,-28.6796667304799));
#9041=CARTESIAN_POINT('Ctrl Pts',(7.33628950896673,3.5,-25.554837199764));
#9042=CARTESIAN_POINT('Ctrl Pts',(7.33628950896673,3.1,-25.554837199764));
#9043=CARTESIAN_POINT('Ctrl Pts',(7.94406615081243,3.5,-25.554837199764));
#9044=CARTESIAN_POINT('Ctrl Pts',(7.94406615081243,3.1,-25.554837199764));
#9045=CARTESIAN_POINT('Ctrl Pts',(8.37380610289983,3.5,-25.8740731206701));
#9046=CARTESIAN_POINT('Ctrl Pts',(8.37380610289983,3.1,-25.8740731206701));
#9047=CARTESIAN_POINT('',(7.33628950896673,3.5,-25.554837199764));
#9048=CARTESIAN_POINT('',(8.37380610289983,3.5,-25.8740731206701));
#9049=CARTESIAN_POINT('Ctrl Pts',(7.33628950896673,3.5,-25.554837199764));
#9050=CARTESIAN_POINT('Ctrl Pts',(7.94406615081243,3.5,-25.554837199764));
#9051=CARTESIAN_POINT('Ctrl Pts',(8.37380610289983,3.5,-25.8740731206701));
#9052=CARTESIAN_POINT('',(7.33628950896673,3.1,-25.554837199764));
#9053=CARTESIAN_POINT('',(7.33628950896673,3.5,-25.554837199764));
#9054=CARTESIAN_POINT('',(8.37380610289983,3.1,-25.8740731206701));
#9055=CARTESIAN_POINT('Ctrl Pts',(7.33628950896673,3.1,-25.554837199764));
#9056=CARTESIAN_POINT('Ctrl Pts',(7.94406615081243,3.1,-25.554837199764));
#9057=CARTESIAN_POINT('Ctrl Pts',(8.37380610289983,3.1,-25.8740731206701));
#9058=CARTESIAN_POINT('',(8.37380610289983,3.5,-25.8740731206701));
#9059=CARTESIAN_POINT('Ctrl Pts',(5.97339592757635,3.5,-26.125778767185));
#9060=CARTESIAN_POINT('Ctrl Pts',(5.97339592757635,3.1,-26.125778767185));
#9061=CARTESIAN_POINT('Ctrl Pts',(6.51978216948919,3.5,-25.554837199764));
#9062=CARTESIAN_POINT('Ctrl Pts',(6.51978216948919,3.1,-25.554837199764));
#9063=CARTESIAN_POINT('Ctrl Pts',(7.33628950896673,3.5,-25.554837199764));
#9064=CARTESIAN_POINT('Ctrl Pts',(7.33628950896673,3.1,-25.554837199764));
#9065=CARTESIAN_POINT('',(5.97339592757635,3.5,-26.125778767185));
#9066=CARTESIAN_POINT('Ctrl Pts',(5.97339592757635,3.5,-26.125778767185));
#9067=CARTESIAN_POINT('Ctrl Pts',(6.51978216948919,3.5,-25.554837199764));
#9068=CARTESIAN_POINT('Ctrl Pts',(7.33628950896673,3.5,-25.554837199764));
#9069=CARTESIAN_POINT('',(5.97339592757635,3.1,-26.125778767185));
#9070=CARTESIAN_POINT('',(5.97339592757635,3.5,-26.125778767185));
#9071=CARTESIAN_POINT('Ctrl Pts',(5.97339592757635,3.1,-26.125778767185));
#9072=CARTESIAN_POINT('Ctrl Pts',(6.51978216948919,3.1,-25.554837199764));
#9073=CARTESIAN_POINT('Ctrl Pts',(7.33628950896673,3.1,-25.554837199764));
#9074=CARTESIAN_POINT('Ctrl Pts',(5.36562166991644,3.5,-27.7710714069173));
#9075=CARTESIAN_POINT('Ctrl Pts',(5.36562166991644,3.1,-27.7710714069173));
#9076=CARTESIAN_POINT('Ctrl Pts',(5.4270120698493,3.5,-26.6967197385595));
#9077=CARTESIAN_POINT('Ctrl Pts',(5.4270120698493,3.1,-26.6967197385595));
#9078=CARTESIAN_POINT('Ctrl Pts',(5.97339592757635,3.5,-26.125778767185));
#9079=CARTESIAN_POINT('Ctrl Pts',(5.97339592757635,3.1,-26.125778767185));
#9080=CARTESIAN_POINT('',(5.36562166991644,3.5,-27.7710714069173));
#9081=CARTESIAN_POINT('Ctrl Pts',(5.36562166991644,3.5,-27.7710714069173));
#9082=CARTESIAN_POINT('Ctrl Pts',(5.4270120698493,3.5,-26.6967197385595));
#9083=CARTESIAN_POINT('Ctrl Pts',(5.97339592757635,3.5,-26.125778767185));
#9084=CARTESIAN_POINT('',(5.36562166991644,3.1,-27.7710714069173));
#9085=CARTESIAN_POINT('',(5.36562166991644,3.5,-27.7710714069173));
#9086=CARTESIAN_POINT('Ctrl Pts',(5.36562166991644,3.1,-27.7710714069173));
#9087=CARTESIAN_POINT('Ctrl Pts',(5.4270120698493,3.1,-26.6967197385595));
#9088=CARTESIAN_POINT('Ctrl Pts',(5.97339592757635,3.1,-26.125778767185));
#9089=CARTESIAN_POINT('Origin',(10.2278300363105,3.5,-27.7710714069173));
#9090=CARTESIAN_POINT('',(10.2278300363105,3.5,-27.7710714069173));
#9091=CARTESIAN_POINT('',(5.11391501815524,3.5,-27.7710714069173));
#9092=CARTESIAN_POINT('',(10.2278300363105,3.1,-27.7710714069173));
#9093=CARTESIAN_POINT('',(10.2278300363105,3.5,-27.7710714069173));
#9094=CARTESIAN_POINT('',(10.2278300363105,3.1,-27.7710714069173));
#9095=CARTESIAN_POINT('Ctrl Pts',(10.2339693147223,3.5,-28.0657508102224));
#9096=CARTESIAN_POINT('Ctrl Pts',(10.2339693147223,3.1,-28.0657508102224));
#9097=CARTESIAN_POINT('Ctrl Pts',(10.2339693147223,3.5,-27.9675247398183));
#9098=CARTESIAN_POINT('Ctrl Pts',(10.2339693147223,3.1,-27.9675247398183));
#9099=CARTESIAN_POINT('Ctrl Pts',(10.2278300363105,3.5,-27.7710714069173));
#9100=CARTESIAN_POINT('Ctrl Pts',(10.2278300363105,3.1,-27.7710714069173));
#9101=CARTESIAN_POINT('',(10.2339693147223,3.5,-28.0657508102224));
#9102=CARTESIAN_POINT('Ctrl Pts',(10.2339693147223,3.5,-28.0657508102224));
#9103=CARTESIAN_POINT('Ctrl Pts',(10.2339693147223,3.5,-27.9675247398183));
#9104=CARTESIAN_POINT('Ctrl Pts',(10.2278300363105,3.5,-27.7710714069173));
#9105=CARTESIAN_POINT('',(10.2339693147223,3.1,-28.0657508102224));
#9106=CARTESIAN_POINT('',(10.2339693147223,3.5,-28.0657508102224));
#9107=CARTESIAN_POINT('Ctrl Pts',(10.2339693147223,3.1,-28.0657508102224));
#9108=CARTESIAN_POINT('Ctrl Pts',(10.2339693147223,3.1,-27.9675247398183));
#9109=CARTESIAN_POINT('Ctrl Pts',(10.2278300363105,3.1,-27.7710714069173));
#9110=CARTESIAN_POINT('Ctrl Pts',(9.40518341842107,3.5,-30.5705257383153));
#9111=CARTESIAN_POINT('Ctrl Pts',(9.40518341842107,3.1,-30.5705257383153));
#9112=CARTESIAN_POINT('Ctrl Pts',(10.2339693147223,3.5,-29.6803488460348));
#9113=CARTESIAN_POINT('Ctrl Pts',(10.2339693147223,3.1,-29.6803488460348));
#9114=CARTESIAN_POINT('Ctrl Pts',(10.2339693147223,3.5,-28.0657508102224));
#9115=CARTESIAN_POINT('Ctrl Pts',(10.2339693147223,3.1,-28.0657508102224));
#9116=CARTESIAN_POINT('',(9.40518341842107,3.5,-30.5705257383153));
#9117=CARTESIAN_POINT('Ctrl Pts',(9.40518341842107,3.5,-30.5705257383153));
#9118=CARTESIAN_POINT('Ctrl Pts',(10.2339693147223,3.5,-29.6803488460348));
#9119=CARTESIAN_POINT('Ctrl Pts',(10.2339693147223,3.5,-28.0657508102224));
#9120=CARTESIAN_POINT('',(9.40518341842107,3.1,-30.5705257383153));
#9121=CARTESIAN_POINT('',(9.40518341842107,3.5,-30.5705257383153));
#9122=CARTESIAN_POINT('Ctrl Pts',(9.40518341842107,3.1,-30.5705257383153));
#9123=CARTESIAN_POINT('Ctrl Pts',(10.2339693147223,3.1,-29.6803488460348));
#9124=CARTESIAN_POINT('Ctrl Pts',(10.2339693147223,3.1,-28.0657508102224));
#9125=CARTESIAN_POINT('Ctrl Pts',(7.26875744643621,3.5,-31.4607032266424));
#9126=CARTESIAN_POINT('Ctrl Pts',(7.26875744643621,3.1,-31.4607032266424));
#9127=CARTESIAN_POINT('Ctrl Pts',(8.57639752211981,3.5,-31.4607032266424));
#9128=CARTESIAN_POINT('Ctrl Pts',(8.57639752211981,3.1,-31.4607032266424));
#9129=CARTESIAN_POINT('Ctrl Pts',(9.40518341842107,3.5,-30.5705257383153));
#9130=CARTESIAN_POINT('Ctrl Pts',(9.40518341842107,3.1,-30.5705257383153));
#9131=CARTESIAN_POINT('',(7.26875744643621,3.5,-31.4607032266424));
#9132=CARTESIAN_POINT('Ctrl Pts',(7.26875744643621,3.5,-31.4607032266424));
#9133=CARTESIAN_POINT('Ctrl Pts',(8.57639752211981,3.5,-31.4607032266424));
#9134=CARTESIAN_POINT('Ctrl Pts',(9.40518341842107,3.5,-30.5705257383153));
#9135=CARTESIAN_POINT('',(7.26875744643621,3.1,-31.4607032266424));
#9136=CARTESIAN_POINT('',(7.26875744643621,3.5,-31.4607032266424));
#9137=CARTESIAN_POINT('Ctrl Pts',(7.26875744643621,3.1,-31.4607032266424));
#9138=CARTESIAN_POINT('Ctrl Pts',(8.57639752211981,3.1,-31.4607032266424));
#9139=CARTESIAN_POINT('Ctrl Pts',(9.40518341842107,3.1,-30.5705257383153));
#9140=CARTESIAN_POINT('Ctrl Pts',(5.07094107451849,3.5,-30.5521084991262));
#9141=CARTESIAN_POINT('Ctrl Pts',(5.07094107451849,3.1,-30.5521084991262));
#9142=CARTESIAN_POINT('Ctrl Pts',(5.91814242186956,3.5,-31.4607032266424));
#9143=CARTESIAN_POINT('Ctrl Pts',(5.91814242186956,3.1,-31.4607032266424));
#9144=CARTESIAN_POINT('Ctrl Pts',(7.26875744643621,3.5,-31.4607032266424));
#9145=CARTESIAN_POINT('Ctrl Pts',(7.26875744643621,3.1,-31.4607032266424));
#9146=CARTESIAN_POINT('',(5.07094107451849,3.5,-30.5521084991262));
#9147=CARTESIAN_POINT('Ctrl Pts',(5.07094107451849,3.5,-30.5521084991262));
#9148=CARTESIAN_POINT('Ctrl Pts',(5.91814242186956,3.5,-31.4607032266424));
#9149=CARTESIAN_POINT('Ctrl Pts',(7.26875744643621,3.5,-31.4607032266424));
#9150=CARTESIAN_POINT('',(5.07094107451849,3.1,-30.5521084991262));
#9151=CARTESIAN_POINT('',(5.07094107451849,3.5,-30.5521084991262));
#9152=CARTESIAN_POINT('Ctrl Pts',(5.07094107451849,3.1,-30.5521084991262));
#9153=CARTESIAN_POINT('Ctrl Pts',(5.91814242186956,3.1,-31.4607032266424));
#9154=CARTESIAN_POINT('Ctrl Pts',(7.26875744643621,3.1,-31.4607032266424));
#9155=CARTESIAN_POINT('Ctrl Pts',(4.22373734298162,3.5,-27.9982205358312));
#9156=CARTESIAN_POINT('Ctrl Pts',(4.22373734298162,3.1,-27.9982205358312));
#9157=CARTESIAN_POINT('Ctrl Pts',(4.22373734298162,3.5,-29.64351377161));
#9158=CARTESIAN_POINT('Ctrl Pts',(4.22373734298162,3.1,-29.64351377161));
#9159=CARTESIAN_POINT('Ctrl Pts',(5.07094107451849,3.5,-30.5521084991262));
#9160=CARTESIAN_POINT('Ctrl Pts',(5.07094107451849,3.1,-30.5521084991262));
#9161=CARTESIAN_POINT('',(4.22373734298162,3.5,-27.9982205358312));
#9162=CARTESIAN_POINT('Ctrl Pts',(4.22373734298162,3.5,-27.9982205358312));
#9163=CARTESIAN_POINT('Ctrl Pts',(4.22373734298162,3.5,-29.64351377161));
#9164=CARTESIAN_POINT('Ctrl Pts',(5.07094107451849,3.5,-30.5521084991262));
#9165=CARTESIAN_POINT('',(4.22373734298162,3.1,-27.9982205358312));
#9166=CARTESIAN_POINT('',(4.22373734298162,3.5,-27.9982205358312));
#9167=CARTESIAN_POINT('Ctrl Pts',(4.22373734298162,3.1,-27.9982205358312));
#9168=CARTESIAN_POINT('Ctrl Pts',(4.22373734298162,3.1,-29.64351377161));
#9169=CARTESIAN_POINT('Ctrl Pts',(5.07094107451849,3.1,-30.5521084991262));
#9170=CARTESIAN_POINT('Ctrl Pts',(5.06173334899358,3.5,-25.5272110429571));
#9171=CARTESIAN_POINT('Ctrl Pts',(5.06173334899358,3.1,-25.5272110429571));
#9172=CARTESIAN_POINT('Ctrl Pts',(4.22373734298162,3.5,-26.4081796136663));
#9173=CARTESIAN_POINT('Ctrl Pts',(4.22373734298162,3.1,-26.4081796136663));
#9174=CARTESIAN_POINT('Ctrl Pts',(4.22373734298162,3.5,-27.9982205358312));
#9175=CARTESIAN_POINT('Ctrl Pts',(4.22373734298162,3.1,-27.9982205358312));
#9176=CARTESIAN_POINT('',(5.06173334899358,3.5,-25.5272110429571));
#9177=CARTESIAN_POINT('Ctrl Pts',(5.06173334899358,3.5,-25.5272110429571));
#9178=CARTESIAN_POINT('Ctrl Pts',(4.22373734298162,3.5,-26.4081796136663));
#9179=CARTESIAN_POINT('Ctrl Pts',(4.22373734298162,3.5,-27.9982205358312));
#9180=CARTESIAN_POINT('',(5.06173334899358,3.1,-25.5272110429571));
#9181=CARTESIAN_POINT('',(5.06173334899358,3.5,-25.5272110429571));
#9182=CARTESIAN_POINT('Ctrl Pts',(5.06173334899358,3.1,-25.5272110429571));
#9183=CARTESIAN_POINT('Ctrl Pts',(4.22373734298162,3.1,-26.4081796136663));
#9184=CARTESIAN_POINT('Ctrl Pts',(4.22373734298162,3.1,-27.9982205358312));
#9185=CARTESIAN_POINT('Ctrl Pts',(7.33014784636907,3.5,-24.6462430682943));
#9186=CARTESIAN_POINT('Ctrl Pts',(7.33014784636907,3.1,-24.6462430682943));
#9187=CARTESIAN_POINT('Ctrl Pts',(5.89972697081976,3.5,-24.6462430682943));
#9188=CARTESIAN_POINT('Ctrl Pts',(5.89972697081976,3.1,-24.6462430682943));
#9189=CARTESIAN_POINT('Ctrl Pts',(5.06173334899358,3.5,-25.5272110429571));
#9190=CARTESIAN_POINT('Ctrl Pts',(5.06173334899358,3.1,-25.5272110429571));
#9191=CARTESIAN_POINT('',(7.33014784636907,3.5,-24.6462430682943));
#9192=CARTESIAN_POINT('Ctrl Pts',(7.33014784636907,3.5,-24.6462430682943));
#9193=CARTESIAN_POINT('Ctrl Pts',(5.89972697081976,3.5,-24.6462430682943));
#9194=CARTESIAN_POINT('Ctrl Pts',(5.06173334899358,3.5,-25.5272110429571));
#9195=CARTESIAN_POINT('',(7.33014784636907,3.1,-24.6462430682943));
#9196=CARTESIAN_POINT('',(7.33014784636907,3.5,-24.6462430682943));
#9197=CARTESIAN_POINT('Ctrl Pts',(7.33014784636907,3.1,-24.6462430682943));
#9198=CARTESIAN_POINT('Ctrl Pts',(5.89972697081976,3.1,-24.6462430682943));
#9199=CARTESIAN_POINT('Ctrl Pts',(5.06173334899358,3.1,-25.5272110429571));
#9200=CARTESIAN_POINT('Ctrl Pts',(9.19645272078924,3.5,-25.1987662044332));
#9201=CARTESIAN_POINT('Ctrl Pts',(9.19645272078924,3.1,-25.1987662044332));
#9202=CARTESIAN_POINT('Ctrl Pts',(8.46589289489202,3.5,-24.6462430682943));
#9203=CARTESIAN_POINT('Ctrl Pts',(8.46589289489202,3.1,-24.6462430682943));
#9204=CARTESIAN_POINT('Ctrl Pts',(7.33014784636907,3.5,-24.6462430682943));
#9205=CARTESIAN_POINT('Ctrl Pts',(7.33014784636907,3.1,-24.6462430682943));
#9206=CARTESIAN_POINT('',(9.19645272078924,3.5,-25.1987662044332));
#9207=CARTESIAN_POINT('Ctrl Pts',(9.19645272078924,3.5,-25.1987662044332));
#9208=CARTESIAN_POINT('Ctrl Pts',(8.46589289489202,3.5,-24.6462430682943));
#9209=CARTESIAN_POINT('Ctrl Pts',(7.33014784636907,3.5,-24.6462430682943));
#9210=CARTESIAN_POINT('',(9.19645272078924,3.1,-25.1987662044332));
#9211=CARTESIAN_POINT('',(9.19645272078924,3.5,-25.1987662044332));
#9212=CARTESIAN_POINT('Ctrl Pts',(9.19645272078924,3.1,-25.1987662044332));
#9213=CARTESIAN_POINT('Ctrl Pts',(8.46589289489202,3.1,-24.6462430682943));
#9214=CARTESIAN_POINT('Ctrl Pts',(7.33014784636907,3.1,-24.6462430682943));
#9215=CARTESIAN_POINT('Ctrl Pts',(10.1971336442512,3.5,-26.7519720521734));
#9216=CARTESIAN_POINT('Ctrl Pts',(10.1971336442512,3.1,-26.7519720521734));
#9217=CARTESIAN_POINT('Ctrl Pts',(9.92701016250066,3.5,-25.7512899366186));
#9218=CARTESIAN_POINT('Ctrl Pts',(9.92701016250066,3.1,-25.7512899366186));
#9219=CARTESIAN_POINT('Ctrl Pts',(9.19645272078924,3.5,-25.1987662044332));
#9220=CARTESIAN_POINT('Ctrl Pts',(9.19645272078924,3.1,-25.1987662044332));
#9221=CARTESIAN_POINT('',(10.1971336442512,3.5,-26.7519720521734));
#9222=CARTESIAN_POINT('Ctrl Pts',(10.1971336442512,3.5,-26.7519720521734));
#9223=CARTESIAN_POINT('Ctrl Pts',(9.92701016250066,3.5,-25.7512899366186));
#9224=CARTESIAN_POINT('Ctrl Pts',(9.19645272078924,3.5,-25.1987662044332));
#9225=CARTESIAN_POINT('',(10.1971336442512,3.1,-26.7519720521734));
#9226=CARTESIAN_POINT('',(10.1971336442512,3.5,-26.7519720521734));
#9227=CARTESIAN_POINT('Ctrl Pts',(10.1971336442512,3.1,-26.7519720521734));
#9228=CARTESIAN_POINT('Ctrl Pts',(9.92701016250066,3.1,-25.7512899366186));
#9229=CARTESIAN_POINT('Ctrl Pts',(9.19645272078924,3.1,-25.1987662044332));
#9230=CARTESIAN_POINT('Origin',(9.05525170150213,3.5,-26.893172475414));
#9231=CARTESIAN_POINT('',(9.05525170150213,3.5,-26.893172475414));
#9232=CARTESIAN_POINT('',(6.23352182988876,3.5,-27.2420959825004));
#9233=CARTESIAN_POINT('',(9.05525170150213,3.1,-26.893172475414));
#9234=CARTESIAN_POINT('',(9.05525170150213,3.5,-26.893172475414));
#9235=CARTESIAN_POINT('',(9.05525170150213,3.1,-26.893172475414));
#9236=CARTESIAN_POINT('Ctrl Pts',(8.37380610289983,3.5,-25.8740731206701));
#9237=CARTESIAN_POINT('Ctrl Pts',(8.37380610289983,3.1,-25.8740731206701));
#9238=CARTESIAN_POINT('Ctrl Pts',(8.80354605498724,3.5,-26.1933090415761));
#9239=CARTESIAN_POINT('Ctrl Pts',(8.80354605498724,3.1,-26.1933090415761));
#9240=CARTESIAN_POINT('Ctrl Pts',(9.05525170150213,3.5,-26.893172475414));
#9241=CARTESIAN_POINT('Ctrl Pts',(9.05525170150213,3.1,-26.893172475414));
#9242=CARTESIAN_POINT('Ctrl Pts',(8.37380610289983,3.5,-25.8740731206701));
#9243=CARTESIAN_POINT('Ctrl Pts',(8.80354605498724,3.5,-26.1933090415761));
#9244=CARTESIAN_POINT('Ctrl Pts',(9.05525170150213,3.5,-26.893172475414));
#9245=CARTESIAN_POINT('Ctrl Pts',(8.37380610289983,3.1,-25.8740731206701));
#9246=CARTESIAN_POINT('Ctrl Pts',(8.80354605498724,3.1,-26.1933090415761));
#9247=CARTESIAN_POINT('Ctrl Pts',(9.05525170150213,3.1,-26.893172475414));
#9248=CARTESIAN_POINT('Origin',(-2.57161445915699E-6,3.1,-22.1967204538152));
#9249=CARTESIAN_POINT('Origin',(-6.4583901327569,3.5,-32.7315082279012));
#9250=CARTESIAN_POINT('',(-6.4583901327569,3.5,-32.7315082279012));
#9251=CARTESIAN_POINT('',(-6.4583901327569,3.5,-24.7935821739004));
#9252=CARTESIAN_POINT('',(-6.4583901327569,3.5,-16.3657541139506));
#9253=CARTESIAN_POINT('',(-6.4583901327569,3.1,-32.7315082279012));
#9254=CARTESIAN_POINT('',(-6.4583901327569,3.5,-32.7315082279012));
#9255=CARTESIAN_POINT('',(-6.4583901327569,3.1,-24.7935821739004));
#9256=CARTESIAN_POINT('',(-6.4583901327569,3.1,-32.7315082279012));
#9257=CARTESIAN_POINT('',(-6.4583901327569,3.5,-24.7935821739004));
#9258=CARTESIAN_POINT('Origin',(-3.48089970764704,3.5,-32.7315082279012));
#9259=CARTESIAN_POINT('',(-3.48089970764704,3.5,-32.7315082279012));
#9260=CARTESIAN_POINT('',(-1.74044985382352,3.5,-32.7315082279012));
#9261=CARTESIAN_POINT('',(-3.48089970764704,3.1,-32.7315082279012));
#9262=CARTESIAN_POINT('',(-3.48089970764704,3.5,-32.7315082279012));
#9263=CARTESIAN_POINT('',(-3.48089970764704,3.1,-32.7315082279012));
#9264=CARTESIAN_POINT('Origin',(-3.48089970764704,3.5,-33.7935819354818));
#9265=CARTESIAN_POINT('',(-3.48089970764704,3.5,-33.7935819354818));
#9266=CARTESIAN_POINT('',(-3.48089970764704,3.5,-16.8967909677409));
#9267=CARTESIAN_POINT('',(-3.48089970764704,3.1,-33.7935819354818));
#9268=CARTESIAN_POINT('',(-3.48089970764704,3.5,-33.7935819354818));
#9269=CARTESIAN_POINT('',(-3.48089970764704,3.1,-33.7935819354818));
#9270=CARTESIAN_POINT('Origin',(-10.6145969789941,3.5,-33.7935819354818));
#9271=CARTESIAN_POINT('',(-10.6145969789941,3.5,-33.7935819354818));
#9272=CARTESIAN_POINT('',(-5.30729848949704,3.5,-33.7935819354818));
#9273=CARTESIAN_POINT('',(-10.6145969789941,3.1,-33.7935819354818));
#9274=CARTESIAN_POINT('',(-10.6145969789941,3.5,-33.7935819354818));
#9275=CARTESIAN_POINT('',(-10.6145969789941,3.1,-33.7935819354818));
#9276=CARTESIAN_POINT('Origin',(-10.6145969789941,3.5,-32.7315082279012));
#9277=CARTESIAN_POINT('',(-10.6145969789941,3.5,-32.7315082279012));
#9278=CARTESIAN_POINT('',(-10.6145969789941,3.5,-16.3657541139506));
#9279=CARTESIAN_POINT('',(-10.6145969789941,3.1,-32.7315082279012));
#9280=CARTESIAN_POINT('',(-10.6145969789941,3.5,-32.7315082279012));
#9281=CARTESIAN_POINT('',(-10.6145969789941,3.1,-32.7315082279012));
#9282=CARTESIAN_POINT('Origin',(-7.64938630280085,3.5,-32.7315082279012));
#9283=CARTESIAN_POINT('',(-7.64938630280085,3.5,-32.7315082279012));
#9284=CARTESIAN_POINT('',(-3.82469315140042,3.5,-32.7315082279012));
#9285=CARTESIAN_POINT('',(-7.64938630280085,3.1,-32.7315082279012));
#9286=CARTESIAN_POINT('',(-7.64938630280085,3.5,-32.7315082279012));
#9287=CARTESIAN_POINT('',(-7.64938630280085,3.1,-32.7315082279012));
#9288=CARTESIAN_POINT('Origin',(-7.64938630280085,3.5,-24.7935821739004));
#9289=CARTESIAN_POINT('',(-7.64938630280085,3.5,-24.7935821739004));
#9290=CARTESIAN_POINT('',(-7.64938630280085,3.5,-12.3967910869502));
#9291=CARTESIAN_POINT('',(-7.64938630280085,3.1,-24.7935821739004));
#9292=CARTESIAN_POINT('',(-7.64938630280085,3.5,-24.7935821739004));
#9293=CARTESIAN_POINT('',(-7.64938630280085,3.1,-24.7935821739004));
#9294=CARTESIAN_POINT('Origin',(-6.4583901327569,3.5,-24.7935821739004));
#9295=CARTESIAN_POINT('',(-3.22919506637845,3.5,-24.7935821739004));
#9296=CARTESIAN_POINT('',(-6.4583901327569,3.1,-24.7935821739004));
#9297=CARTESIAN_POINT('Origin',(-2.57161445915699E-6,3.1,-22.1967204538152));
#9298=CARTESIAN_POINT('Origin',(0.,3.5,0.));
#9299=CARTESIAN_POINT('Origin',(0.,3.5,0.));
#9300=CARTESIAN_POINT('Origin',(0.,3.5,0.));
#9301=CARTESIAN_POINT('Origin',(0.,3.5,0.));
#9302=CARTESIAN_POINT('Origin',(0.,3.5,0.));
#9303=CARTESIAN_POINT('Origin',(-0.85,0.25,69.85));
#9304=CARTESIAN_POINT('',(-3.3,0.5,69.6));
#9305=CARTESIAN_POINT('',(-1.7,0.5,69.6));
#9306=CARTESIAN_POINT('',(-0.85,0.5,69.6));
#9307=CARTESIAN_POINT('',(-2.2,0.,70.1));
#9308=CARTESIAN_POINT('',(-1.7,0.5,69.6));
#9309=CARTESIAN_POINT('',(-2.8,0.,70.1));
#9310=CARTESIAN_POINT('',(-0.85,0.,70.1));
#9311=CARTESIAN_POINT('',(-2.8,0.,70.1));
#9312=CARTESIAN_POINT('Origin',(-3.05,0.25,34.8));
#9313=CARTESIAN_POINT('',(-2.8,0.,71.4935684739624));
#9314=CARTESIAN_POINT('',(-2.8,0.,34.8));
#9315=CARTESIAN_POINT('',(-3.3,0.5,70.9505813691481));
#9316=CARTESIAN_POINT('Ctrl Pts',(-2.8,-1.2490009027033E-15,71.4935684739624));
#9317=CARTESIAN_POINT('Ctrl Pts',(-2.96896560756754,0.168965607567544,71.3171994372059));
#9318=CARTESIAN_POINT('Ctrl Pts',(-3.13602866718321,0.33602866718321,71.1361446015239));
#9319=CARTESIAN_POINT('Ctrl Pts',(-3.3,0.5,70.9505813691481));
#9320=CARTESIAN_POINT('',(-3.3,0.5,34.8));
#9321=CARTESIAN_POINT('Origin',(-2.5,0.25,64.5));
#9322=CARTESIAN_POINT('',(-1.7,0.5,70.9505813691481));
#9323=CARTESIAN_POINT('Origin',(-2.5,0.5,64.5));
#9324=CARTESIAN_POINT('',(-2.2,0.,71.4935684739624));
#9325=CARTESIAN_POINT('Origin',(-2.5,0.,64.5));
#9326=CARTESIAN_POINT('Ctrl Pts',(-2.2,-3.43475248243408E-15,71.4935684739624));
#9327=CARTESIAN_POINT('Ctrl Pts',(-2.03103439243252,0.168965607567484,71.317199437206));
#9328=CARTESIAN_POINT('Ctrl Pts',(-1.86397133281681,0.336028667183186,71.136144601524));
#9329=CARTESIAN_POINT('Ctrl Pts',(-1.7,0.5,70.9505813691481));
#9330=CARTESIAN_POINT('Origin',(-1.95,0.25,35.475290684574));
#9331=CARTESIAN_POINT('',(-1.7,0.5,35.475290684574));
#9332=CARTESIAN_POINT('',(-2.2,0.,35.475290684574));
#9333=CARTESIAN_POINT('Origin',(-1.7,0.,70.9505813691481));
#9334=CARTESIAN_POINT('',(-1.7,3.,69.6));
#9335=CARTESIAN_POINT('',(-1.7,0.,69.6));
#9336=CARTESIAN_POINT('',(-1.7,3.,70.9505813691481));
#9337=CARTESIAN_POINT('',(-1.7,3.,35.475290684574));
#9338=CARTESIAN_POINT('',(-1.7,0.,70.9505813691481));
#9339=CARTESIAN_POINT('Origin',(-1.7,0.,69.6));
#9340=CARTESIAN_POINT('',(-3.3,3.,69.6));
#9341=CARTESIAN_POINT('',(-3.3,0.,69.6));
#9342=CARTESIAN_POINT('',(-0.85,3.,69.6));
#9343=CARTESIAN_POINT('Origin',(0.,0.,0.));
#9344=CARTESIAN_POINT('',(30.,1.11022302462516E-15,97.1633986723105));
#9345=CARTESIAN_POINT('',(29.9491401701454,-1.94289029309402E-15,97.4118365096458));
#9346=CARTESIAN_POINT('Origin',(29.1282766021894,0.,96.0380977999185));
#9347=CARTESIAN_POINT('',(-33.5,0.,97.4118365096458));
#9348=CARTESIAN_POINT('',(17.,0.,97.4118365096458));
#9349=CARTESIAN_POINT('',(-33.5,0.,-95.4341737512063));
#9350=CARTESIAN_POINT('',(-33.5,0.,-54.25));
#9351=CARTESIAN_POINT('',(-25.3710055948961,0.,-95.4341737512063));
#9352=CARTESIAN_POINT('',(17.,0.,-95.4341737512063));
#9353=CARTESIAN_POINT('',(-27.75,0.,-90.65));
#9354=CARTESIAN_POINT('Origin',(-21.75,0.,-90.65));
#9355=CARTESIAN_POINT('',(-27.75,0.,-37.15));
#9356=CARTESIAN_POINT('',(-27.75,0.,-16.575));
#9357=CARTESIAN_POINT('',(-21.75,0.,-31.15));
#9358=CARTESIAN_POINT('Origin',(-21.75,0.,-37.15));
#9359=CARTESIAN_POINT('',(21.75,0.,-31.15));
#9360=CARTESIAN_POINT('',(12.875,0.,-31.15));
#9361=CARTESIAN_POINT('',(27.75,0.,-37.15));
#9362=CARTESIAN_POINT('Origin',(21.75,0.,-37.15));
#9363=CARTESIAN_POINT('',(27.75,0.,-90.65));
#9364=CARTESIAN_POINT('',(27.75,0.,-47.325));
#9365=CARTESIAN_POINT('',(25.3710055948961,0.,-95.4341737512063));
#9366=CARTESIAN_POINT('Origin',(21.75,0.,-90.65));
#9367=CARTESIAN_POINT('',(29.8423506055605,0.,-95.4341737512063));
#9368=CARTESIAN_POINT('',(17.,0.,-95.4341737512063));
#9369=CARTESIAN_POINT('',(29.8423506055605,0.,90.9660686269224));
#9370=CARTESIAN_POINT('',(29.8423506055605,0.,54.25));
#9371=CARTESIAN_POINT('',(27.25,0.,92.5));
#9372=CARTESIAN_POINT('Origin',(29.,0.,92.5));
#9373=CARTESIAN_POINT('',(30.,0.,93.9361406616345));
#9374=CARTESIAN_POINT('Origin',(29.,0.,92.5));
#9375=CARTESIAN_POINT('',(30.,1.11022302462516E-15,54.25));
#9376=CARTESIAN_POINT('',(-4.89791576165636,0.,19.5));
#9377=CARTESIAN_POINT('',(-4.89791576165636,0.,8.5));
#9378=CARTESIAN_POINT('Origin',(-2.5,0.,14.));
#9379=CARTESIAN_POINT('',(-0.102084238343638,0.,19.5));
#9380=CARTESIAN_POINT('',(-0.104356076261039,0.,19.5));
#9381=CARTESIAN_POINT('',(-0.10208423834364,0.,8.5));
#9382=CARTESIAN_POINT('Origin',(-2.5,0.,14.));
#9383=CARTESIAN_POINT('',(-2.39564392373897,0.,8.5));
#9384=CARTESIAN_POINT('',(-17.75,0.,92.5));
#9385=CARTESIAN_POINT('Origin',(-16.,0.,92.5));
#9386=CARTESIAN_POINT('',(-27.75,0.,-2.5));
#9387=CARTESIAN_POINT('Origin',(-26.,0.,-2.5));
#9388=CARTESIAN_POINT('',(24.25,0.,-2.5));
#9389=CARTESIAN_POINT('Origin',(26.,0.,-2.5));
#9390=CARTESIAN_POINT('Origin',(-2.5,0.25,14.));
#9391=CARTESIAN_POINT('',(-4.79128784747794,0.5,9.));
#9392=CARTESIAN_POINT('',(-4.79128784747792,0.5,19.));
#9393=CARTESIAN_POINT('Origin',(-2.5,0.5,14.));
#9394=CARTESIAN_POINT('Ctrl Pts',(-4.79128784747792,0.5,19.));
#9395=CARTESIAN_POINT('Ctrl Pts',(-4.82761631473643,0.333522048906156,19.1664779510938));
#9396=CARTESIAN_POINT('Ctrl Pts',(-4.86316783747905,0.166645190139245,19.3333548098608));
#9397=CARTESIAN_POINT('Ctrl Pts',(-4.89791576165636,-2.08166817117217E-16,
19.5));
#9398=CARTESIAN_POINT('Ctrl Pts',(-4.89791576165636,3.12250225675825E-16,
8.5));
#9399=CARTESIAN_POINT('Ctrl Pts',(-4.86316783747976,0.16664519013583,8.66664519013583));
#9400=CARTESIAN_POINT('Ctrl Pts',(-4.82761631473676,0.333522048904638,8.83352204890464));
#9401=CARTESIAN_POINT('Ctrl Pts',(-4.79128784747792,0.499999999999997,9.));
#9402=CARTESIAN_POINT('Origin',(-2.39564392373897,0.25,8.75));
#9403=CARTESIAN_POINT('',(-0.208712152522064,0.5,9.));
#9404=CARTESIAN_POINT('Ctrl Pts',(-0.102084238343639,3.12250225675825E-16,
8.5));
#9405=CARTESIAN_POINT('Ctrl Pts',(-0.136832162520198,0.166645190135624,
8.66664519013563));
#9406=CARTESIAN_POINT('Ctrl Pts',(-0.172383685263218,0.333522048904545,
8.83352204890455));
#9407=CARTESIAN_POINT('Ctrl Pts',(-0.208712152522078,0.499999999999999,
9.));
#9408=CARTESIAN_POINT('',(-2.39564392373897,0.5,9.));
#9409=CARTESIAN_POINT('Origin',(-2.5,0.25,14.));
#9410=CARTESIAN_POINT('',(-0.208712152522078,0.5,19.));
#9411=CARTESIAN_POINT('Origin',(-2.5,0.5,14.));
#9412=CARTESIAN_POINT('Ctrl Pts',(-0.102084238343637,-1.14491749414469E-15,
19.5));
#9413=CARTESIAN_POINT('Ctrl Pts',(-0.136832162520962,0.166645190139297,
19.3333548098607));
#9414=CARTESIAN_POINT('Ctrl Pts',(-0.172383685263571,0.333522048906174,
19.1664779510938));
#9415=CARTESIAN_POINT('Ctrl Pts',(-0.208712152522077,0.5,19.));
#9416=CARTESIAN_POINT('Origin',(-0.104356076261039,0.25,19.25));
#9417=CARTESIAN_POINT('',(-0.104356076261039,0.5,19.));
#9418=CARTESIAN_POINT('Origin',(-0.208712152522078,0.,19.));
#9419=CARTESIAN_POINT('',(-4.79128784747792,3.,19.));
#9420=CARTESIAN_POINT('',(-4.79128784747792,0.,19.));
#9421=CARTESIAN_POINT('',(-0.208712152522078,3.,19.));
#9422=CARTESIAN_POINT('',(-0.104356076261039,3.,19.));
#9423=CARTESIAN_POINT('',(-0.208712152522078,0.,19.));
#9424=CARTESIAN_POINT('Origin',(-2.5,0.,14.));
#9425=CARTESIAN_POINT('',(-4.79128784747794,3.,9.));
#9426=CARTESIAN_POINT('',(-4.79128784747794,0.,9.));
#9427=CARTESIAN_POINT('Origin',(-2.5,3.,14.));
#9428=CARTESIAN_POINT('Origin',(-2.5,3.25,14.));
#9429=CARTESIAN_POINT('',(-0.102084238343638,3.5,19.5));
#9430=CARTESIAN_POINT('',(-0.10208423834364,3.5,8.5));
#9431=CARTESIAN_POINT('Origin',(-2.5,3.5,14.));
#9432=CARTESIAN_POINT('',(-0.208712152522064,3.,9.));
#9433=CARTESIAN_POINT('Ctrl Pts',(-0.102084238343639,3.5,8.5));
#9434=CARTESIAN_POINT('Ctrl Pts',(-0.13683216252025,3.33335480986413,8.66664519013587));
#9435=CARTESIAN_POINT('Ctrl Pts',(-0.172383685263242,3.16647795109534,8.83352204890466));
#9436=CARTESIAN_POINT('Ctrl Pts',(-0.208712152522079,3.,9.));
#9437=CARTESIAN_POINT('Origin',(-2.5,3.,14.));
#9438=CARTESIAN_POINT('Ctrl Pts',(-0.102084238343635,3.5,19.5));
#9439=CARTESIAN_POINT('Ctrl Pts',(-0.136832162520961,3.3333548098607,19.3333548098607));
#9440=CARTESIAN_POINT('Ctrl Pts',(-0.172383685263572,3.16647795109382,19.1664779510938));
#9441=CARTESIAN_POINT('Ctrl Pts',(-0.208712152522076,3.,19.));
#9442=CARTESIAN_POINT('Origin',(-2.39564392373897,3.25,8.75));
#9443=CARTESIAN_POINT('',(-4.89791576165636,3.5,8.5));
#9444=CARTESIAN_POINT('',(-2.39564392373897,3.5,8.5));
#9445=CARTESIAN_POINT('Ctrl Pts',(-4.89791576165636,3.5,8.5));
#9446=CARTESIAN_POINT('Ctrl Pts',(-4.86316783747983,3.3333548098645,8.6666451901355));
#9447=CARTESIAN_POINT('Ctrl Pts',(-4.82761631473679,3.16647795109551,8.83352204890449));
#9448=CARTESIAN_POINT('Ctrl Pts',(-4.79128784747792,3.,9.));
#9449=CARTESIAN_POINT('',(-2.39564392373897,3.,9.));
#9450=CARTESIAN_POINT('Origin',(-2.5,3.25,14.));
#9451=CARTESIAN_POINT('',(-4.89791576165636,3.5,19.5));
#9452=CARTESIAN_POINT('Origin',(-2.5,3.5,14.));
#9453=CARTESIAN_POINT('Ctrl Pts',(-4.89791576165636,3.5,19.5));
#9454=CARTESIAN_POINT('Ctrl Pts',(-4.86316783747904,3.33335480986073,19.3333548098607));
#9455=CARTESIAN_POINT('Ctrl Pts',(-4.82761631473643,3.16647795109384,19.1664779510938));
#9456=CARTESIAN_POINT('Ctrl Pts',(-4.79128784747792,3.,19.));
#9457=CARTESIAN_POINT('Origin',(-0.104356076261039,3.25,19.25));
#9458=CARTESIAN_POINT('',(-0.104356076261039,3.5,19.5));
#9459=CARTESIAN_POINT('Origin',(-2.5,0.,14.));
#9460=CARTESIAN_POINT('',(-0.208712152522064,0.,9.));
#9461=CARTESIAN_POINT('Origin',(0.,3.5,0.));
#9462=CARTESIAN_POINT('',(-32.,3.5,104.5));
#9463=CARTESIAN_POINT('',(-32.,3.5,-104.5));
#9464=CARTESIAN_POINT('',(-32.,3.5,-54.25));
#9465=CARTESIAN_POINT('',(-30.,3.5,106.5));
#9466=CARTESIAN_POINT('Origin',(-30.,3.5,104.5));
#9467=CARTESIAN_POINT('',(30.,3.5,106.5));
#9468=CARTESIAN_POINT('',(-17.,3.5,106.5));
#9469=CARTESIAN_POINT('',(32.,3.5,104.5));
#9470=CARTESIAN_POINT('Origin',(30.,3.5,104.5));
#9471=CARTESIAN_POINT('',(32.,3.5,-104.5));
#9472=CARTESIAN_POINT('',(32.,3.5,54.25));
#9473=CARTESIAN_POINT('',(30.,3.5,-106.5));
#9474=CARTESIAN_POINT('Origin',(30.,3.5,-104.5));
#9475=CARTESIAN_POINT('',(-30.,3.5,-106.5));
#9476=CARTESIAN_POINT('',(17.,3.5,-106.5));
#9477=CARTESIAN_POINT('Origin',(-30.,3.5,-104.5));
#9478=CARTESIAN_POINT('',(24.25,3.5,-2.5));
#9479=CARTESIAN_POINT('Origin',(26.,3.5,-2.5));
#9480=CARTESIAN_POINT('',(27.25,3.5,92.5));
#9481=CARTESIAN_POINT('Origin',(29.,3.5,92.5));
#9482=CARTESIAN_POINT('',(-27.75,3.5,-2.5));
#9483=CARTESIAN_POINT('Origin',(-26.,3.5,-2.5));
#9484=CARTESIAN_POINT('',(-27.75,3.5,-99.5));
#9485=CARTESIAN_POINT('Origin',(-26.,3.5,-99.5));
#9486=CARTESIAN_POINT('',(24.25,3.5,-99.5));
#9487=CARTESIAN_POINT('Origin',(26.,3.5,-99.5));
#9488=CARTESIAN_POINT('',(-17.75,3.5,92.5));
#9489=CARTESIAN_POINT('Origin',(-16.,3.5,92.5));
#9490=CARTESIAN_POINT('',(23.2,3.5,-40.7));
#9491=CARTESIAN_POINT('',(23.2,3.5,-87.1));
#9492=CARTESIAN_POINT('',(23.2,3.5,-43.25));
#9493=CARTESIAN_POINT('',(-23.2,3.5,-40.7));
#9494=CARTESIAN_POINT('',(11.3,3.5,-40.7));
#9495=CARTESIAN_POINT('',(-23.2,3.5,-87.1));
#9496=CARTESIAN_POINT('',(-23.2,3.5,-20.65));
#9497=CARTESIAN_POINT('',(-11.3,3.5,-87.1));
#9498=CARTESIAN_POINT('',(-2.2,3.5,71.4935684739624));
#9499=CARTESIAN_POINT('',(-2.8,3.5,71.4935684739624));
#9500=CARTESIAN_POINT('Origin',(-2.5,3.5,64.5));
#9501=CARTESIAN_POINT('',(-2.2,3.5,70.1));
#9502=CARTESIAN_POINT('',(-2.2,3.5,35.475290684574));
#9503=CARTESIAN_POINT('',(-2.8,3.5,70.1));
#9504=CARTESIAN_POINT('',(-0.85,3.5,70.1));
#9505=CARTESIAN_POINT('',(-2.8,3.5,34.8));
#9506=CARTESIAN_POINT('Origin',(-0.85,3.25,69.85));
#9507=CARTESIAN_POINT('',(-2.2,3.5,70.1));
#9508=CARTESIAN_POINT('',(-2.8,3.5,70.1));
#9509=CARTESIAN_POINT('Origin',(-1.95,3.25,35.475290684574));
#9510=CARTESIAN_POINT('Ctrl Pts',(-2.2,3.5,71.4935684739624));
#9511=CARTESIAN_POINT('Ctrl Pts',(-2.03103439243247,3.33103439243247,71.3171994372059));
#9512=CARTESIAN_POINT('Ctrl Pts',(-1.8639713328168,3.1639713328168,71.1361446015239));
#9513=CARTESIAN_POINT('Ctrl Pts',(-1.7,3.,70.9505813691481));
#9514=CARTESIAN_POINT('Origin',(-2.5,3.25,64.5));
#9515=CARTESIAN_POINT('',(-3.3,3.,70.9505813691481));
#9516=CARTESIAN_POINT('Ctrl Pts',(-2.8,3.5,71.4935684739624));
#9517=CARTESIAN_POINT('Ctrl Pts',(-2.96896560756751,3.33103439243249,71.3171994372059));
#9518=CARTESIAN_POINT('Ctrl Pts',(-3.13602866718319,3.16397133281681,71.1361446015239));
#9519=CARTESIAN_POINT('Ctrl Pts',(-3.3,3.,70.9505813691481));
#9520=CARTESIAN_POINT('Origin',(-2.5,3.,64.5));
#9521=CARTESIAN_POINT('Origin',(-3.05,3.25,34.8));
#9522=CARTESIAN_POINT('',(-3.3,3.,34.8));
#9523=CARTESIAN_POINT('Origin',(-3.3,0.,69.6));
#9524=CARTESIAN_POINT('',(-3.3,0.,70.9505813691481));
#9525=CARTESIAN_POINT('Ctrl Pts',(32.5472924520136,-2.61697484958619,-107.58403974746));
#9526=CARTESIAN_POINT('Ctrl Pts',(32.8309857955723,-2.70883648623787,-107.349720489593));
#9527=CARTESIAN_POINT('Ctrl Pts',(33.3632407486172,-2.82790095752493,-106.57147813615));
#9528=CARTESIAN_POINT('Ctrl Pts',(33.51243280509,-2.69346687529044,-105.552155227088));
#9529=CARTESIAN_POINT('Ctrl Pts',(33.4462855645952,-2.54053951238903,-104.981422538872));
#9530=CARTESIAN_POINT('Ctrl Pts',(32.5812115017931,-2.53548623213224,-107.556023978995));
#9531=CARTESIAN_POINT('Ctrl Pts',(32.8664434356437,-2.63079727585666,-107.343084686525));
#9532=CARTESIAN_POINT('Ctrl Pts',(33.4174936964214,-2.78515066865361,-106.584754499673));
#9533=CARTESIAN_POINT('Ctrl Pts',(33.5568966137671,-2.68240811661939,-105.545482086094));
#9534=CARTESIAN_POINT('Ctrl Pts',(33.4756737247918,-2.53772801245437,-104.97092987827));
#9535=CARTESIAN_POINT('Ctrl Pts',(32.6824255332367,-2.37314666105295,-107.540941692701));
#9536=CARTESIAN_POINT('Ctrl Pts',(32.9695760365605,-2.49046455651521,-107.357884991974));
#9537=CARTESIAN_POINT('Ctrl Pts',(33.541383802576,-2.72345441597733,-106.609846065602));
#9538=CARTESIAN_POINT('Ctrl Pts',(33.6477366287391,-2.67107852223497,-105.529589914886));
#9539=CARTESIAN_POINT('Ctrl Pts',(33.5344457504295,-2.53781847764426,-104.948415282197));
#9540=CARTESIAN_POINT('Ctrl Pts',(32.924525499727,-2.17303760595727,-107.664412732843));
#9541=CARTESIAN_POINT('Ctrl Pts',(33.2198213258014,-2.35420967683631,-107.472539085474));
#9542=CARTESIAN_POINT('Ctrl Pts',(33.7832295600621,-2.7034095837451,-106.646224644296));
#9543=CARTESIAN_POINT('Ctrl Pts',(33.8047110022456,-2.68955475211035,-105.495064884402));
#9544=CARTESIAN_POINT('Ctrl Pts',(33.6336851916515,-2.55791927338746,-104.905053223571));
#9545=CARTESIAN_POINT('Ctrl Pts',(33.0887288150422,-2.1627511997781,-107.854495499387));
#9546=CARTESIAN_POINT('Ctrl Pts',(33.4044853367483,-2.38445031534254,-107.609913701502));
#9547=CARTESIAN_POINT('Ctrl Pts',(33.9503852832213,-2.76688644898939,-106.66665466784));
#9548=CARTESIAN_POINT('Ctrl Pts',(33.9073616764165,-2.73592741258085,-105.466669983432));
#9549=CARTESIAN_POINT('Ctrl Pts',(33.6981941458799,-2.58950341870811,-104.871904564537));
#9550=CARTESIAN_POINT('Ctrl Pts',(33.1524922259189,-2.2073988207359,-107.96954471653));
#9551=CARTESIAN_POINT('Ctrl Pts',(33.4881264591274,-2.44241244090974,-107.692324381255));
#9552=CARTESIAN_POINT('Ctrl Pts',(34.0358585345132,-2.82593856901415,-106.678469358044));
#9553=CARTESIAN_POINT('Ctrl Pts',(33.9617627413959,-2.77405613612373,-105.449625314689));
#9554=CARTESIAN_POINT('Ctrl Pts',(33.7330737827707,-2.61392640338907,-104.852013016321));
#9555=CARTESIAN_POINT('',(32.54729245237,-2.61697484968658,-107.584039747931));
#9556=CARTESIAN_POINT('',(33.8901416965711,-2.72390654064295,-105.431019645347));
#9557=CARTESIAN_POINT('Ctrl Pts',(32.5472924653029,-2.61697485388935,-107.584039736484));
#9558=CARTESIAN_POINT('Ctrl Pts',(32.5502361297904,-2.61726838511783,-107.581608388314));
#9559=CARTESIAN_POINT('Ctrl Pts',(32.5531764875715,-2.61755914145547,-107.579172681603));
#9560=CARTESIAN_POINT('Ctrl Pts',(32.9183878117259,-2.65337463071418,-107.275759384629));
#9561=CARTESIAN_POINT('Ctrl Pts',(33.2504259292565,-2.65125581493499,-106.890973429443));
#9562=CARTESIAN_POINT('Ctrl Pts',(33.6143209519482,-2.6620440684528,-106.228369565121));
#9563=CARTESIAN_POINT('Ctrl Pts',(33.7050977237462,-2.66672245512453,-106.023539574095));
#9564=CARTESIAN_POINT('Ctrl Pts',(33.8219437325751,-2.69008435256797,-105.687768031305));
#9565=CARTESIAN_POINT('Ctrl Pts',(33.859787244212,-2.70265212428289,-105.557851685502));
#9566=CARTESIAN_POINT('Ctrl Pts',(33.890141696563,-2.7239065406373,-105.431019645691));
#9567=CARTESIAN_POINT('',(33.7330737827707,-2.61392640338907,-104.852013016321));
#9568=CARTESIAN_POINT('Ctrl Pts',(33.8901399023792,-2.72390912274986,-105.431019642937));
#9569=CARTESIAN_POINT('Ctrl Pts',(33.8556621658885,-2.69976595908622,-105.231629558404));
#9570=CARTESIAN_POINT('Ctrl Pts',(33.8029107545386,-2.66282794380452,-105.037041988311));
#9571=CARTESIAN_POINT('Ctrl Pts',(33.7323728642994,-2.61343671050964,-104.852412450378));
#9572=CARTESIAN_POINT('',(33.4462855645952,-2.54053951238903,-104.981422538872));
#9573=CARTESIAN_POINT('Origin',(33.4462855645952,-3.02350242553357,-104.852013016321));
#9574=CARTESIAN_POINT('Ctrl Pts',(33.4462855645952,-2.54053951238903,-104.981422538872));
#9575=CARTESIAN_POINT('Ctrl Pts',(33.51243280509,-2.69346687529044,-105.552155227088));
#9576=CARTESIAN_POINT('Ctrl Pts',(33.3632407486172,-2.82790095752493,-106.57147813615));
#9577=CARTESIAN_POINT('Ctrl Pts',(32.8309857955723,-2.70883648623787,-107.349720489593));
#9578=CARTESIAN_POINT('Ctrl Pts',(32.5472924520136,-2.61697484958619,-107.58403974746));
#9579=CARTESIAN_POINT('Origin',(0.586757652522629,19.9849867205118,-18.9831625178826));
#9580=CARTESIAN_POINT('',(30.129138823736,-0.0904239778555041,-95.4341737512063));
#9581=CARTESIAN_POINT('',(29.8423506055605,-0.0170370868554626,-95.5635832737576));
#9582=CARTESIAN_POINT('Origin',(29.8423506055605,-0.500000000000007,-95.4341737512063));
#9583=CARTESIAN_POINT('',(0.586757652522629,20.4679496336563,-19.1125720404339));
#9584=CARTESIAN_POINT('',(0.873545870698149,20.3945627426563,-18.9831625178826));
#9585=CARTESIAN_POINT('Origin',(29.8423506055605,-0.5,-95.4341737512063));
#9586=CARTESIAN_POINT('Origin',(29.8423506055605,-0.5,-95.4341737512063));
#9587=CARTESIAN_POINT('Origin',(29.8423506055605,-0.5,-95.4341737512063));
#9588=CARTESIAN_POINT('Origin',(29.8423506055605,-0.5,54.25));
#9589=CARTESIAN_POINT('',(30.129138823736,-0.0904239778555042,91.1630087821036));
#9590=CARTESIAN_POINT('',(30.129138823736,-0.0904239778555041,54.25));
#9591=CARTESIAN_POINT('Ctrl Pts',(30.129138823736,-0.090423977855513,91.1630087821037));
#9592=CARTESIAN_POINT('Ctrl Pts',(30.1034393130888,-0.0724289867719813,
91.1413045892605));
#9593=CARTESIAN_POINT('Ctrl Pts',(30.0757567105254,-0.0566731585766264,
91.1192152012789));
#9594=CARTESIAN_POINT('Ctrl Pts',(29.9828257126798,-0.0150707136785588,
91.0498636331989));
#9595=CARTESIAN_POINT('Ctrl Pts',(29.9117604943603,1.73472347597681E-16,
91.0041847140489));
#9596=CARTESIAN_POINT('Ctrl Pts',(29.8423506055605,1.73472347597681E-16,
90.9660686269224));
#9597=CARTESIAN_POINT('Origin',(34.,-2.80083015283881,108.5));
#9598=CARTESIAN_POINT('',(34.,-2.80083015283881,-104.5));
#9599=CARTESIAN_POINT('Origin',(30.,3.04949712672061E-15,-104.5));
#9600=CARTESIAN_POINT('',(34.,-2.80083015283881,104.5));
#9601=CARTESIAN_POINT('',(34.,-2.80083015283881,108.5));
#9602=CARTESIAN_POINT('',(33.9776745419335,-2.78519769880668,104.92202516328));
#9603=CARTESIAN_POINT('Origin',(30.,3.04949712672061E-15,104.5));
#9604=CARTESIAN_POINT('',(33.7763318619476,-2.64421603651718,104.428322524801));
#9605=CARTESIAN_POINT('Ctrl Pts',(33.7763318619476,-2.64421603651718,104.428322524801));
#9606=CARTESIAN_POINT('Ctrl Pts',(33.8571770541627,-2.70082444953422,104.583852861317));
#9607=CARTESIAN_POINT('Ctrl Pts',(33.9247983368486,-2.74817338141432,104.74948359936));
#9608=CARTESIAN_POINT('Ctrl Pts',(33.97842607505,-2.78572392796006,104.921677882809));
#9609=CARTESIAN_POINT('',(33.1223425540163,-2.18628779319513,103.170175016543));
#9610=CARTESIAN_POINT('Origin',(29.,0.70020753820971,92.5));
#9611=CARTESIAN_POINT('Origin',(32.8355543358408,-2.59586381533963,103.170175016543));
#9612=CARTESIAN_POINT('',(33.4895436437721,-2.58394574826873,104.599332596464));
#9613=CARTESIAN_POINT('Origin',(33.4895436437721,-3.05379205866167,104.428322524801));
#9614=CARTESIAN_POINT('',(29.8423506055605,-0.0301536896070489,97.5828465813086));
#9615=CARTESIAN_POINT('',(32.8355543358408,-2.12601750494668,103.341185088206));
#9616=CARTESIAN_POINT('Origin',(29.8423506055605,-0.500000000000002,97.4118365096458));
#9617=CARTESIAN_POINT('Ctrl Pts',(33.4895436437721,-2.58394574826872,104.599332596464));
#9618=CARTESIAN_POINT('Ctrl Pts',(33.582300349506,-2.73243546627912,105.007304743719));
#9619=CARTESIAN_POINT('Ctrl Pts',(33.6024061695449,-2.91430170704923,105.719306403848));
#9620=CARTESIAN_POINT('Ctrl Pts',(33.3451986623871,-2.98799753725843,106.637728928993));
#9621=CARTESIAN_POINT('Ctrl Pts',(33.0662164067877,-2.93991088998302,107.080225790996));
#9622=CARTESIAN_POINT('Ctrl Pts',(32.8984704681375,-2.89360952433228,107.256604604461));
#9623=CARTESIAN_POINT('Ctrl Pts',(33.5191673776966,-2.57899676044081,104.585735364158));
#9624=CARTESIAN_POINT('Ctrl Pts',(33.6232752679711,-2.72083098765689,104.996103964495));
#9625=CARTESIAN_POINT('Ctrl Pts',(33.6543190729754,-2.88315448145009,105.720081310541));
#9626=CARTESIAN_POINT('Ctrl Pts',(33.3876298066001,-2.92108270637733,106.640908661045));
#9627=CARTESIAN_POINT('Ctrl Pts',(33.0969262333058,-2.85625176912282,107.065706425434));
#9628=CARTESIAN_POINT('Ctrl Pts',(32.9269862828329,-2.807860333581,107.226621252247));
#9629=CARTESIAN_POINT('Ctrl Pts',(33.5784095623907,-2.57525623453408,104.556302517319));
#9630=CARTESIAN_POINT('Ctrl Pts',(33.7068355441263,-2.70765813764193,104.970180626576));
#9631=CARTESIAN_POINT('Ctrl Pts',(33.7677124828727,-2.83930066138225,105.716701251418));
#9632=CARTESIAN_POINT('Ctrl Pts',(33.5022911783191,-2.80856070941189,106.657828519932));
#9633=CARTESIAN_POINT('Ctrl Pts',(33.1973329016077,-2.70045752056785,107.065894112149));
#9634=CARTESIAN_POINT('Ctrl Pts',(33.0242773780259,-2.63709375990877,107.205430847972));
#9635=CARTESIAN_POINT('Ctrl Pts',(33.6780551226627,-2.59045661257559,104.498973934668));
#9636=CARTESIAN_POINT('Ctrl Pts',(33.8505554851903,-2.72064291654557,104.915518231845));
#9637=CARTESIAN_POINT('Ctrl Pts',(33.9793361695871,-2.83107705253666,105.696437507248));
#9638=CARTESIAN_POINT('Ctrl Pts',(33.765533019475,-2.72121509314238,106.718540343606));
#9639=CARTESIAN_POINT('Ctrl Pts',(33.4617978905334,-2.53875720908758,107.166353309653));
#9640=CARTESIAN_POINT('Ctrl Pts',(33.2827956754438,-2.43147144144183,107.31436467872));
#9641=CARTESIAN_POINT('Ctrl Pts',(33.742127507894,-2.62026588996929,104.454819203571));
#9642=CARTESIAN_POINT('Ctrl Pts',(33.9437692113508,-2.76142485360499,104.871299427415));
#9643=CARTESIAN_POINT('Ctrl Pts',(34.122065556554,-2.88708853628838,105.673570855634));
#9644=CARTESIAN_POINT('Ctrl Pts',(33.959914469381,-2.77319953665698,106.780666408875));
#9645=CARTESIAN_POINT('Ctrl Pts',(33.6625688595747,-2.56500484183641,107.3038416868));
#9646=CARTESIAN_POINT('Ctrl Pts',(33.4712200165526,-2.43057442237457,107.492969218588));
#9647=CARTESIAN_POINT('Ctrl Pts',(33.7763318619476,-2.64421603651718,104.428322524801));
#9648=CARTESIAN_POINT('Ctrl Pts',(33.9927961468892,-2.79578596058646,104.84475746865));
#9649=CARTESIAN_POINT('Ctrl Pts',(34.1955642656469,-2.9377657258492,105.659500208233));
#9650=CARTESIAN_POINT('Ctrl Pts',(34.0533075142528,-2.83815647616188,106.817715835422));
#9651=CARTESIAN_POINT('Ctrl Pts',(33.751643719607,-2.62692921314591,107.386601379052));
#9652=CARTESIAN_POINT('Ctrl Pts',(33.5475674948302,-2.4840335021878,107.601180180019));
#9653=CARTESIAN_POINT('',(32.8984704681375,-2.89360952433228,107.256604604461));
#9654=CARTESIAN_POINT('Ctrl Pts',(33.9776745419343,-2.78519769880722,104.922025163287));
#9655=CARTESIAN_POINT('Ctrl Pts',(33.9635644324467,-2.77531769377905,105.055015866627));
#9656=CARTESIAN_POINT('Ctrl Pts',(33.9421681223885,-2.77466522059218,105.191339974306));
#9657=CARTESIAN_POINT('Ctrl Pts',(33.8678557318595,-2.78262734300104,105.543924723034));
#9658=CARTESIAN_POINT('Ctrl Pts',(33.802968470037,-2.79756216200935,105.760438121838));
#9659=CARTESIAN_POINT('Ctrl Pts',(33.5165616838615,-2.8534778490538,106.484667423489));
#9660=CARTESIAN_POINT('Ctrl Pts',(33.2240458338338,-2.8975636858617,106.912441771266));
#9661=CARTESIAN_POINT('Ctrl Pts',(32.9034208924803,-2.89367849144306,107.251392382015));
#9662=CARTESIAN_POINT('Ctrl Pts',(32.9009474178461,-2.89364554306884,107.254000181045));
#9663=CARTESIAN_POINT('Ctrl Pts',(32.8984704681375,-2.89360952433228,107.256604604461));
#9664=CARTESIAN_POINT('Ctrl Pts',(32.8984704681375,-2.89360952433228,107.256604604461));
#9665=CARTESIAN_POINT('Ctrl Pts',(33.0662164067877,-2.93991088998302,107.080225790996));
#9666=CARTESIAN_POINT('Ctrl Pts',(33.3451986623871,-2.98799753725843,106.637728928993));
#9667=CARTESIAN_POINT('Ctrl Pts',(33.6024061695449,-2.91430170704923,105.719306403848));
#9668=CARTESIAN_POINT('Ctrl Pts',(33.582300349506,-2.73243546627912,105.007304743719));
#9669=CARTESIAN_POINT('Ctrl Pts',(33.4895436437721,-2.58394574826872,104.599332596464));
#9670=CARTESIAN_POINT('Origin',(-33.5,-0.500000000000034,97.4118365096458));
#9671=CARTESIAN_POINT('',(-33.5,-0.0301536896070465,97.5828465813086));
#9672=CARTESIAN_POINT('Origin',(-33.5,-0.5,97.4118365096458));
#9673=CARTESIAN_POINT('',(-34.,0.439692620785892,97.7538566529715));
#9674=CARTESIAN_POINT('Origin',(-33.5,0.439692620785892,97.7538566529715));
#9675=CARTESIAN_POINT('',(-34.,0.5,97.4118365096458));
#9676=CARTESIAN_POINT('Origin',(-34.,-0.500000000000087,97.4118365096458));
#9677=CARTESIAN_POINT('Origin',(-33.5,0.5,97.4118365096458));
#9678=CARTESIAN_POINT('Origin',(-33.5,33.5734082092497,6.71972125103548));
#9679=CARTESIAN_POINT('',(-33.5,-2.48554906401843,104.328989928337));
#9680=CARTESIAN_POINT('',(-34.,-2.01570275362547,104.5));
#9681=CARTESIAN_POINT('Origin',(-33.5,-2.01570275362548,104.5));
#9682=CARTESIAN_POINT('',(-34.,33.5734082092497,6.71972125103548));
#9683=CARTESIAN_POINT('',(-33.5,33.1035618988568,6.54871117937265));
#9684=CARTESIAN_POINT('Ctrl Pts',(-33.5,-2.48554906401842,104.328989928337));
#9685=CARTESIAN_POINT('Ctrl Pts',(-33.5,-2.77141061754244,105.114388091735));
#9686=CARTESIAN_POINT('Ctrl Pts',(-33.0409164743199,-3.24608759707196,106.418552374527));
#9687=CARTESIAN_POINT('Ctrl Pts',(-31.5688707292632,-3.67226039909391,107.589452524868));
#9688=CARTESIAN_POINT('Ctrl Pts',(-30.5235987755983,-3.75944488395013,107.828989928337));
#9689=CARTESIAN_POINT('Ctrl Pts',(-30.,-3.75944488395013,107.828989928337));
#9690=CARTESIAN_POINT('Ctrl Pts',(-33.5747998250855,-2.48554906401842,104.328989928337));
#9691=CARTESIAN_POINT('Ctrl Pts',(-33.5784609859043,-2.7768200493856,105.129211723039));
#9692=CARTESIAN_POINT('Ctrl Pts',(-33.1169616230575,-3.2620096846312,106.462315351867));
#9693=CARTESIAN_POINT('Ctrl Pts',(-31.6124049123505,-3.70063907635626,107.667367172798));
#9694=CARTESIAN_POINT('Ctrl Pts',(-30.5381641309012,-3.79071305237914,107.914898515044));
#9695=CARTESIAN_POINT('Ctrl Pts',(-30.,-3.79071305237914,107.914898515044));
#9696=CARTESIAN_POINT('Ctrl Pts',(-33.7241117917906,-2.45338584470287,104.340696382806));
#9697=CARTESIAN_POINT('Ctrl Pts',(-33.7350506519085,-2.7522377084725,105.171695992584));
#9698=CARTESIAN_POINT('Ctrl Pts',(-33.2686757672532,-3.25264857171184,106.564524898954));
#9699=CARTESIAN_POINT('Ctrl Pts',(-31.6992041173127,-3.71008898283215,107.839831296316));
#9700=CARTESIAN_POINT('Ctrl Pts',(-30.5672179273675,-3.80465585556418,108.10367138469));
#9701=CARTESIAN_POINT('Ctrl Pts',(-30.,-3.80465585556418,108.10367138469));
#9702=CARTESIAN_POINT('Ctrl Pts',(-33.9343909623425,-2.29619918879931,104.397907646779));
#9703=CARTESIAN_POINT('Ctrl Pts',(-33.9506409256269,-2.59564603926881,105.275840415031));
#9704=CARTESIAN_POINT('Ctrl Pts',(-33.4669302201178,-3.09772479745363,106.753707268721));
#9705=CARTESIAN_POINT('Ctrl Pts',(-31.8072014275374,-3.55802424789216,108.116842467731));
#9706=CARTESIAN_POINT('Ctrl Pts',(-30.6032715103571,-3.65339867922665,108.400139713119));
#9707=CARTESIAN_POINT('Ctrl Pts',(-30.,-3.65339867922665,108.400139713119));
#9708=CARTESIAN_POINT('Ctrl Pts',(-34.,-2.12113601912881,104.461625429655));
#9709=CARTESIAN_POINT('Ctrl Pts',(-34.0087301399282,-2.41218190937363,105.35746135447));
#9710=CARTESIAN_POINT('Ctrl Pts',(-33.5010914801018,-2.89720042362299,106.855256699787));
#9711=CARTESIAN_POINT('Ctrl Pts',(-31.8155100990326,-3.3364771133295,108.219230288398));
#9712=CARTESIAN_POINT('Ctrl Pts',(-30.6060712342895,-3.42673158621387,108.5));
#9713=CARTESIAN_POINT('Ctrl Pts',(-30.,-3.42673158621387,108.5));
#9714=CARTESIAN_POINT('Ctrl Pts',(-34.,-2.01570275362547,104.5));
#9715=CARTESIAN_POINT('Ctrl Pts',(-34.,-2.30156430714949,105.397597901026));
#9716=CARTESIAN_POINT('Ctrl Pts',(-33.4753331135085,-2.776241286679,106.888071367074));
#9717=CARTESIAN_POINT('Ctrl Pts',(-31.7929951191579,-3.20241408870096,108.226242967464));
#9718=CARTESIAN_POINT('Ctrl Pts',(-30.5983986006838,-3.28959857355717,108.5));
#9719=CARTESIAN_POINT('Ctrl Pts',(-30.,-3.28959857355717,108.5));
#9720=CARTESIAN_POINT('',(-30.,-3.75944488395013,107.828989928337));
#9721=CARTESIAN_POINT('',(-30.,-3.28959857355717,108.5));
#9722=CARTESIAN_POINT('Origin',(-30.,-3.28959857355717,108.));
#9723=CARTESIAN_POINT('Origin',(-30.,-2.01570275362546,104.5));
#9724=CARTESIAN_POINT('Origin',(-30.,-2.48554906401842,104.328989928337));
#9725=CARTESIAN_POINT('Origin',(0.,-3.28959857355716,108.));
#9726=CARTESIAN_POINT('',(30.,-3.75944488395012,107.828989928337));
#9727=CARTESIAN_POINT('',(30.,-3.28959857355716,108.5));
#9728=CARTESIAN_POINT('Origin',(30.,-3.28959857355716,108.));
#9729=CARTESIAN_POINT('',(0.,-3.28959857355716,108.5));
#9730=CARTESIAN_POINT('',(0.,-3.75944488395012,107.828989928337));
#9731=CARTESIAN_POINT('Ctrl Pts',(30.,-3.75944488395013,107.828989928337));
#9732=CARTESIAN_POINT('Ctrl Pts',(30.7467392763639,-3.75944488395013,107.828989928337));
#9733=CARTESIAN_POINT('Ctrl Pts',(32.4914429104303,-3.54969100086024,107.252695870905));
#9734=CARTESIAN_POINT('Ctrl Pts',(33.4126386958226,-2.94525092944562,105.59201042328));
#9735=CARTESIAN_POINT('Ctrl Pts',(33.4895436437721,-2.58394574826872,104.599332596464));
#9736=CARTESIAN_POINT('Ctrl Pts',(30.,-3.79071305237914,107.914898515044));
#9737=CARTESIAN_POINT('Ctrl Pts',(30.7675119049218,-3.79071305237914,107.914898515044));
#9738=CARTESIAN_POINT('Ctrl Pts',(32.5596043862454,-3.57360380103504,107.318379612194));
#9739=CARTESIAN_POINT('Ctrl Pts',(33.4916350671439,-2.9542144227747,105.616586917728));
#9740=CARTESIAN_POINT('Ctrl Pts',(33.5654008600184,-2.58583452386831,104.604521964774));
#9741=CARTESIAN_POINT('Ctrl Pts',(30.,-3.80465585502634,108.10367138397));
#9742=CARTESIAN_POINT('Ctrl Pts',(30.8089474696328,-3.80465585502634,108.10367138397));
#9743=CARTESIAN_POINT('Ctrl Pts',(32.6955260378566,-3.57611290313068,107.465765357287));
#9744=CARTESIAN_POINT('Ctrl Pts',(33.6492641651145,-2.93469265054884,105.679276451767));
#9745=CARTESIAN_POINT('Ctrl Pts',(33.7168061954707,-2.5563335145714,104.626989160423));
#9746=CARTESIAN_POINT('Ctrl Pts',(30.,-3.65339867843776,108.40013971159));
#9747=CARTESIAN_POINT('Ctrl Pts',(30.8603658986412,-3.65339867843776,108.40013971159));
#9748=CARTESIAN_POINT('Ctrl Pts',(32.8658816706789,-3.42279633879714,107.714202780052));
#9749=CARTESIAN_POINT('Ctrl Pts',(33.8630540035554,-2.77857409502149,105.813143456751));
#9750=CARTESIAN_POINT('Ctrl Pts',(33.9283243653003,-2.39936785094201,104.700506770473));
#9751=CARTESIAN_POINT('Ctrl Pts',(30.,-3.42673158621387,108.5));
#9752=CARTESIAN_POINT('Ctrl Pts',(30.8643587724229,-3.42673158621387,108.5));
#9753=CARTESIAN_POINT('Ctrl Pts',(32.8813588960265,-3.20901917904949,107.821559541085));
#9754=CARTESIAN_POINT('Ctrl Pts',(33.9144723777675,-2.58948417692385,105.904070545258));
#9755=CARTESIAN_POINT('Ctrl Pts',(33.9910558607394,-2.22134353237308,104.770162271179));
#9756=CARTESIAN_POINT('Ctrl Pts',(30.,-3.28959857355717,108.5));
#9757=CARTESIAN_POINT('Ctrl Pts',(30.8534163158445,-3.28959857355717,108.5));
#9758=CARTESIAN_POINT('Ctrl Pts',(32.847363326206,-3.07984469046729,107.841378220077));
#9759=CARTESIAN_POINT('Ctrl Pts',(33.9001585095115,-2.47540461905267,105.94345199422));
#9760=CARTESIAN_POINT('Ctrl Pts',(33.9880498785966,-2.11409943787577,104.808963049288));
#9761=CARTESIAN_POINT('Origin',(30.,-2.01570275362546,104.5));
#9762=CARTESIAN_POINT('Origin',(30.,-2.48554906401842,104.328989928337));
#9763=CARTESIAN_POINT('Origin',(-33.5,-0.500000000000002,-95.4341737512063));
#9764=CARTESIAN_POINT('',(-33.5,-0.0170370868554626,-95.5635832737576));
#9765=CARTESIAN_POINT('Origin',(-33.5,-0.5,-95.4341737512063));
#9766=CARTESIAN_POINT('',(-34.,0.5,-95.4341737512063));
#9767=CARTESIAN_POINT('Origin',(-33.5,0.5,-95.4341737512063));
#9768=CARTESIAN_POINT('',(-34.,0.465925826289072,-95.6929927963088));
#9769=CARTESIAN_POINT('Origin',(-34.,-0.500000000000048,-95.4341737512063));
#9770=CARTESIAN_POINT('Origin',(-33.5,0.465925826289072,-95.6929927963088));
#9771=CARTESIAN_POINT('Origin',(-33.5,0.5,-54.25));
#9772=CARTESIAN_POINT('',(-34.,0.5,-54.25));
#9773=CARTESIAN_POINT('Ctrl Pts',(33.4462855645952,-2.54053951238903,-104.981422538872));
#9774=CARTESIAN_POINT('Ctrl Pts',(33.3245227760924,-2.72461521823481,-105.668402425528));
#9775=CARTESIAN_POINT('Ctrl Pts',(32.5470955419389,-3.13117663649011,-107.185710294854));
#9776=CARTESIAN_POINT('Ctrl Pts',(30.9302497072968,-3.31468972832853,-107.870590477449));
#9777=CARTESIAN_POINT('Ctrl Pts',(30.,-3.31468972832853,-107.870590477449));
#9778=CARTESIAN_POINT('Ctrl Pts',(33.5221335172531,-2.54390040344176,-104.99396555504));
#9779=CARTESIAN_POINT('Ctrl Pts',(33.4002554055635,-2.73188043832716,-105.695480826126));
#9780=CARTESIAN_POINT('Ctrl Pts',(32.6116134157584,-3.14816747985951,-107.249069027615));
#9781=CARTESIAN_POINT('Ctrl Pts',(30.9542782825642,-3.33727595084807,-107.954883407443));
#9782=CARTESIAN_POINT('Ctrl Pts',(30.,-3.33727595084807,-107.954883407443));
#9783=CARTESIAN_POINT('Ctrl Pts',(33.6735077011969,-2.51558760022941,-105.028382053163));
#9784=CARTESIAN_POINT('Ctrl Pts',(33.5513752191896,-2.70910059495446,-105.759524785962));
#9785=CARTESIAN_POINT('Ctrl Pts',(32.7402962962551,-3.13949877312306,-107.386869943161));
#9786=CARTESIAN_POINT('Ctrl Pts',(31.0022244293191,-3.33708190068346,-108.135040887749));
#9787=CARTESIAN_POINT('Ctrl Pts',(30.,-3.33708190068346,-108.135040887749));
#9788=CARTESIAN_POINT('Ctrl Pts',(33.8837528909531,-2.35441812304196,-105.108831898816));
#9789=CARTESIAN_POINT('Ctrl Pts',(33.7578741708701,-2.54842619430274,-105.882366994497));
#9790=CARTESIAN_POINT('Ctrl Pts',(32.907528446174,-2.98040553735905,-107.609675881189));
#9791=CARTESIAN_POINT('Ctrl Pts',(31.0638351291752,-3.17929153693463,-108.409458827264));
#9792=CARTESIAN_POINT('Ctrl Pts',(30.,-3.17929153693463,-108.409458827264));
#9793=CARTESIAN_POINT('Ctrl Pts',(33.943751150908,-2.16918469108522,-105.169099354932));
#9794=CARTESIAN_POINT('Ctrl Pts',(33.8104294238933,-2.35705470741864,-105.955421165423));
#9795=CARTESIAN_POINT('Ctrl Pts',(32.934181358674,-2.77328906344964,-107.701819979921));
#9796=CARTESIAN_POINT('Ctrl Pts',(31.0727594998792,-2.96262650908358,-108.5));
#9797=CARTESIAN_POINT('Ctrl Pts',(30.,-2.96262650908358,-108.5));
#9798=CARTESIAN_POINT('Ctrl Pts',(33.9386120738231,-2.0575765992445,-105.198093784484));
#9799=CARTESIAN_POINT('Ctrl Pts',(33.7994546012484,-2.24165230509027,-105.983213654947));
#9800=CARTESIAN_POINT('Ctrl Pts',(32.9109663336444,-2.64821372334558,-107.71727979132));
#9801=CARTESIAN_POINT('Ctrl Pts',(31.0631425226249,-2.831726815184,-108.5));
#9802=CARTESIAN_POINT('Ctrl Pts',(30.,-2.831726815184,-108.5));
#9803=CARTESIAN_POINT('',(30.,-3.31468972832854,-107.870590477449));
#9804=CARTESIAN_POINT('Origin',(30.,-2.37686755481961,-104.370590477449));
#9805=CARTESIAN_POINT('',(30.,-2.83172681518399,-108.5));
#9806=CARTESIAN_POINT('Origin',(30.,-2.831726815184,-108.));
#9807=CARTESIAN_POINT('Origin',(30.,-1.89390464167507,-104.5));
#9808=CARTESIAN_POINT('Origin',(34.,-2.83172681518399,-108.));
#9809=CARTESIAN_POINT('',(-30.,-3.31468972832853,-107.870590477449));
#9810=CARTESIAN_POINT('',(-30.,-2.83172681518399,-108.5));
#9811=CARTESIAN_POINT('Origin',(-30.,-2.83172681518399,-108.));
#9812=CARTESIAN_POINT('',(34.,-2.83172681518399,-108.5));
#9813=CARTESIAN_POINT('',(34.,-3.31468972832853,-107.870590477449));
#9814=CARTESIAN_POINT('Ctrl Pts',(-30.,-3.31468972832853,-107.870590477449));
#9815=CARTESIAN_POINT('Ctrl Pts',(-30.7853981633975,-3.31468972832853,-107.870590477449));
#9816=CARTESIAN_POINT('Ctrl Pts',(-32.6207933177427,-3.14317393009666,-107.230484804147));
#9817=CARTESIAN_POINT('Ctrl Pts',(-33.5,-2.65746329297857,-105.417788028645));
#9818=CARTESIAN_POINT('Ctrl Pts',(-33.5,-2.37686755481959,-104.370590477449));
#9819=CARTESIAN_POINT('Ctrl Pts',(-30.,-3.33727595084806,-107.954883407443));
#9820=CARTESIAN_POINT('Ctrl Pts',(-30.8056851881996,-3.33727595084806,-107.954883407443));
#9821=CARTESIAN_POINT('Ctrl Pts',(-32.6877119863016,-3.16041165938651,-107.294800608058));
#9822=CARTESIAN_POINT('Ctrl Pts',(-33.5784938692934,-2.66307368098403,-105.438674734349));
#9823=CARTESIAN_POINT('Ctrl Pts',(-33.5747998250855,-2.37686755481959,-104.370590477449));
#9824=CARTESIAN_POINT('Ctrl Pts',(-30.,-3.33708190045758,-108.135040887432));
#9825=CARTESIAN_POINT('Ctrl Pts',(-30.8461655187043,-3.33708190045758,-108.135040887432));
#9826=CARTESIAN_POINT('Ctrl Pts',(-32.8212010266887,-3.15210483681535,-107.434512362001));
#9827=CARTESIAN_POINT('Ctrl Pts',(-33.7351489273615,-2.63787508499257,-105.490142716681));
#9828=CARTESIAN_POINT('Ctrl Pts',(-33.72411181786,-2.34380645672198,-104.379449171985));
#9829=CARTESIAN_POINT('Ctrl Pts',(-30.,-3.17929153660721,-108.409458826601));
#9830=CARTESIAN_POINT('Ctrl Pts',(-30.8981826600514,-3.1792915366072,-108.409458826601));
#9831=CARTESIAN_POINT('Ctrl Pts',(-32.9939592293132,-2.99305244782449,-107.660207237163));
#9832=CARTESIAN_POINT('Ctrl Pts',(-33.9507869294437,-2.47691737772034,-105.596137492257));
#9833=CARTESIAN_POINT('Ctrl Pts',(-33.9343910141258,-2.18223165945932,-104.422743008429));
#9834=CARTESIAN_POINT('Ctrl Pts',(-30.,-2.96262650908357,-108.5));
#9835=CARTESIAN_POINT('Ctrl Pts',(-30.9057173943335,-2.96262650908357,-108.5));
#9836=CARTESIAN_POINT('Ctrl Pts',(-33.0204457949163,-2.78550229954417,-107.752943554948));
#9837=CARTESIAN_POINT('Ctrl Pts',(-34.0088085512853,-2.28825393488733,-105.666483652208));
#9838=CARTESIAN_POINT('Ctrl Pts',(-34.,-2.002281265953,-104.470960571046));
#9839=CARTESIAN_POINT('Ctrl Pts',(-30.,-2.83172681518399,-108.5));
#9840=CARTESIAN_POINT('Ctrl Pts',(-30.8975979010257,-2.831726815184,-108.5));
#9841=CARTESIAN_POINT('Ctrl Pts',(-32.9951923631344,-2.66021101695213,-107.768450659083));
#9842=CARTESIAN_POINT('Ctrl Pts',(-34.,-2.17450037983404,-105.696797201368));
#9843=CARTESIAN_POINT('Ctrl Pts',(-34.,-1.89390464167506,-104.5));
#9844=CARTESIAN_POINT('',(-33.5,-2.3768675548196,-104.370590477449));
#9845=CARTESIAN_POINT('',(-34.,-1.89390464167506,-104.5));
#9846=CARTESIAN_POINT('Origin',(-33.5,-1.89390464167506,-104.5));
#9847=CARTESIAN_POINT('Origin',(-30.,-1.89390464167506,-104.5));
#9848=CARTESIAN_POINT('Origin',(-30.,-2.3768675548196,-104.370590477449));
#9849=CARTESIAN_POINT('Origin',(-33.5,-2.88370683765777,-108.193992084851));
#9850=CARTESIAN_POINT('',(-34.,-2.88370683765777,-108.193992084851));
#9851=CARTESIAN_POINT('',(-33.5,-3.36666975080231,-108.064582562299));
#9852=CARTESIAN_POINT('Origin',(17.,-0.5,-95.4341737512063));
#9853=CARTESIAN_POINT('',(-25.3710055948961,-0.0170370868554626,-95.5635832737576));
#9854=CARTESIAN_POINT('Origin',(-25.3710055948961,-0.5,-95.4341737512063));
#9855=CARTESIAN_POINT('',(17.,-0.0170370868554626,-95.5635832737576));
#9856=CARTESIAN_POINT('Origin',(17.,-0.5,97.4118365096458));
#9857=CARTESIAN_POINT('',(17.,-0.0301536896070489,97.5828465813086));
#9858=CARTESIAN_POINT('Ctrl Pts',(-21.75,-0.167413908517847,-96.1247972124823));
#9859=CARTESIAN_POINT('Ctrl Pts',(-22.42544183959,-0.167413908517847,-96.1247972124823));
#9860=CARTESIAN_POINT('Ctrl Pts',(-23.4360276413546,-0.131881418513056,
-95.992188154465));
#9861=CARTESIAN_POINT('Ctrl Pts',(-24.5762411066493,-0.0513504115871409,
-95.6916423450328));
#9862=CARTESIAN_POINT('Ctrl Pts',(-25.0711896780277,-0.0230363447601892,
-95.5859728090657));
#9863=CARTESIAN_POINT('Ctrl Pts',(-25.2392638186227,-0.0188235674285397,
-95.570250510023));
#9864=CARTESIAN_POINT('Ctrl Pts',(-21.75,-0.136640229906,-96.0099482803671));
#9865=CARTESIAN_POINT('Ctrl Pts',(-22.4154130457825,-0.136640229905999,
-96.0099482803671));
#9866=CARTESIAN_POINT('Ctrl Pts',(-23.4109735298977,-0.103984804215955,
-95.8885992873411));
#9867=CARTESIAN_POINT('Ctrl Pts',(-24.5551960630614,-0.0315724984751878,
-95.617723594));
#9868=CARTESIAN_POINT('Ctrl Pts',(-25.0607385179099,-0.00800598916246135,
-95.5299102597216));
#9869=CARTESIAN_POINT('Ctrl Pts',(-25.2344025658308,-0.00583165570175304,
-95.5217640353712));
#9870=CARTESIAN_POINT('Ctrl Pts',(-21.75,-0.148613334355268,-95.8841640444742));
#9871=CARTESIAN_POINT('Ctrl Pts',(-22.4054326125666,-0.148613334355267,
-95.8841640444742));
#9872=CARTESIAN_POINT('Ctrl Pts',(-23.3860032886982,-0.111431903257007,
-95.7758201916327));
#9873=CARTESIAN_POINT('Ctrl Pts',(-24.5341590912516,-0.0295817300564248,
-95.5390701179103));
#9874=CARTESIAN_POINT('Ctrl Pts',(-25.0502894324296,-0.00288913151235573,
-95.4712053718249));
#9875=CARTESIAN_POINT('Ctrl Pts',(-25.2295419893141,-0.00026736291187912,
-95.4712945657248));
#9876=CARTESIAN_POINT('Ctrl Pts',(-21.75,-0.200502428883176,-95.7771835865747));
#9877=CARTESIAN_POINT('Ctrl Pts',(-22.3978696241537,-0.200502428883176,
-95.7771835865747));
#9878=CARTESIAN_POINT('Ctrl Pts',(-23.3664020807449,-0.153125775543454,
-95.6751956699161));
#9879=CARTESIAN_POINT('Ctrl Pts',(-24.5150638539847,-0.0457510996422365,
-95.4633067551373));
#9880=CARTESIAN_POINT('Ctrl Pts',(-25.0403862808278,-0.00799901053962927,
-95.4132549098388));
#9881=CARTESIAN_POINT('Ctrl Pts',(-25.224901594085,-0.00238197409742971,
-95.421121316629));
#9882=CARTESIAN_POINT('',(-25.224901594085,-0.00238197409742985,-95.421121316629));
#9883=CARTESIAN_POINT('',(-25.2392638186227,-0.0188235674285397,-95.570250510023));
#9884=CARTESIAN_POINT('Origin',(-25.2392638186227,-0.501786480573072,-95.4408409874718));
#9885=CARTESIAN_POINT('',(-21.75,-0.167413908517847,-96.1247972124823));
#9886=CARTESIAN_POINT('Ctrl Pts',(-25.2392638186227,-0.0188235674285397,
-95.570250510023));
#9887=CARTESIAN_POINT('Ctrl Pts',(-25.0711896780277,-0.0230363447601892,
-95.5859728090657));
#9888=CARTESIAN_POINT('Ctrl Pts',(-24.5762411066493,-0.0513504115871409,
-95.6916423450328));
#9889=CARTESIAN_POINT('Ctrl Pts',(-23.4360276413546,-0.131881418513056,
-95.992188154465));
#9890=CARTESIAN_POINT('Ctrl Pts',(-22.42544183959,-0.167413908517847,-96.1247972124823));
#9891=CARTESIAN_POINT('Ctrl Pts',(-21.75,-0.167413908517847,-96.1247972124823));
#9892=CARTESIAN_POINT('',(-21.75,-0.200502428883174,-95.7771835865747));
#9893=CARTESIAN_POINT('Origin',(-21.75,-0.650376821662379,-95.9953876899311));
#9894=CARTESIAN_POINT('Ctrl Pts',(-21.75,-0.200502428883176,-95.7771835865747));
#9895=CARTESIAN_POINT('Ctrl Pts',(-22.3978696241537,-0.200502428883176,
-95.7771835865747));
#9896=CARTESIAN_POINT('Ctrl Pts',(-23.3664020807449,-0.153125775543454,
-95.6751956699161));
#9897=CARTESIAN_POINT('Ctrl Pts',(-24.5150638539847,-0.0457510996422365,
-95.4633067551373));
#9898=CARTESIAN_POINT('Ctrl Pts',(-25.0403862808278,-0.00799901053962927,
-95.4132549098388));
#9899=CARTESIAN_POINT('Ctrl Pts',(-25.224901594085,-0.00238197409742971,
-95.421121316629));
#9900=CARTESIAN_POINT('Origin',(-12.875,-0.650376821662381,-95.995387689931));
#9901=CARTESIAN_POINT('',(21.75,-0.167413908517844,-96.1247972124823));
#9902=CARTESIAN_POINT('',(21.75,-0.200502428883175,-95.7771835865747));
#9903=CARTESIAN_POINT('Origin',(21.75,-0.650376821662381,-95.995387689931));
#9904=CARTESIAN_POINT('',(-12.875,-0.200502428883178,-95.7771835865747));
#9905=CARTESIAN_POINT('',(-12.875,-0.167413908517844,-96.1247972124823));
#9906=CARTESIAN_POINT('Ctrl Pts',(25.2392638186228,-0.0188235674285397,
-95.570250510023));
#9907=CARTESIAN_POINT('Ctrl Pts',(24.9031017584281,-0.0272494674625056,
-95.6016963970493));
#9908=CARTESIAN_POINT('Ctrl Pts',(24.4146086563152,-0.0635177255693175,
-95.7370513790059));
#9909=CARTESIAN_POINT('Ctrl Pts',(23.2665966482322,-0.135926458578237,-96.0072844495069));
#9910=CARTESIAN_POINT('Ctrl Pts',(22.4254695265268,-0.16741390851785,-96.1247972124823));
#9911=CARTESIAN_POINT('Ctrl Pts',(21.75,-0.16741390851785,-96.1247972124823));
#9912=CARTESIAN_POINT('Ctrl Pts',(25.2344025658308,-0.0058316557017547,
-95.5217640353712));
#9913=CARTESIAN_POINT('Ctrl Pts',(24.8870602327144,-0.0101805008787344,
-95.5380571519134));
#9914=CARTESIAN_POINT('Ctrl Pts',(24.3924683003785,-0.0425023574487036,
-95.6584951679143));
#9915=CARTESIAN_POINT('Ctrl Pts',(23.2436223471421,-0.107381681368956,-95.9013313345203));
#9916=CARTESIAN_POINT('Ctrl Pts',(22.4154403216305,-0.136640229906004,-96.0099482803671));
#9917=CARTESIAN_POINT('Ctrl Pts',(21.75,-0.136640229906004,-96.0099482803671));
#9918=CARTESIAN_POINT('Ctrl Pts',(25.2295419893142,-0.000267362911880632,
-95.4712945657249));
#9919=CARTESIAN_POINT('Ctrl Pts',(24.8710221801149,-0.00551111504989205,
-95.4711161706126));
#9920=CARTESIAN_POINT('Ctrl Pts',(24.3703470269158,-0.041922706095927,-95.5745193360276));
#9921=CARTESIAN_POINT('Ctrl Pts',(23.2207284761456,-0.115385809680744,-95.7859161797825));
#9922=CARTESIAN_POINT('Ctrl Pts',(22.4054594793082,-0.14861333435527,-95.8841640444742));
#9923=CARTESIAN_POINT('Ctrl Pts',(21.75,-0.14861333435527,-95.8841640444742));
#9924=CARTESIAN_POINT('Ctrl Pts',(25.224901594085,-0.00238197409742916,
-95.421121316629));
#9925=CARTESIAN_POINT('Ctrl Pts',(24.8558558406907,-0.01361650747605,-95.4053878581473));
#9926=CARTESIAN_POINT('Ctrl Pts',(24.3507884510656,-0.0619741849517976,
-95.4947343867804));
#9927=CARTESIAN_POINT('Ctrl Pts',(23.2026781554198,-0.158519162297024,-95.6838005614233));
#9928=CARTESIAN_POINT('Ctrl Pts',(22.3978961808819,-0.200502428883173,-95.7771835865747));
#9929=CARTESIAN_POINT('Ctrl Pts',(21.75,-0.200502428883173,-95.7771835865747));
#9930=CARTESIAN_POINT('',(25.2392638186228,-0.0188235674285397,-95.570250510023));
#9931=CARTESIAN_POINT('Ctrl Pts',(21.75,-0.16741390851785,-96.1247972124823));
#9932=CARTESIAN_POINT('Ctrl Pts',(22.4254695265268,-0.16741390851785,-96.1247972124823));
#9933=CARTESIAN_POINT('Ctrl Pts',(23.2665966482322,-0.135926458578237,-96.0072844495069));
#9934=CARTESIAN_POINT('Ctrl Pts',(24.4146086563152,-0.0635177255693175,
-95.7370513790059));
#9935=CARTESIAN_POINT('Ctrl Pts',(24.9031017584281,-0.0272494674625056,
-95.6016963970493));
#9936=CARTESIAN_POINT('Ctrl Pts',(25.2392638186228,-0.0188235674285397,
-95.570250510023));
#9937=CARTESIAN_POINT('',(25.224901594085,-0.00238197409742902,-95.421121316629));
#9938=CARTESIAN_POINT('Origin',(25.2392638186228,-0.501786480573072,-95.4408409874718));
#9939=CARTESIAN_POINT('Ctrl Pts',(25.224901594085,-0.00238197409742916,
-95.421121316629));
#9940=CARTESIAN_POINT('Ctrl Pts',(24.8558558406907,-0.01361650747605,-95.4053878581473));
#9941=CARTESIAN_POINT('Ctrl Pts',(24.3507884510656,-0.0619741849517976,
-95.4947343867804));
#9942=CARTESIAN_POINT('Ctrl Pts',(23.2026781554198,-0.158519162297024,-95.6838005614233));
#9943=CARTESIAN_POINT('Ctrl Pts',(22.3978961808819,-0.200502428883173,-95.7771835865747));
#9944=CARTESIAN_POINT('Ctrl Pts',(21.75,-0.200502428883173,-95.7771835865747));
#9945=CARTESIAN_POINT('Ctrl Pts',(-25.3710055948961,0.,-95.4341737512063));
#9946=CARTESIAN_POINT('Ctrl Pts',(-25.3216734266409,2.3796877353079E-16,
-95.4271173980226));
#9947=CARTESIAN_POINT('Ctrl Pts',(-25.272971400453,-0.000918627509157994,
-95.4231706676804));
#9948=CARTESIAN_POINT('Ctrl Pts',(-25.224901594085,-0.00238197409742902,
-95.421121316629));
#9949=CARTESIAN_POINT('Ctrl Pts',(-25.3710055948961,0.,-95.4778069825062));
#9950=CARTESIAN_POINT('Ctrl Pts',(-25.3234127751197,0.000617287247650644,
-95.4731028560707));
#9951=CARTESIAN_POINT('Ctrl Pts',(-25.2762407459013,0.000415658495621932,
-95.4713178024602));
#9952=CARTESIAN_POINT('Ctrl Pts',(-25.2295419893141,-0.000267362911880485,
-95.4712945657249));
#9953=CARTESIAN_POINT('Ctrl Pts',(-25.3710055948961,-0.00574397559569976,
-95.5214368087606));
#9954=CARTESIAN_POINT('Ctrl Pts',(-25.3252133975751,-0.00513370660474537,
-95.5191650239689));
#9955=CARTESIAN_POINT('Ctrl Pts',(-25.2796454077894,-0.00526519979849805,
-95.5196417864357));
#9956=CARTESIAN_POINT('Ctrl Pts',(-25.2344025658308,-0.00583165570175463,
-95.5217640353712));
#9957=CARTESIAN_POINT('Ctrl Pts',(-25.3710055948961,-0.0170370868554676,
-95.5635832737576));
#9958=CARTESIAN_POINT('Ctrl Pts',(-25.3270141804861,-0.0170370868554675,
-95.5635832737576));
#9959=CARTESIAN_POINT('Ctrl Pts',(-25.2830503816524,-0.0177260574873364,
-95.5661545471607));
#9960=CARTESIAN_POINT('Ctrl Pts',(-25.2392638186227,-0.0188235674285397,
-95.570250510023));
#9961=CARTESIAN_POINT('Ctrl Pts',(-25.224901594085,-0.00238197409742902,
-95.421121316629));
#9962=CARTESIAN_POINT('Ctrl Pts',(-25.272971400453,-0.000918627509157994,
-95.4231706676804));
#9963=CARTESIAN_POINT('Ctrl Pts',(-25.3216734266409,2.3796877353079E-16,
-95.4271173980226));
#9964=CARTESIAN_POINT('Ctrl Pts',(-25.3710055948961,0.,-95.4341737512063));
#9965=CARTESIAN_POINT('Ctrl Pts',(-25.3710055948961,-0.0170370868554676,
-95.5635832737576));
#9966=CARTESIAN_POINT('Ctrl Pts',(-25.3270141804861,-0.0170370868554675,
-95.5635832737576));
#9967=CARTESIAN_POINT('Ctrl Pts',(-25.2830503816524,-0.0177260574873364,
-95.5661545471607));
#9968=CARTESIAN_POINT('Ctrl Pts',(-25.2392638186227,-0.0188235674285397,
-95.570250510023));
#9969=CARTESIAN_POINT('Origin',(17.,-0.5,-95.4341737512063));
#9970=CARTESIAN_POINT('',(25.3710055948961,-0.0170370868554626,-95.5635832737576));
#9971=CARTESIAN_POINT('Origin',(25.3710055948961,-0.5,-95.4341737512063));
#9972=CARTESIAN_POINT('',(17.,-0.0170370868554626,-95.5635832737576));
#9973=CARTESIAN_POINT('Ctrl Pts',(25.224901594085,-0.00238197409742902,
-95.421121316629));
#9974=CARTESIAN_POINT('Ctrl Pts',(25.272971400453,-0.000918627509157965,
-95.4231706676804));
#9975=CARTESIAN_POINT('Ctrl Pts',(25.3216734266409,2.37968773530754E-16,
-95.4271173980226));
#9976=CARTESIAN_POINT('Ctrl Pts',(25.3710055948961,0.,-95.4341737512063));
#9977=CARTESIAN_POINT('Ctrl Pts',(25.2295419893142,-0.000267362911880493,
-95.4712945657249));
#9978=CARTESIAN_POINT('Ctrl Pts',(25.2762407459014,0.000415658495621914,
-95.4713178024602));
#9979=CARTESIAN_POINT('Ctrl Pts',(25.3234127751197,0.000617287247650549,
-95.4731028560707));
#9980=CARTESIAN_POINT('Ctrl Pts',(25.3710055948961,0.,-95.4778069825062));
#9981=CARTESIAN_POINT('Ctrl Pts',(25.2344025658308,-0.00583165570175456,
-95.5217640353712));
#9982=CARTESIAN_POINT('Ctrl Pts',(25.2796454077895,-0.00526519979849801,
-95.5196417864357));
#9983=CARTESIAN_POINT('Ctrl Pts',(25.3252133975751,-0.00513370660474541,
-95.5191650239689));
#9984=CARTESIAN_POINT('Ctrl Pts',(25.3710055948961,-0.00574397559569976,
-95.5214368087606));
#9985=CARTESIAN_POINT('Ctrl Pts',(25.2392638186228,-0.0188235674285396,
-95.570250510023));
#9986=CARTESIAN_POINT('Ctrl Pts',(25.2830503816524,-0.0177260574873363,
-95.5661545471607));
#9987=CARTESIAN_POINT('Ctrl Pts',(25.3270141804861,-0.0170370868554674,
-95.5635832737576));
#9988=CARTESIAN_POINT('Ctrl Pts',(25.3710055948961,-0.0170370868554676,
-95.5635832737576));
#9989=CARTESIAN_POINT('Ctrl Pts',(25.3710055948961,0.,-95.4341737512063));
#9990=CARTESIAN_POINT('Ctrl Pts',(25.3216734266409,2.37968773530754E-16,
-95.4271173980226));
#9991=CARTESIAN_POINT('Ctrl Pts',(25.272971400453,-0.000918627509157965,
-95.4231706676804));
#9992=CARTESIAN_POINT('Ctrl Pts',(25.224901594085,-0.00238197409742902,
-95.421121316629));
#9993=CARTESIAN_POINT('Ctrl Pts',(25.2392638186228,-0.0188235674285396,
-95.570250510023));
#9994=CARTESIAN_POINT('Ctrl Pts',(25.2830503816524,-0.0177260574873363,
-95.5661545471607));
#9995=CARTESIAN_POINT('Ctrl Pts',(25.3270141804861,-0.0170370868554674,
-95.5635832737576));
#9996=CARTESIAN_POINT('Ctrl Pts',(25.3710055948961,-0.0170370868554676,
-95.5635832737576));
#9997=CARTESIAN_POINT('Origin',(-30.,0.,104.5));
#9998=CARTESIAN_POINT('',(-30.,1.5,108.5));
#9999=CARTESIAN_POINT('',(-30.,0.,108.5));
#10000=CARTESIAN_POINT('',(-34.,1.5,104.5));
#10001=CARTESIAN_POINT('Origin',(-30.,1.5,104.5));
#10002=CARTESIAN_POINT('',(-34.,0.,104.5));
#10003=CARTESIAN_POINT('Origin',(-34.,0.,108.5));
#10004=CARTESIAN_POINT('',(30.,1.5,108.5));
#10005=CARTESIAN_POINT('',(30.,0.,108.5));
#10006=CARTESIAN_POINT('',(-17.,1.5,108.5));
#10007=CARTESIAN_POINT('Origin',(30.,0.,104.5));
#10008=CARTESIAN_POINT('',(34.,1.5,104.5));
#10009=CARTESIAN_POINT('',(34.,0.,104.5));
#10010=CARTESIAN_POINT('Origin',(30.,1.5,104.5));
#10011=CARTESIAN_POINT('Origin',(34.,0.,97.5));
#10012=CARTESIAN_POINT('Origin',(-21.75,-2.,-90.65));
#10013=CARTESIAN_POINT('',(-24.1049003281573,-2.,-93.8833333333334));
#10014=CARTESIAN_POINT('Origin',(-25.282350492236,-2.,-95.5));
#10015=CARTESIAN_POINT('',(-25.75,-2.,-90.65));
#10016=CARTESIAN_POINT('Origin',(-21.75,-2.,-90.65));
#10017=CARTESIAN_POINT('Origin',(-27.75,-2.,-90.65));
#10018=CARTESIAN_POINT('Origin',(-21.75,-2.,-90.65));
#10019=CARTESIAN_POINT('',(-21.75,-2.,-94.65));
#10020=CARTESIAN_POINT('Origin',(-21.75,-2.,-96.65));
#10021=CARTESIAN_POINT('Origin',(-21.75,-2.,-90.65));
#10022=CARTESIAN_POINT('Origin',(-12.875,-2.,-96.65));
#10023=CARTESIAN_POINT('',(21.75,-2.,-94.65));
#10024=CARTESIAN_POINT('Origin',(21.75,-2.,-96.65));
#10025=CARTESIAN_POINT('',(-12.875,-2.,-94.65));
#10026=CARTESIAN_POINT('Origin',(21.75,-2.,-90.65));
#10027=CARTESIAN_POINT('',(24.1049003281574,-2.,-93.8833333333334));
#10028=CARTESIAN_POINT('Origin',(25.282350492236,-2.,-95.5));
#10029=CARTESIAN_POINT('Origin',(21.75,-2.,-90.65));
#10030=CARTESIAN_POINT('Origin',(21.75,-2.,-90.65));
#10031=CARTESIAN_POINT('',(25.75,-2.,-90.65));
#10032=CARTESIAN_POINT('Origin',(27.75,-2.,-90.65));
#10033=CARTESIAN_POINT('Origin',(21.75,-2.,-90.65));
#10034=CARTESIAN_POINT('Origin',(-33.,2.5,-54.25));
#10035=CARTESIAN_POINT('',(-34.,1.5,104.5));
#10036=CARTESIAN_POINT('',(-34.,1.5,-104.5));
#10037=CARTESIAN_POINT('',(-32.,3.5,-104.5));
#10038=CARTESIAN_POINT('',(-34.,1.5,-54.25));
#10039=CARTESIAN_POINT('Origin',(-30.,2.5,104.5));
#10040=CARTESIAN_POINT('',(-30.,1.5,108.5));
#10041=CARTESIAN_POINT('Origin',(-17.,2.5,107.5));
#10042=CARTESIAN_POINT('',(30.,1.5,108.5));
#10043=CARTESIAN_POINT('Origin',(30.,2.5,104.5));
#10044=CARTESIAN_POINT('',(34.,1.5,104.5));
#10045=CARTESIAN_POINT('Origin',(33.,2.5,54.25));
#10046=CARTESIAN_POINT('',(34.,1.5,-104.5));
#10047=CARTESIAN_POINT('',(34.,1.5,-104.5));
#10048=CARTESIAN_POINT('',(34.,1.5,54.25));
#10049=CARTESIAN_POINT('Origin',(30.,2.5,-104.5));
#10050=CARTESIAN_POINT('',(30.,1.5,-108.5));
#10051=CARTESIAN_POINT('Origin',(30.,1.5,-104.5));
#10052=CARTESIAN_POINT('',(30.,1.5,-108.5));
#10053=CARTESIAN_POINT('Origin',(17.,2.5,-107.5));
#10054=CARTESIAN_POINT('',(-30.,1.5,-108.5));
#10055=CARTESIAN_POINT('',(-30.,1.5,-108.5));
#10056=CARTESIAN_POINT('',(17.,1.5,-108.5));
#10057=CARTESIAN_POINT('Origin',(-30.,2.5,-104.5));
#10058=CARTESIAN_POINT('Origin',(-30.,1.5,-104.5));
#10059=CARTESIAN_POINT('Origin',(-34.,0.,-108.5));
#10060=CARTESIAN_POINT('',(-34.,0.,-104.5));
#10061=CARTESIAN_POINT('Origin',(22.9,3.2,-43.25));
#10062=CARTESIAN_POINT('',(22.6,2.9,-86.5));
#10063=CARTESIAN_POINT('',(23.2,3.5,-87.1));
#10064=CARTESIAN_POINT('',(22.6,2.9,-41.3));
#10065=CARTESIAN_POINT('',(22.6,2.9,-43.25));
#10066=CARTESIAN_POINT('',(23.2,3.5,-40.7));
#10067=CARTESIAN_POINT('Origin',(-11.3,3.2,-86.8));
#10068=CARTESIAN_POINT('',(-22.6,2.9,-86.5));
#10069=CARTESIAN_POINT('',(-23.2,3.5,-87.1));
#10070=CARTESIAN_POINT('',(-11.3,2.9,-86.5));
#10071=CARTESIAN_POINT('Origin',(-22.9,3.2,-20.65));
#10072=CARTESIAN_POINT('',(-22.6,2.9,-41.3));
#10073=CARTESIAN_POINT('',(-23.2,3.5,-40.7));
#10074=CARTESIAN_POINT('',(-22.6,2.9,-20.65));
#10075=CARTESIAN_POINT('Origin',(11.3,3.2,-41.));
#10076=CARTESIAN_POINT('',(11.3,2.9,-41.3));
#10077=CARTESIAN_POINT('Origin',(22.6,0.,-41.3));
#10078=CARTESIAN_POINT('',(22.6,-5.9,-41.3));
#10079=CARTESIAN_POINT('',(22.6,0.,-41.3));
#10080=CARTESIAN_POINT('',(-22.6,-5.9,-41.3));
#10081=CARTESIAN_POINT('',(11.3,-5.9,-41.3));
#10082=CARTESIAN_POINT('',(-22.6,0.,-41.3));
#10083=CARTESIAN_POINT('Origin',(22.6,0.,-86.5));
#10084=CARTESIAN_POINT('',(22.6,-5.9,-86.5));
#10085=CARTESIAN_POINT('',(22.6,0.,-86.5));
#10086=CARTESIAN_POINT('',(22.6,-5.9,-75.2));
#10087=CARTESIAN_POINT('Origin',(-23.2,-5.9,-52.6));
#10088=CARTESIAN_POINT('',(-23.2,-6.5,-40.7));
#10089=CARTESIAN_POINT('',(-23.2,-6.5,-87.1));
#10090=CARTESIAN_POINT('',(-23.2,-6.5,-52.6));
#10091=CARTESIAN_POINT('',(-22.6,-5.9,-86.5));
#10092=CARTESIAN_POINT('Origin',(-23.2,-5.9,-87.1));
#10093=CARTESIAN_POINT('',(-22.6,-5.9,-52.6));
#10094=CARTESIAN_POINT('Origin',(-23.2,-5.9,-40.7));
#10095=CARTESIAN_POINT('Origin',(-11.3,-5.9,-87.1));
#10096=CARTESIAN_POINT('',(23.2,-6.5,-87.1));
#10097=CARTESIAN_POINT('',(-11.3,-6.5,-87.1));
#10098=CARTESIAN_POINT('Origin',(23.2,-5.9,-87.1));
#10099=CARTESIAN_POINT('',(-11.3,-5.9,-86.5));
#10100=CARTESIAN_POINT('Origin',(23.2,-5.9,-75.2));
#10101=CARTESIAN_POINT('',(23.2,-6.5,-40.7));
#10102=CARTESIAN_POINT('',(23.2,-6.5,-75.2));
#10103=CARTESIAN_POINT('Origin',(23.2,-5.9,-40.7));
#10104=CARTESIAN_POINT('Origin',(11.3,-5.9,-40.7));
#10105=CARTESIAN_POINT('',(11.3,-6.5,-40.7));
#10106=CARTESIAN_POINT('Origin',(-22.6,0.,-41.3));
#10107=CARTESIAN_POINT('',(-22.6,0.,-86.5));
#10108=CARTESIAN_POINT('Origin',(0.,-6.5,-63.9));
#10109=CARTESIAN_POINT('',(21.75,-6.5,-33.75));
#10110=CARTESIAN_POINT('',(25.15,-6.5,-37.15));
#10111=CARTESIAN_POINT('Origin',(21.75,-6.5,-37.15));
#10112=CARTESIAN_POINT('',(-21.75,-6.5,-33.75));
#10113=CARTESIAN_POINT('',(12.875,-6.5,-33.75));
#10114=CARTESIAN_POINT('',(-25.15,-6.5,-37.15));
#10115=CARTESIAN_POINT('Origin',(-21.75,-6.5,-37.15));
#10116=CARTESIAN_POINT('',(-25.15,-6.5,-90.65));
#10117=CARTESIAN_POINT('',(-25.15,-6.5,-48.525));
#10118=CARTESIAN_POINT('',(-21.75,-6.5,-94.05));
#10119=CARTESIAN_POINT('Origin',(-21.75,-6.5,-90.65));
#10120=CARTESIAN_POINT('',(21.75,-6.5,-94.05));
#10121=CARTESIAN_POINT('',(-12.875,-6.5,-94.05));
#10122=CARTESIAN_POINT('',(25.15,-6.5,-90.65));
#10123=CARTESIAN_POINT('Origin',(21.75,-6.5,-90.65));
#10124=CARTESIAN_POINT('',(25.15,-6.5,-79.275));
#10125=CARTESIAN_POINT('Origin',(21.75,-5.9,-37.15));
#10126=CARTESIAN_POINT('',(21.75,-5.9,-33.15));
#10127=CARTESIAN_POINT('Origin',(21.75,-5.9,-33.75));
#10128=CARTESIAN_POINT('',(25.75,-5.9,-37.15));
#10129=CARTESIAN_POINT('Origin',(25.15,-5.9,-37.15));
#10130=CARTESIAN_POINT('Origin',(21.75,-5.9,-37.15));
#10131=CARTESIAN_POINT('Origin',(25.15,-5.9,-79.275));
#10132=CARTESIAN_POINT('',(25.75,-5.9,-90.65));
#10133=CARTESIAN_POINT('Origin',(25.15,-5.9,-90.65));
#10134=CARTESIAN_POINT('',(25.75,-5.9,-79.275));
#10135=CARTESIAN_POINT('Origin',(21.75,-5.9,-90.65));
#10136=CARTESIAN_POINT('',(21.75,-5.9,-94.65));
#10137=CARTESIAN_POINT('Origin',(21.75,-5.9,-94.05));
#10138=CARTESIAN_POINT('Origin',(21.75,-5.9,-90.65));
#10139=CARTESIAN_POINT('Origin',(-12.875,-5.9,-94.05));
#10140=CARTESIAN_POINT('',(-21.75,-5.9,-94.65));
#10141=CARTESIAN_POINT('Origin',(-21.75,-5.9,-94.05));
#10142=CARTESIAN_POINT('',(-12.875,-5.9,-94.65));
#10143=CARTESIAN_POINT('Origin',(-21.75,-5.9,-90.65));
#10144=CARTESIAN_POINT('',(-25.75,-5.9,-90.65));
#10145=CARTESIAN_POINT('Origin',(-25.15,-5.9,-90.65));
#10146=CARTESIAN_POINT('Origin',(-21.75,-5.9,-90.65));
#10147=CARTESIAN_POINT('Origin',(-25.15,-5.9,-48.525));
#10148=CARTESIAN_POINT('',(-25.75,-5.9,-37.15));
#10149=CARTESIAN_POINT('Origin',(-25.15,-5.9,-37.15));
#10150=CARTESIAN_POINT('',(-25.75,-5.9,-48.525));
#10151=CARTESIAN_POINT('Origin',(-21.75,-5.9,-37.15));
#10152=CARTESIAN_POINT('',(-21.75,-5.9,-33.15));
#10153=CARTESIAN_POINT('Origin',(-21.75,-5.9,-33.75));
#10154=CARTESIAN_POINT('Origin',(-21.75,-5.9,-37.15));
#10155=CARTESIAN_POINT('Origin',(12.875,-5.9,-33.75));
#10156=CARTESIAN_POINT('',(12.875,-5.9,-33.15));
#10157=CARTESIAN_POINT('Origin',(-25.75,0.,-33.15));
#10158=CARTESIAN_POINT('',(-25.75,-2.,-37.15));
#10159=CARTESIAN_POINT('',(-25.75,0.,-37.15));
#10160=CARTESIAN_POINT('',(-25.75,-2.,-16.575));
#10161=CARTESIAN_POINT('',(-25.75,0.,-90.65));
#10162=CARTESIAN_POINT('Origin',(-21.75,0.,-37.15));
#10163=CARTESIAN_POINT('',(-21.75,-2.,-33.15));
#10164=CARTESIAN_POINT('',(-21.75,0.,-33.15));
#10165=CARTESIAN_POINT('Origin',(-21.75,-2.,-37.15));
#10166=CARTESIAN_POINT('Origin',(25.75,0.,-33.15));
#10167=CARTESIAN_POINT('',(21.75,-2.,-33.15));
#10168=CARTESIAN_POINT('',(21.75,0.,-33.15));
#10169=CARTESIAN_POINT('',(12.875,-2.,-33.15));
#10170=CARTESIAN_POINT('Origin',(21.75,0.,-37.15));
#10171=CARTESIAN_POINT('',(25.75,-2.,-37.15));
#10172=CARTESIAN_POINT('',(25.75,0.,-37.15));
#10173=CARTESIAN_POINT('Origin',(21.75,-2.,-37.15));
#10174=CARTESIAN_POINT('Origin',(-21.75,-2.,-37.15));
#10175=CARTESIAN_POINT('Origin',(-21.75,-2.,-31.15));
#10176=CARTESIAN_POINT('Origin',(-27.75,-2.,-37.15));
#10177=CARTESIAN_POINT('Origin',(-27.75,-2.,-16.575));
#10178=CARTESIAN_POINT('Origin',(27.75,-2.,-47.325));
#10179=CARTESIAN_POINT('Origin',(27.75,-2.,-37.15));
#10180=CARTESIAN_POINT('',(25.75,-2.,-47.325));
#10181=CARTESIAN_POINT('Origin',(21.75,-2.,-37.15));
#10182=CARTESIAN_POINT('Origin',(21.75,-2.,-31.15));
#10183=CARTESIAN_POINT('Origin',(12.875,-2.,-31.15));
#10184=CARTESIAN_POINT('Origin',(-21.75,0.,-90.65));
#10185=CARTESIAN_POINT('',(-21.75,0.,-94.65));
#10186=CARTESIAN_POINT('Origin',(-25.75,0.,-94.65));
#10187=CARTESIAN_POINT('',(21.75,0.,-94.65));
#10188=CARTESIAN_POINT('Origin',(21.75,0.,-90.65));
#10189=CARTESIAN_POINT('',(25.75,0.,-90.65));
#10190=CARTESIAN_POINT('Origin',(-30.,0.,-104.5));
#10191=CARTESIAN_POINT('',(-30.,0.,-108.5));
#10192=CARTESIAN_POINT('Origin',(34.,-3.4833395016046,-108.5));
#10193=CARTESIAN_POINT('',(24.25,-1.07179676972449,-99.5));
#10194=CARTESIAN_POINT('Origin',(26.,-1.07179676972449,-99.5));
#10195=CARTESIAN_POINT('',(-27.75,-1.07179676972449,-99.5));
#10196=CARTESIAN_POINT('Origin',(-26.,-1.07179676972449,-99.5));
#10197=CARTESIAN_POINT('Origin',(34.,0.,-108.5));
#10198=CARTESIAN_POINT('',(30.,0.,-108.5));
#10199=CARTESIAN_POINT('Origin',(30.,0.,-104.5));
#10200=CARTESIAN_POINT('',(34.,0.,-104.5));
#10201=CARTESIAN_POINT('Origin',(25.75,0.,-94.65));
#10202=CARTESIAN_POINT('Origin',(26.,0.,-2.5));
#10203=CARTESIAN_POINT('',(24.25,0.,-2.5));
#10204=CARTESIAN_POINT('Origin',(-4.79128784747794,0.,9.));
#10205=CARTESIAN_POINT('Origin',(-2.5,0.,64.5));
#10206=CARTESIAN_POINT('Origin',(29.,0.,92.5));
#10207=CARTESIAN_POINT('',(27.25,0.,92.5));
#10208=CARTESIAN_POINT('Origin',(-26.,0.,-2.5));
#10209=CARTESIAN_POINT('',(-27.75,0.,-2.5));
#10210=CARTESIAN_POINT('Origin',(-26.,0.,-99.5));
#10211=CARTESIAN_POINT('',(-27.75,0.,-99.5));
#10212=CARTESIAN_POINT('Origin',(26.,0.,-99.5));
#10213=CARTESIAN_POINT('',(24.25,0.,-99.5));
#10214=CARTESIAN_POINT('Origin',(-22.6,0.,-86.5));
#10215=CARTESIAN_POINT('Origin',(-16.,0.,92.5));
#10216=CARTESIAN_POINT('',(-17.75,0.,92.5));
#10217=CARTESIAN_POINT('Origin',(34.,0.,108.5));
#10218=UNCERTAINTY_MEASURE_WITH_UNIT(LENGTH_MEASURE(0.01),#10222,
'DISTANCE_ACCURACY_VALUE',
'Maximum model space distance between geometric entities at asserted c
onnectivities');
#10219=UNCERTAINTY_MEASURE_WITH_UNIT(LENGTH_MEASURE(0.01),#10222,
'DISTANCE_ACCURACY_VALUE',
'Maximum model space distance between geometric entities at asserted c
onnectivities');
#10220=(
GEOMETRIC_REPRESENTATION_CONTEXT(3)
GLOBAL_UNCERTAINTY_ASSIGNED_CONTEXT((#10218))
GLOBAL_UNIT_ASSIGNED_CONTEXT((#10222,#10224,#10225))
REPRESENTATION_CONTEXT('','3D')
);
#10221=(
GEOMETRIC_REPRESENTATION_CONTEXT(3)
GLOBAL_UNCERTAINTY_ASSIGNED_CONTEXT((#10219))
GLOBAL_UNIT_ASSIGNED_CONTEXT((#10222,#10224,#10225))
REPRESENTATION_CONTEXT('','3D')
);
#10222=(
LENGTH_UNIT()
NAMED_UNIT(*)
SI_UNIT(.MILLI.,.METRE.)
);
#10223=(
LENGTH_UNIT()
NAMED_UNIT(*)
SI_UNIT($,.METRE.)
);
#10224=(
NAMED_UNIT(*)
PLANE_ANGLE_UNIT()
SI_UNIT($,.RADIAN.)
);
#10225=(
NAMED_UNIT(*)
SI_UNIT($,.STERADIAN.)
SOLID_ANGLE_UNIT()
);
#10226=SHAPE_DEFINITION_REPRESENTATION(#10227,#10228);
#10227=PRODUCT_DEFINITION_SHAPE('',$,#10230);
#10228=SHAPE_REPRESENTATION('',(#5708),#10220);
#10229=PRODUCT_DEFINITION_CONTEXT('part definition',#10234,'design');
#10230=PRODUCT_DEFINITION('FacePlate_BOV650','FacePlate_BOV650 v0',#10231,
#10229);
#10231=PRODUCT_DEFINITION_FORMATION('',$,#10236);
#10232=PRODUCT_RELATED_PRODUCT_CATEGORY('FacePlate_BOV650 v0',
'FacePlate_BOV650 v0',(#10236));
#10233=APPLICATION_PROTOCOL_DEFINITION('international standard',
'automotive_design',2009,#10234);
#10234=APPLICATION_CONTEXT(
'Core Data for Automotive Mechanical Design Process');
#10235=PRODUCT_CONTEXT('part definition',#10234,'mechanical');
#10236=PRODUCT('FacePlate_BOV650','FacePlate_BOV650 v0',$,(#10235));
#10237=PRESENTATION_STYLE_ASSIGNMENT((#10238));
#10238=SURFACE_STYLE_USAGE(.BOTH.,#10239);
#10239=SURFACE_SIDE_STYLE('',(#10240));
#10240=SURFACE_STYLE_FILL_AREA(#10241);
#10241=FILL_AREA_STYLE('Steel - Satin',(#10242));
#10242=FILL_AREA_STYLE_COLOUR('Steel - Satin',#10243);
#10243=COLOUR_RGB('Steel - Satin',0.627450980392157,0.627450980392157,0.627450980392157);
ENDSEC;
END-ISO-10303-21;
